{
  "config": {
    "n_vectors": 100000,
    "dimensions": 256,
    "n_queries": 50
  },
  "brute_force": {
    "avg_ms": 32.70122914000003,
    "p95_ms": 34.70556250000026,
    "p99_ms": 37.707942169999946,
    "min_ms": 30.278583000000083,
    "max_ms": 39.59158400000007
  },
  "hnsw": {
    "avg_ms": 1.3965141200060316,
    "p95_ms": 1.4674184499483545,
    "p99_ms": 1.6018374200211836,
    "min_ms": 1.3704579999966882,
    "max_ms": 1.6643330000079004
  },
  "speedup": 23.416325457460317
}