2026-02-04 19:19:45,949 - __main__ - INFO - Starting Vector Database API on 0.0.0.0:8000
2026-02-04 19:19:45,949 - __main__ - INFO - Workers: 1, Reload: False
2026-02-04 19:19:45,949 - __main__ - INFO - API Documentation available at /docs
2026-02-04 19:19:47,345 - infrastructure.repositories.library_repository - INFO - Using Rust HNSW backend (4-5x faster)
2026-02-04 19:19:47,559 - app.services.embedding_service - INFO - Initialized EmbeddingService with model=embed-english-v3.0, input_type=search_document, dimension=None
2026-02-04 19:19:47,560 - app.events.bus - INFO - SignalBus initialized
2026-02-04 19:19:47,561 - infrastructure.persistence.wal - INFO - Opened existing WAL file: /home/bledden/arrwDB/data/wal/wal_00000001.log (size: 903 bytes)
2026-02-04 19:19:47,561 - infrastructure.persistence.snapshot - INFO - Loading snapshot: /home/bledden/arrwDB/data/snapshots/snapshot_20260204_122824_230292.pkl
2026-02-04 19:19:47,561 - infrastructure.persistence.snapshot - INFO - Loaded snapshot from 2026-02-04T12:28:24.230292
2026-02-04 19:19:47,561 - infrastructure.repositories.library_repository - INFO - Loading snapshot from 2026-02-04 12:28:24.230292
2026-02-04 19:19:47,561 - infrastructure.repositories.library_repository - INFO - Restoring 0 libraries from snapshot...
2026-02-04 19:19:47,561 - infrastructure.repositories.library_repository - INFO - Successfully restored 0 libraries
2026-02-04 19:19:48 - app.telemetry - INFO - Sentry initialized (environment=production)
2026-02-04 19:19:48 - app.api.main - INFO - CORS enabled with origins: ['*']
2026-02-04 19:19:48 - app.api.main - INFO - Security headers middleware enabled
2026-02-04 19:19:48 - app.api.main - INFO - Request size limit: 100MB
2026-02-04 19:19:48 - app.api.main - INFO - Request ID tracking enabled
INFO:     Started server process [23808]
INFO:     Waiting for application startup.
2026-02-04 19:19:48 - app.api.main - INFO - ============================================================
2026-02-04 19:19:48 - app.api.main - INFO - Vector Database API Starting
2026-02-04 19:19:48 - app.api.main - INFO - ============================================================
2026-02-04 19:19:48 - app.api.main - INFO - Server: 0.0.0.0:8000
2026-02-04 19:19:48 - app.api.main - INFO - Workers: 16
2026-02-04 19:19:48 - app.api.main - INFO - Rate Limiting: Disabled
2026-02-04 19:19:48 - app.api.main - INFO - Embedding Dimension: 1024
2026-02-04 19:19:48 - app.api.main - INFO - Max Chunks/Document: 1000
2026-02-04 19:19:48 - app.api.main - INFO - Max Text Length/Chunk: 10000
2026-02-04 19:19:48 - app.api.main - INFO - Max Search Results: 100
2026-02-04 19:19:48 - app.api.main - INFO - Max Query Length: 1000
2026-02-04 19:19:48 - app.api.main - WARNING - ⚠️  Running with multiple workers. Be aware of in-memory state limitations.
2026-02-04 19:19:48 - app.events.bus - INFO - SignalBus captured event loop: <uvloop.Loop running=True closed=False debug=False>
2026-02-04 19:19:48 - app.events.bus - INFO - SignalBus started
2026-02-04 19:19:48 - app.api.main - INFO - ✓ Event bus started for real-time notifications
2026-02-04 19:19:48 - app.websockets.manager - INFO - ConnectionManager initialized
2026-02-04 19:19:48 - app.events.bus - INFO - Subscribed to ALL events: forward_event_to_websockets
2026-02-04 19:19:48 - app.api.main - INFO - ✓ WebSocket event forwarding enabled
2026-02-04 19:19:48 - app.jobs.queue - INFO - BackgroundReactor initialized with 4 workers
2026-02-04 19:19:48 - app.jobs.queue - INFO - BackgroundReactor captured event loop: <uvloop.Loop running=True closed=False debug=False>
2026-02-04 19:19:48 - app.jobs.queue - INFO - BackgroundReactor started with 4 workers
2026-02-04 19:19:48 - app.api.main - INFO - ✓ Job queue started for background operations
2026-02-04 19:19:48 - app.jobs.queue - INFO - Registered handler for batch_import
2026-02-04 19:19:48 - app.jobs.queue - INFO - Registered handler for index_rebuild
2026-02-04 19:19:48 - app.jobs.queue - INFO - Registered handler for index_optimize
2026-02-04 19:19:48 - app.jobs.queue - INFO - Registered handler for regenerate_embeddings
2026-02-04 19:19:48 - app.jobs.queue - INFO - Registered handler for batch_delete
2026-02-04 19:19:48 - app.jobs.queue - INFO - Registered handler for batch_export
2026-02-04 19:19:48 - app.jobs.handlers - INFO - Registered all default job handlers
2026-02-04 19:19:48 - app.api.main - INFO - ✓ Job handlers registered
2026-02-04 19:19:48 - app.api.main - INFO - ============================================================
2026-02-04 19:19:48 - app.events.bus - INFO - SignalBus worker started
2026-02-04 19:19:48 - app.jobs.queue - INFO - Worker 0 started
2026-02-04 19:19:48 - app.jobs.queue - INFO - Worker 1 started
2026-02-04 19:19:48 - app.jobs.queue - INFO - Worker 2 started
2026-02-04 19:19:48 - app.jobs.queue - INFO - Worker 3 started
INFO:     Application startup complete.
INFO:     Uvicorn running on http://0.0.0.0:8000 (Press CTRL+C to quit)
INFO:     127.0.0.1:57088 - "GET /health HTTP/1.1" 200 OK
INFO:     127.0.0.1:57096 - "GET /health HTTP/1.1" 200 OK
INFO:     127.0.0.1:57108 - "GET /health HTTP/1.1" 200 OK
2026-02-04 19:20:29 - app.services.library_service - INFO - Creating corpus 'benchmark_random_1770232829' with index type 'hnsw'
2026-02-04 19:20:29 - infrastructure.repositories.library_repository - INFO - Publishing event library.created to event bus
2026-02-04 19:20:29 - infrastructure.repositories.library_repository - INFO - Event library.created queued successfully
2026-02-04 19:20:29 - app.services.library_service - INFO - Created corpus 806c13c2-01af-4ef3-9094-6bab514d631e named 'benchmark_random_1770232829'
INFO:     127.0.0.1:41536 - "POST /v1/libraries HTTP/1.1" 201 Created
2026-02-04 19:20:30 - app.services.library_service - INFO - Adding document 'batch_0' with 1000 pre-computed chunks to corpus 806c13c2-01af-4ef3-9094-6bab514d631e
2026-02-04 19:21:31 - infrastructure.repositories.library_repository - INFO - Publishing event document.added to event bus
2026-02-04 19:21:31 - infrastructure.repositories.library_repository - INFO - Event document.added queued successfully
2026-02-04 19:21:31 - app.services.library_service - INFO - Added document f9c85a9d-b538-437b-ace7-bed649972614 with 1000 chunks to corpus 806c13c2-01af-4ef3-9094-6bab514d631e
INFO:     127.0.0.1:41536 - "POST /v1/libraries/806c13c2-01af-4ef3-9094-6bab514d631e/documents/with-embeddings HTTP/1.1" 201 Created
2026-02-04 19:21:33 - app.services.library_service - INFO - Adding document 'batch_1' with 1000 pre-computed chunks to corpus 806c13c2-01af-4ef3-9094-6bab514d631e
2026-02-04 19:23:26 - infrastructure.repositories.library_repository - INFO - Publishing event document.added to event bus
2026-02-04 19:23:26 - infrastructure.repositories.library_repository - INFO - Event document.added queued successfully
2026-02-04 19:23:26 - app.services.library_service - INFO - Added document 96590dae-1a1b-4f8f-b611-da043fdfc455 with 1000 chunks to corpus 806c13c2-01af-4ef3-9094-6bab514d631e
INFO:     127.0.0.1:41536 - "POST /v1/libraries/806c13c2-01af-4ef3-9094-6bab514d631e/documents/with-embeddings HTTP/1.1" 201 Created
2026-02-04 19:23:28 - app.services.library_service - INFO - Adding document 'batch_2' with 1000 pre-computed chunks to corpus 806c13c2-01af-4ef3-9094-6bab514d631e
2026-02-04 19:25:51 - infrastructure.repositories.library_repository - INFO - Publishing event document.added to event bus
2026-02-04 19:25:51 - infrastructure.repositories.library_repository - INFO - Event document.added queued successfully
2026-02-04 19:25:51 - app.services.library_service - INFO - Added document c0770e39-a66a-48cc-9714-3012502f4ec2 with 1000 chunks to corpus 806c13c2-01af-4ef3-9094-6bab514d631e
INFO:     127.0.0.1:41536 - "POST /v1/libraries/806c13c2-01af-4ef3-9094-6bab514d631e/documents/with-embeddings HTTP/1.1" 201 Created
2026-02-04 19:25:53 - app.services.library_service - INFO - Adding document 'batch_3' with 1000 pre-computed chunks to corpus 806c13c2-01af-4ef3-9094-6bab514d631e
2026-02-04 19:28:39 - infrastructure.repositories.library_repository - INFO - Publishing event document.added to event bus
2026-02-04 19:28:39 - infrastructure.repositories.library_repository - INFO - Event document.added queued successfully
2026-02-04 19:28:39 - app.services.library_service - INFO - Added document 13001382-9a22-4f9b-9df6-cc8afd6ef72f with 1000 chunks to corpus 806c13c2-01af-4ef3-9094-6bab514d631e
INFO:     127.0.0.1:41536 - "POST /v1/libraries/806c13c2-01af-4ef3-9094-6bab514d631e/documents/with-embeddings HTTP/1.1" 201 Created
2026-02-04 19:28:42 - app.services.library_service - INFO - Adding document 'batch_4' with 1000 pre-computed chunks to corpus 806c13c2-01af-4ef3-9094-6bab514d631e
2026-02-04 19:31:49 - infrastructure.repositories.library_repository - INFO - Publishing event document.added to event bus
2026-02-04 19:31:49 - infrastructure.repositories.library_repository - INFO - Event document.added queued successfully
2026-02-04 19:31:49 - app.services.library_service - INFO - Added document 27373571-a5a0-4844-b9f9-d3509e761dbd with 1000 chunks to corpus 806c13c2-01af-4ef3-9094-6bab514d631e
INFO:     127.0.0.1:41536 - "POST /v1/libraries/806c13c2-01af-4ef3-9094-6bab514d631e/documents/with-embeddings HTTP/1.1" 201 Created
2026-02-04 19:31:51 - app.services.library_service - INFO - Adding document 'batch_5' with 1000 pre-computed chunks to corpus 806c13c2-01af-4ef3-9094-6bab514d631e
2026-02-04 19:35:15 - infrastructure.repositories.library_repository - INFO - Publishing event document.added to event bus
2026-02-04 19:35:15 - infrastructure.repositories.library_repository - INFO - Event document.added queued successfully
2026-02-04 19:35:15 - app.services.library_service - INFO - Added document 87cc8740-901e-4bdd-8994-a30ce47716ff with 1000 chunks to corpus 806c13c2-01af-4ef3-9094-6bab514d631e
INFO:     127.0.0.1:41536 - "POST /v1/libraries/806c13c2-01af-4ef3-9094-6bab514d631e/documents/with-embeddings HTTP/1.1" 201 Created
2026-02-04 19:35:17 - app.services.library_service - INFO - Adding document 'batch_6' with 1000 pre-computed chunks to corpus 806c13c2-01af-4ef3-9094-6bab514d631e
2026-02-04 19:38:56 - infrastructure.repositories.library_repository - INFO - Publishing event document.added to event bus
2026-02-04 19:38:56 - infrastructure.repositories.library_repository - INFO - Event document.added queued successfully
2026-02-04 19:38:56 - app.services.library_service - INFO - Added document d756c3f3-28c2-4745-b8db-1f47e35d73c9 with 1000 chunks to corpus 806c13c2-01af-4ef3-9094-6bab514d631e
INFO:     127.0.0.1:41536 - "POST /v1/libraries/806c13c2-01af-4ef3-9094-6bab514d631e/documents/with-embeddings HTTP/1.1" 201 Created
2026-02-04 19:38:58 - app.services.library_service - INFO - Adding document 'batch_7' with 1000 pre-computed chunks to corpus 806c13c2-01af-4ef3-9094-6bab514d631e
2026-02-04 19:42:53 - infrastructure.repositories.library_repository - INFO - Publishing event document.added to event bus
2026-02-04 19:42:53 - infrastructure.repositories.library_repository - INFO - Event document.added queued successfully
2026-02-04 19:42:53 - app.services.library_service - INFO - Added document 7ff19a43-d713-490f-b48b-92fae14c07e9 with 1000 chunks to corpus 806c13c2-01af-4ef3-9094-6bab514d631e
INFO:     127.0.0.1:41536 - "POST /v1/libraries/806c13c2-01af-4ef3-9094-6bab514d631e/documents/with-embeddings HTTP/1.1" 201 Created
2026-02-04 19:42:56 - app.services.library_service - INFO - Adding document 'batch_8' with 1000 pre-computed chunks to corpus 806c13c2-01af-4ef3-9094-6bab514d631e
2026-02-04 19:47:05 - infrastructure.repositories.library_repository - INFO - Publishing event document.added to event bus
2026-02-04 19:47:05 - infrastructure.repositories.library_repository - INFO - Event document.added queued successfully
2026-02-04 19:47:05 - app.services.library_service - INFO - Added document 39ce45ba-d36c-4f7e-8c85-a87a436dadc8 with 1000 chunks to corpus 806c13c2-01af-4ef3-9094-6bab514d631e
INFO:     127.0.0.1:41536 - "POST /v1/libraries/806c13c2-01af-4ef3-9094-6bab514d631e/documents/with-embeddings HTTP/1.1" 201 Created
2026-02-04 19:47:08 - app.services.library_service - INFO - Adding document 'batch_9' with 1000 pre-computed chunks to corpus 806c13c2-01af-4ef3-9094-6bab514d631e
2026-02-04 19:51:30 - infrastructure.repositories.library_repository - INFO - Publishing event document.added to event bus
2026-02-04 19:51:30 - infrastructure.repositories.library_repository - INFO - Event document.added queued successfully
2026-02-04 19:51:30 - app.services.library_service - INFO - Added document 027356a5-8b13-48d6-b48e-03d984e07e6f with 1000 chunks to corpus 806c13c2-01af-4ef3-9094-6bab514d631e
INFO:     127.0.0.1:41536 - "POST /v1/libraries/806c13c2-01af-4ef3-9094-6bab514d631e/documents/with-embeddings HTTP/1.1" 201 Created
2026-02-04 19:51:32 - app.services.library_service - INFO - Adding document 'batch_10' with 1000 pre-computed chunks to corpus 806c13c2-01af-4ef3-9094-6bab514d631e
2026-02-04 19:56:07 - infrastructure.repositories.library_repository - INFO - Publishing event document.added to event bus
2026-02-04 19:56:07 - infrastructure.repositories.library_repository - INFO - Event document.added queued successfully
2026-02-04 19:56:07 - app.services.library_service - INFO - Added document c3ec049e-fd8e-4edf-8785-51ea841ad353 with 1000 chunks to corpus 806c13c2-01af-4ef3-9094-6bab514d631e
INFO:     127.0.0.1:41536 - "POST /v1/libraries/806c13c2-01af-4ef3-9094-6bab514d631e/documents/with-embeddings HTTP/1.1" 201 Created
2026-02-04 19:56:09 - app.services.library_service - INFO - Adding document 'batch_11' with 1000 pre-computed chunks to corpus 806c13c2-01af-4ef3-9094-6bab514d631e
2026-02-04 20:00:55 - infrastructure.repositories.library_repository - INFO - Publishing event document.added to event bus
2026-02-04 20:00:55 - infrastructure.repositories.library_repository - INFO - Event document.added queued successfully
2026-02-04 20:00:55 - app.services.library_service - INFO - Added document 5fd76547-db45-485b-acc2-bd84676046ae with 1000 chunks to corpus 806c13c2-01af-4ef3-9094-6bab514d631e
INFO:     127.0.0.1:41536 - "POST /v1/libraries/806c13c2-01af-4ef3-9094-6bab514d631e/documents/with-embeddings HTTP/1.1" 201 Created
2026-02-04 20:00:58 - app.services.library_service - INFO - Adding document 'batch_12' with 1000 pre-computed chunks to corpus 806c13c2-01af-4ef3-9094-6bab514d631e
2026-02-04 20:05:54 - infrastructure.repositories.library_repository - INFO - Publishing event document.added to event bus
2026-02-04 20:05:54 - infrastructure.repositories.library_repository - INFO - Event document.added queued successfully
2026-02-04 20:05:54 - app.services.library_service - INFO - Added document aea19405-0cea-454f-98c8-be44e73002bc with 1000 chunks to corpus 806c13c2-01af-4ef3-9094-6bab514d631e
INFO:     127.0.0.1:41536 - "POST /v1/libraries/806c13c2-01af-4ef3-9094-6bab514d631e/documents/with-embeddings HTTP/1.1" 201 Created
2026-02-04 20:05:56 - app.services.library_service - INFO - Adding document 'batch_13' with 1000 pre-computed chunks to corpus 806c13c2-01af-4ef3-9094-6bab514d631e
2026-02-04 20:11:00 - infrastructure.repositories.library_repository - INFO - Publishing event document.added to event bus
2026-02-04 20:11:00 - infrastructure.repositories.library_repository - INFO - Event document.added queued successfully
2026-02-04 20:11:00 - app.services.library_service - INFO - Added document 9581a374-05aa-44b3-b2a2-71756d3810e4 with 1000 chunks to corpus 806c13c2-01af-4ef3-9094-6bab514d631e
INFO:     127.0.0.1:41536 - "POST /v1/libraries/806c13c2-01af-4ef3-9094-6bab514d631e/documents/with-embeddings HTTP/1.1" 201 Created
2026-02-04 20:11:02 - app.services.library_service - INFO - Adding document 'batch_14' with 1000 pre-computed chunks to corpus 806c13c2-01af-4ef3-9094-6bab514d631e
2026-02-04 20:16:14 - infrastructure.repositories.library_repository - INFO - Publishing event document.added to event bus
2026-02-04 20:16:14 - infrastructure.repositories.library_repository - INFO - Event document.added queued successfully
2026-02-04 20:16:14 - app.services.library_service - INFO - Added document 0bf8fe70-0284-401a-8557-83fb46afe851 with 1000 chunks to corpus 806c13c2-01af-4ef3-9094-6bab514d631e
INFO:     127.0.0.1:41536 - "POST /v1/libraries/806c13c2-01af-4ef3-9094-6bab514d631e/documents/with-embeddings HTTP/1.1" 201 Created
2026-02-04 20:16:17 - app.services.library_service - INFO - Adding document 'batch_15' with 1000 pre-computed chunks to corpus 806c13c2-01af-4ef3-9094-6bab514d631e
2026-02-04 20:21:38 - infrastructure.repositories.library_repository - INFO - Publishing event document.added to event bus
2026-02-04 20:21:38 - infrastructure.repositories.library_repository - INFO - Event document.added queued successfully
2026-02-04 20:21:38 - app.services.library_service - INFO - Added document ec9288b6-621f-45f6-bf76-c4cb651e894c with 1000 chunks to corpus 806c13c2-01af-4ef3-9094-6bab514d631e
INFO:     127.0.0.1:41536 - "POST /v1/libraries/806c13c2-01af-4ef3-9094-6bab514d631e/documents/with-embeddings HTTP/1.1" 201 Created
2026-02-04 20:21:40 - app.services.library_service - INFO - Adding document 'batch_16' with 1000 pre-computed chunks to corpus 806c13c2-01af-4ef3-9094-6bab514d631e
2026-02-04 20:27:10 - infrastructure.repositories.library_repository - INFO - Publishing event document.added to event bus
2026-02-04 20:27:10 - infrastructure.repositories.library_repository - INFO - Event document.added queued successfully
2026-02-04 20:27:10 - app.services.library_service - INFO - Added document 45645475-8e32-441f-bae1-8080802842df with 1000 chunks to corpus 806c13c2-01af-4ef3-9094-6bab514d631e
INFO:     127.0.0.1:41536 - "POST /v1/libraries/806c13c2-01af-4ef3-9094-6bab514d631e/documents/with-embeddings HTTP/1.1" 201 Created
2026-02-04 20:27:12 - app.services.library_service - INFO - Adding document 'batch_17' with 1000 pre-computed chunks to corpus 806c13c2-01af-4ef3-9094-6bab514d631e
2026-02-04 20:32:47 - infrastructure.repositories.library_repository - INFO - Publishing event document.added to event bus
2026-02-04 20:32:47 - infrastructure.repositories.library_repository - INFO - Event document.added queued successfully
2026-02-04 20:32:47 - app.services.library_service - INFO - Added document c6e9d866-6863-4f49-80d8-1f6286ed566d with 1000 chunks to corpus 806c13c2-01af-4ef3-9094-6bab514d631e
INFO:     127.0.0.1:41536 - "POST /v1/libraries/806c13c2-01af-4ef3-9094-6bab514d631e/documents/with-embeddings HTTP/1.1" 201 Created
2026-02-04 20:32:49 - app.services.library_service - INFO - Adding document 'batch_18' with 1000 pre-computed chunks to corpus 806c13c2-01af-4ef3-9094-6bab514d631e
2026-02-04 20:38:28 - infrastructure.repositories.library_repository - INFO - Publishing event document.added to event bus
2026-02-04 20:38:28 - infrastructure.repositories.library_repository - INFO - Event document.added queued successfully
2026-02-04 20:38:28 - app.services.library_service - INFO - Added document ead98995-5308-44d2-9253-350395384e5c with 1000 chunks to corpus 806c13c2-01af-4ef3-9094-6bab514d631e
INFO:     127.0.0.1:41536 - "POST /v1/libraries/806c13c2-01af-4ef3-9094-6bab514d631e/documents/with-embeddings HTTP/1.1" 201 Created
2026-02-04 20:38:30 - app.services.library_service - INFO - Adding document 'batch_19' with 1000 pre-computed chunks to corpus 806c13c2-01af-4ef3-9094-6bab514d631e
2026-02-04 20:44:14 - infrastructure.repositories.library_repository - INFO - Publishing event document.added to event bus
2026-02-04 20:44:14 - infrastructure.repositories.library_repository - INFO - Event document.added queued successfully
2026-02-04 20:44:14 - app.services.library_service - INFO - Added document 32460835-bba3-43db-980d-7f4d114b8a82 with 1000 chunks to corpus 806c13c2-01af-4ef3-9094-6bab514d631e
INFO:     127.0.0.1:41536 - "POST /v1/libraries/806c13c2-01af-4ef3-9094-6bab514d631e/documents/with-embeddings HTTP/1.1" 201 Created
2026-02-04 20:44:16 - app.services.library_service - INFO - Adding document 'batch_20' with 1000 pre-computed chunks to corpus 806c13c2-01af-4ef3-9094-6bab514d631e
2026-02-04 20:50:04 - infrastructure.repositories.library_repository - INFO - Publishing event document.added to event bus
2026-02-04 20:50:04 - infrastructure.repositories.library_repository - INFO - Event document.added queued successfully
2026-02-04 20:50:04 - app.services.library_service - INFO - Added document 70cc08f2-690a-46ca-ab8f-d7a4944e29ac with 1000 chunks to corpus 806c13c2-01af-4ef3-9094-6bab514d631e
INFO:     127.0.0.1:41536 - "POST /v1/libraries/806c13c2-01af-4ef3-9094-6bab514d631e/documents/with-embeddings HTTP/1.1" 201 Created
2026-02-04 20:50:06 - app.services.library_service - INFO - Adding document 'batch_21' with 1000 pre-computed chunks to corpus 806c13c2-01af-4ef3-9094-6bab514d631e
2026-02-04 20:55:55 - infrastructure.repositories.library_repository - INFO - Publishing event document.added to event bus
2026-02-04 20:55:55 - infrastructure.repositories.library_repository - INFO - Event document.added queued successfully
2026-02-04 20:55:55 - app.services.library_service - INFO - Added document 77c2863e-5bbf-4a8d-afd5-d3c02d55a906 with 1000 chunks to corpus 806c13c2-01af-4ef3-9094-6bab514d631e
INFO:     127.0.0.1:41536 - "POST /v1/libraries/806c13c2-01af-4ef3-9094-6bab514d631e/documents/with-embeddings HTTP/1.1" 201 Created
2026-02-04 20:55:57 - app.services.library_service - INFO - Adding document 'batch_22' with 1000 pre-computed chunks to corpus 806c13c2-01af-4ef3-9094-6bab514d631e
2026-02-04 21:01:49 - infrastructure.repositories.library_repository - INFO - Publishing event document.added to event bus
2026-02-04 21:01:49 - infrastructure.repositories.library_repository - INFO - Event document.added queued successfully
2026-02-04 21:01:49 - app.services.library_service - INFO - Added document d271523c-a727-4b66-9083-2f4badf91cb3 with 1000 chunks to corpus 806c13c2-01af-4ef3-9094-6bab514d631e
INFO:     127.0.0.1:41536 - "POST /v1/libraries/806c13c2-01af-4ef3-9094-6bab514d631e/documents/with-embeddings HTTP/1.1" 201 Created
2026-02-04 21:01:51 - app.services.library_service - INFO - Adding document 'batch_23' with 1000 pre-computed chunks to corpus 806c13c2-01af-4ef3-9094-6bab514d631e
2026-02-04 21:07:43 - infrastructure.repositories.library_repository - INFO - Publishing event document.added to event bus
2026-02-04 21:07:43 - infrastructure.repositories.library_repository - INFO - Event document.added queued successfully
2026-02-04 21:07:43 - app.services.library_service - INFO - Added document 2cdeac37-9738-4058-bed9-8e81425f7663 with 1000 chunks to corpus 806c13c2-01af-4ef3-9094-6bab514d631e
INFO:     127.0.0.1:41536 - "POST /v1/libraries/806c13c2-01af-4ef3-9094-6bab514d631e/documents/with-embeddings HTTP/1.1" 201 Created
2026-02-04 21:07:45 - app.services.library_service - INFO - Adding document 'batch_24' with 1000 pre-computed chunks to corpus 806c13c2-01af-4ef3-9094-6bab514d631e
2026-02-04 21:13:40 - infrastructure.repositories.library_repository - INFO - Publishing event document.added to event bus
2026-02-04 21:13:40 - infrastructure.repositories.library_repository - INFO - Event document.added queued successfully
2026-02-04 21:13:40 - app.services.library_service - INFO - Added document 0e69cbbb-adf2-49d6-ab8d-7dfcf1d140bb with 1000 chunks to corpus 806c13c2-01af-4ef3-9094-6bab514d631e
INFO:     127.0.0.1:41536 - "POST /v1/libraries/806c13c2-01af-4ef3-9094-6bab514d631e/documents/with-embeddings HTTP/1.1" 201 Created
2026-02-04 21:13:42 - app.services.library_service - INFO - Adding document 'batch_25' with 1000 pre-computed chunks to corpus 806c13c2-01af-4ef3-9094-6bab514d631e
2026-02-04 21:19:37 - infrastructure.repositories.library_repository - INFO - Publishing event document.added to event bus
2026-02-04 21:19:37 - infrastructure.repositories.library_repository - INFO - Event document.added queued successfully
2026-02-04 21:19:37 - app.services.library_service - INFO - Added document 80eef580-937b-470f-a93a-8b858580c23e with 1000 chunks to corpus 806c13c2-01af-4ef3-9094-6bab514d631e
INFO:     127.0.0.1:41536 - "POST /v1/libraries/806c13c2-01af-4ef3-9094-6bab514d631e/documents/with-embeddings HTTP/1.1" 201 Created
2026-02-04 21:19:40 - app.services.library_service - INFO - Adding document 'batch_26' with 1000 pre-computed chunks to corpus 806c13c2-01af-4ef3-9094-6bab514d631e
2026-02-04 21:25:38 - infrastructure.repositories.library_repository - INFO - Publishing event document.added to event bus
2026-02-04 21:25:38 - infrastructure.repositories.library_repository - INFO - Event document.added queued successfully
2026-02-04 21:25:38 - app.services.library_service - INFO - Added document 93e53302-61e8-4c09-b8fe-012f8e22cfdb with 1000 chunks to corpus 806c13c2-01af-4ef3-9094-6bab514d631e
INFO:     127.0.0.1:41536 - "POST /v1/libraries/806c13c2-01af-4ef3-9094-6bab514d631e/documents/with-embeddings HTTP/1.1" 201 Created
2026-02-04 21:25:40 - app.services.library_service - INFO - Adding document 'batch_27' with 1000 pre-computed chunks to corpus 806c13c2-01af-4ef3-9094-6bab514d631e
2026-02-04 21:31:37 - infrastructure.repositories.library_repository - INFO - Publishing event document.added to event bus
2026-02-04 21:31:37 - infrastructure.repositories.library_repository - INFO - Event document.added queued successfully
2026-02-04 21:31:37 - app.services.library_service - INFO - Added document 79b4f594-6107-454d-ab67-a45f060fa0c1 with 1000 chunks to corpus 806c13c2-01af-4ef3-9094-6bab514d631e
INFO:     127.0.0.1:41536 - "POST /v1/libraries/806c13c2-01af-4ef3-9094-6bab514d631e/documents/with-embeddings HTTP/1.1" 201 Created
2026-02-04 21:31:39 - app.services.library_service - INFO - Adding document 'batch_28' with 1000 pre-computed chunks to corpus 806c13c2-01af-4ef3-9094-6bab514d631e
2026-02-04 21:37:40 - infrastructure.repositories.library_repository - INFO - Publishing event document.added to event bus
2026-02-04 21:37:40 - infrastructure.repositories.library_repository - INFO - Event document.added queued successfully
2026-02-04 21:37:40 - app.services.library_service - INFO - Added document 4b3b485f-c7bc-412c-b37c-35c738d5afb2 with 1000 chunks to corpus 806c13c2-01af-4ef3-9094-6bab514d631e
INFO:     127.0.0.1:41536 - "POST /v1/libraries/806c13c2-01af-4ef3-9094-6bab514d631e/documents/with-embeddings HTTP/1.1" 201 Created
2026-02-04 21:37:43 - app.services.library_service - INFO - Adding document 'batch_29' with 1000 pre-computed chunks to corpus 806c13c2-01af-4ef3-9094-6bab514d631e
2026-02-04 21:43:43 - infrastructure.repositories.library_repository - INFO - Publishing event document.added to event bus
2026-02-04 21:43:43 - infrastructure.repositories.library_repository - INFO - Event document.added queued successfully
2026-02-04 21:43:43 - app.services.library_service - INFO - Added document 32368ffa-d2a6-4f02-96f5-d3ad95150876 with 1000 chunks to corpus 806c13c2-01af-4ef3-9094-6bab514d631e
INFO:     127.0.0.1:41536 - "POST /v1/libraries/806c13c2-01af-4ef3-9094-6bab514d631e/documents/with-embeddings HTTP/1.1" 201 Created
2026-02-04 21:43:45 - app.services.library_service - INFO - Adding document 'batch_30' with 1000 pre-computed chunks to corpus 806c13c2-01af-4ef3-9094-6bab514d631e
2026-02-04 21:49:47 - infrastructure.repositories.library_repository - INFO - Publishing event document.added to event bus
2026-02-04 21:49:47 - infrastructure.repositories.library_repository - INFO - Event document.added queued successfully
2026-02-04 21:49:47 - app.services.library_service - INFO - Added document 763c0ad1-37ea-4cff-8be9-917d51b15e7b with 1000 chunks to corpus 806c13c2-01af-4ef3-9094-6bab514d631e
INFO:     127.0.0.1:41536 - "POST /v1/libraries/806c13c2-01af-4ef3-9094-6bab514d631e/documents/with-embeddings HTTP/1.1" 201 Created
2026-02-04 21:49:50 - app.services.library_service - INFO - Adding document 'batch_31' with 1000 pre-computed chunks to corpus 806c13c2-01af-4ef3-9094-6bab514d631e
2026-02-04 21:55:53 - infrastructure.repositories.library_repository - INFO - Publishing event document.added to event bus
2026-02-04 21:55:53 - infrastructure.repositories.library_repository - INFO - Event document.added queued successfully
2026-02-04 21:55:53 - app.services.library_service - INFO - Added document efdea0a3-a684-493d-8aa7-080062f3d362 with 1000 chunks to corpus 806c13c2-01af-4ef3-9094-6bab514d631e
INFO:     127.0.0.1:41536 - "POST /v1/libraries/806c13c2-01af-4ef3-9094-6bab514d631e/documents/with-embeddings HTTP/1.1" 201 Created
2026-02-04 21:55:55 - app.services.library_service - INFO - Adding document 'batch_32' with 1000 pre-computed chunks to corpus 806c13c2-01af-4ef3-9094-6bab514d631e
2026-02-04 22:01:59 - infrastructure.repositories.library_repository - INFO - Publishing event document.added to event bus
2026-02-04 22:01:59 - infrastructure.repositories.library_repository - INFO - Event document.added queued successfully
2026-02-04 22:01:59 - app.services.library_service - INFO - Added document 1e5c40e6-b019-46a2-a400-0351fff83f0a with 1000 chunks to corpus 806c13c2-01af-4ef3-9094-6bab514d631e
INFO:     127.0.0.1:41536 - "POST /v1/libraries/806c13c2-01af-4ef3-9094-6bab514d631e/documents/with-embeddings HTTP/1.1" 201 Created
2026-02-04 22:02:01 - app.services.library_service - INFO - Adding document 'batch_33' with 1000 pre-computed chunks to corpus 806c13c2-01af-4ef3-9094-6bab514d631e
2026-02-04 22:08:06 - infrastructure.repositories.library_repository - INFO - Publishing event document.added to event bus
2026-02-04 22:08:06 - infrastructure.repositories.library_repository - INFO - Event document.added queued successfully
2026-02-04 22:08:06 - app.services.library_service - INFO - Added document 9d9b0376-3275-46f4-9965-1899db8e9791 with 1000 chunks to corpus 806c13c2-01af-4ef3-9094-6bab514d631e
INFO:     127.0.0.1:41536 - "POST /v1/libraries/806c13c2-01af-4ef3-9094-6bab514d631e/documents/with-embeddings HTTP/1.1" 201 Created
2026-02-04 22:08:09 - app.services.library_service - INFO - Adding document 'batch_34' with 1000 pre-computed chunks to corpus 806c13c2-01af-4ef3-9094-6bab514d631e
2026-02-04 22:14:14 - infrastructure.repositories.library_repository - INFO - Publishing event document.added to event bus
2026-02-04 22:14:14 - infrastructure.repositories.library_repository - INFO - Event document.added queued successfully
2026-02-04 22:14:14 - app.services.library_service - INFO - Added document e60dd76e-d5bb-4eb3-883e-ed56a32f58c8 with 1000 chunks to corpus 806c13c2-01af-4ef3-9094-6bab514d631e
INFO:     127.0.0.1:41536 - "POST /v1/libraries/806c13c2-01af-4ef3-9094-6bab514d631e/documents/with-embeddings HTTP/1.1" 201 Created
2026-02-04 22:14:17 - app.services.library_service - INFO - Adding document 'batch_35' with 1000 pre-computed chunks to corpus 806c13c2-01af-4ef3-9094-6bab514d631e
2026-02-04 22:20:24 - infrastructure.repositories.library_repository - INFO - Publishing event document.added to event bus
2026-02-04 22:20:24 - infrastructure.repositories.library_repository - INFO - Event document.added queued successfully
2026-02-04 22:20:24 - app.services.library_service - INFO - Added document c22acd58-974b-4b30-b9bd-65032573e572 with 1000 chunks to corpus 806c13c2-01af-4ef3-9094-6bab514d631e
INFO:     127.0.0.1:41536 - "POST /v1/libraries/806c13c2-01af-4ef3-9094-6bab514d631e/documents/with-embeddings HTTP/1.1" 201 Created
2026-02-04 22:20:26 - app.services.library_service - INFO - Adding document 'batch_36' with 1000 pre-computed chunks to corpus 806c13c2-01af-4ef3-9094-6bab514d631e
2026-02-04 22:26:36 - infrastructure.repositories.library_repository - INFO - Publishing event document.added to event bus
2026-02-04 22:26:36 - infrastructure.repositories.library_repository - INFO - Event document.added queued successfully
2026-02-04 22:26:36 - app.services.library_service - INFO - Added document 67f568a7-82b5-491a-ae75-09d13fe39165 with 1000 chunks to corpus 806c13c2-01af-4ef3-9094-6bab514d631e
INFO:     127.0.0.1:41536 - "POST /v1/libraries/806c13c2-01af-4ef3-9094-6bab514d631e/documents/with-embeddings HTTP/1.1" 201 Created
2026-02-04 22:26:38 - app.services.library_service - INFO - Adding document 'batch_37' with 1000 pre-computed chunks to corpus 806c13c2-01af-4ef3-9094-6bab514d631e
2026-02-04 22:32:44 - infrastructure.repositories.library_repository - INFO - Publishing event document.added to event bus
2026-02-04 22:32:44 - infrastructure.repositories.library_repository - INFO - Event document.added queued successfully
2026-02-04 22:32:44 - app.services.library_service - INFO - Added document 6b0a0b95-1d1f-4c13-acf1-648a1b46bb17 with 1000 chunks to corpus 806c13c2-01af-4ef3-9094-6bab514d631e
INFO:     127.0.0.1:41536 - "POST /v1/libraries/806c13c2-01af-4ef3-9094-6bab514d631e/documents/with-embeddings HTTP/1.1" 201 Created
2026-02-04 22:32:46 - app.services.library_service - INFO - Adding document 'batch_38' with 1000 pre-computed chunks to corpus 806c13c2-01af-4ef3-9094-6bab514d631e
2026-02-04 22:38:55 - infrastructure.repositories.library_repository - INFO - Publishing event document.added to event bus
2026-02-04 22:38:55 - infrastructure.repositories.library_repository - INFO - Event document.added queued successfully
2026-02-04 22:38:55 - app.services.library_service - INFO - Added document 46c19540-525a-4f5b-ad6a-775b9401edbe with 1000 chunks to corpus 806c13c2-01af-4ef3-9094-6bab514d631e
INFO:     127.0.0.1:41536 - "POST /v1/libraries/806c13c2-01af-4ef3-9094-6bab514d631e/documents/with-embeddings HTTP/1.1" 201 Created
2026-02-04 22:38:57 - app.services.library_service - INFO - Adding document 'batch_39' with 1000 pre-computed chunks to corpus 806c13c2-01af-4ef3-9094-6bab514d631e
2026-02-04 22:45:06 - infrastructure.repositories.library_repository - INFO - Publishing event document.added to event bus
2026-02-04 22:45:06 - infrastructure.repositories.library_repository - INFO - Event document.added queued successfully
2026-02-04 22:45:06 - app.services.library_service - INFO - Added document 6cc7ede8-5567-463c-b16b-742a3fa5388a with 1000 chunks to corpus 806c13c2-01af-4ef3-9094-6bab514d631e
INFO:     127.0.0.1:41536 - "POST /v1/libraries/806c13c2-01af-4ef3-9094-6bab514d631e/documents/with-embeddings HTTP/1.1" 201 Created
2026-02-04 22:45:08 - app.services.library_service - INFO - Adding document 'batch_40' with 1000 pre-computed chunks to corpus 806c13c2-01af-4ef3-9094-6bab514d631e
2026-02-04 22:51:19 - infrastructure.repositories.library_repository - INFO - Publishing event document.added to event bus
2026-02-04 22:51:19 - infrastructure.repositories.library_repository - INFO - Event document.added queued successfully
2026-02-04 22:51:19 - app.services.library_service - INFO - Added document 6f78299e-1f78-45fe-8dea-d75f8e6f6351 with 1000 chunks to corpus 806c13c2-01af-4ef3-9094-6bab514d631e
INFO:     127.0.0.1:41536 - "POST /v1/libraries/806c13c2-01af-4ef3-9094-6bab514d631e/documents/with-embeddings HTTP/1.1" 201 Created
2026-02-04 22:51:21 - app.services.library_service - INFO - Adding document 'batch_41' with 1000 pre-computed chunks to corpus 806c13c2-01af-4ef3-9094-6bab514d631e
2026-02-04 22:57:33 - infrastructure.repositories.library_repository - INFO - Publishing event document.added to event bus
2026-02-04 22:57:33 - infrastructure.repositories.library_repository - INFO - Event document.added queued successfully
2026-02-04 22:57:33 - app.services.library_service - INFO - Added document cdabf15a-df35-4716-9684-acd2cdb31b27 with 1000 chunks to corpus 806c13c2-01af-4ef3-9094-6bab514d631e
INFO:     127.0.0.1:41536 - "POST /v1/libraries/806c13c2-01af-4ef3-9094-6bab514d631e/documents/with-embeddings HTTP/1.1" 201 Created
2026-02-04 22:57:35 - app.services.library_service - INFO - Adding document 'batch_42' with 1000 pre-computed chunks to corpus 806c13c2-01af-4ef3-9094-6bab514d631e
2026-02-04 23:03:47 - infrastructure.repositories.library_repository - INFO - Publishing event document.added to event bus
2026-02-04 23:03:47 - infrastructure.repositories.library_repository - INFO - Event document.added queued successfully
2026-02-04 23:03:47 - app.services.library_service - INFO - Added document 9d7a0af6-f332-4ab8-b758-c7559a36eb07 with 1000 chunks to corpus 806c13c2-01af-4ef3-9094-6bab514d631e
INFO:     127.0.0.1:41536 - "POST /v1/libraries/806c13c2-01af-4ef3-9094-6bab514d631e/documents/with-embeddings HTTP/1.1" 201 Created
2026-02-04 23:03:50 - app.services.library_service - INFO - Adding document 'batch_43' with 1000 pre-computed chunks to corpus 806c13c2-01af-4ef3-9094-6bab514d631e
2026-02-04 23:10:02 - infrastructure.repositories.library_repository - INFO - Publishing event document.added to event bus
2026-02-04 23:10:02 - infrastructure.repositories.library_repository - INFO - Event document.added queued successfully
2026-02-04 23:10:02 - app.services.library_service - INFO - Added document 567baa8e-e789-4d4d-84b3-f7b5a7103848 with 1000 chunks to corpus 806c13c2-01af-4ef3-9094-6bab514d631e
INFO:     127.0.0.1:41536 - "POST /v1/libraries/806c13c2-01af-4ef3-9094-6bab514d631e/documents/with-embeddings HTTP/1.1" 201 Created
2026-02-04 23:10:04 - app.services.library_service - INFO - Adding document 'batch_44' with 1000 pre-computed chunks to corpus 806c13c2-01af-4ef3-9094-6bab514d631e
2026-02-04 23:16:14 - infrastructure.repositories.library_repository - INFO - Publishing event document.added to event bus
2026-02-04 23:16:14 - infrastructure.repositories.library_repository - INFO - Event document.added queued successfully
2026-02-04 23:16:14 - app.services.library_service - INFO - Added document 808b02d8-e826-4cc8-a50d-0392fe9d13fd with 1000 chunks to corpus 806c13c2-01af-4ef3-9094-6bab514d631e
INFO:     127.0.0.1:41536 - "POST /v1/libraries/806c13c2-01af-4ef3-9094-6bab514d631e/documents/with-embeddings HTTP/1.1" 201 Created
2026-02-04 23:16:16 - app.services.library_service - INFO - Adding document 'batch_45' with 1000 pre-computed chunks to corpus 806c13c2-01af-4ef3-9094-6bab514d631e
2026-02-04 23:22:30 - infrastructure.repositories.library_repository - INFO - Publishing event document.added to event bus
2026-02-04 23:22:30 - infrastructure.repositories.library_repository - INFO - Event document.added queued successfully
2026-02-04 23:22:30 - app.services.library_service - INFO - Added document 5be8b256-2b6f-47e8-bedc-ea3d9cfe9b4e with 1000 chunks to corpus 806c13c2-01af-4ef3-9094-6bab514d631e
INFO:     127.0.0.1:41536 - "POST /v1/libraries/806c13c2-01af-4ef3-9094-6bab514d631e/documents/with-embeddings HTTP/1.1" 201 Created
2026-02-04 23:22:32 - app.services.library_service - INFO - Adding document 'batch_46' with 1000 pre-computed chunks to corpus 806c13c2-01af-4ef3-9094-6bab514d631e
2026-02-04 23:28:46 - infrastructure.repositories.library_repository - INFO - Publishing event document.added to event bus
2026-02-04 23:28:46 - infrastructure.repositories.library_repository - INFO - Event document.added queued successfully
2026-02-04 23:28:46 - app.services.library_service - INFO - Added document 3648a8b3-7ea0-4f07-ac88-715162e00d7e with 1000 chunks to corpus 806c13c2-01af-4ef3-9094-6bab514d631e
INFO:     127.0.0.1:41536 - "POST /v1/libraries/806c13c2-01af-4ef3-9094-6bab514d631e/documents/with-embeddings HTTP/1.1" 201 Created
2026-02-04 23:28:49 - app.services.library_service - INFO - Adding document 'batch_47' with 1000 pre-computed chunks to corpus 806c13c2-01af-4ef3-9094-6bab514d631e
2026-02-04 23:35:02 - infrastructure.repositories.library_repository - INFO - Publishing event document.added to event bus
2026-02-04 23:35:02 - infrastructure.repositories.library_repository - INFO - Event document.added queued successfully
2026-02-04 23:35:02 - app.services.library_service - INFO - Added document 6b1af0a7-4759-497f-a207-0eb267b5104e with 1000 chunks to corpus 806c13c2-01af-4ef3-9094-6bab514d631e
INFO:     127.0.0.1:41536 - "POST /v1/libraries/806c13c2-01af-4ef3-9094-6bab514d631e/documents/with-embeddings HTTP/1.1" 201 Created
2026-02-04 23:35:05 - app.services.library_service - INFO - Adding document 'batch_48' with 1000 pre-computed chunks to corpus 806c13c2-01af-4ef3-9094-6bab514d631e
2026-02-04 23:41:19 - infrastructure.repositories.library_repository - INFO - Publishing event document.added to event bus
2026-02-04 23:41:19 - infrastructure.repositories.library_repository - INFO - Event document.added queued successfully
2026-02-04 23:41:19 - app.services.library_service - INFO - Added document 493206be-bcee-4bca-80c7-38e16431259d with 1000 chunks to corpus 806c13c2-01af-4ef3-9094-6bab514d631e
INFO:     127.0.0.1:41536 - "POST /v1/libraries/806c13c2-01af-4ef3-9094-6bab514d631e/documents/with-embeddings HTTP/1.1" 201 Created
2026-02-04 23:41:21 - app.services.library_service - INFO - Adding document 'batch_49' with 1000 pre-computed chunks to corpus 806c13c2-01af-4ef3-9094-6bab514d631e
2026-02-04 23:47:36 - infrastructure.repositories.library_repository - INFO - Publishing event document.added to event bus
2026-02-04 23:47:36 - infrastructure.repositories.library_repository - INFO - Event document.added queued successfully
2026-02-04 23:47:36 - app.services.library_service - INFO - Added document 352a8298-3a73-4eb0-88b6-67d6b7130256 with 1000 chunks to corpus 806c13c2-01af-4ef3-9094-6bab514d631e
INFO:     127.0.0.1:41536 - "POST /v1/libraries/806c13c2-01af-4ef3-9094-6bab514d631e/documents/with-embeddings HTTP/1.1" 201 Created
2026-02-04 23:47:38 - app.services.library_service - INFO - Adding document 'batch_50' with 1000 pre-computed chunks to corpus 806c13c2-01af-4ef3-9094-6bab514d631e
2026-02-04 23:53:54 - infrastructure.repositories.library_repository - INFO - Publishing event document.added to event bus
2026-02-04 23:53:54 - infrastructure.repositories.library_repository - INFO - Event document.added queued successfully
2026-02-04 23:53:54 - app.services.library_service - INFO - Added document 5c740165-3935-4b6f-8189-0c6309397547 with 1000 chunks to corpus 806c13c2-01af-4ef3-9094-6bab514d631e
INFO:     127.0.0.1:41536 - "POST /v1/libraries/806c13c2-01af-4ef3-9094-6bab514d631e/documents/with-embeddings HTTP/1.1" 201 Created
2026-02-04 23:53:57 - app.services.library_service - INFO - Adding document 'batch_51' with 1000 pre-computed chunks to corpus 806c13c2-01af-4ef3-9094-6bab514d631e
2026-02-05 00:00:13 - infrastructure.repositories.library_repository - INFO - Publishing event document.added to event bus
2026-02-05 00:00:13 - infrastructure.repositories.library_repository - INFO - Event document.added queued successfully
2026-02-05 00:00:13 - app.services.library_service - INFO - Added document c53718ed-e13e-4047-907b-af2c93c9d90b with 1000 chunks to corpus 806c13c2-01af-4ef3-9094-6bab514d631e
INFO:     127.0.0.1:41536 - "POST /v1/libraries/806c13c2-01af-4ef3-9094-6bab514d631e/documents/with-embeddings HTTP/1.1" 201 Created
2026-02-05 00:00:16 - app.services.library_service - INFO - Adding document 'batch_52' with 1000 pre-computed chunks to corpus 806c13c2-01af-4ef3-9094-6bab514d631e
2026-02-05 00:06:34 - infrastructure.repositories.library_repository - INFO - Publishing event document.added to event bus
2026-02-05 00:06:34 - infrastructure.repositories.library_repository - INFO - Event document.added queued successfully
2026-02-05 00:06:34 - app.services.library_service - INFO - Added document fd8c8fd7-6925-4f5b-918a-b93a369f2ff2 with 1000 chunks to corpus 806c13c2-01af-4ef3-9094-6bab514d631e
INFO:     127.0.0.1:41536 - "POST /v1/libraries/806c13c2-01af-4ef3-9094-6bab514d631e/documents/with-embeddings HTTP/1.1" 201 Created
2026-02-05 00:06:36 - app.services.library_service - INFO - Adding document 'batch_53' with 1000 pre-computed chunks to corpus 806c13c2-01af-4ef3-9094-6bab514d631e
2026-02-05 00:12:56 - infrastructure.repositories.library_repository - INFO - Publishing event document.added to event bus
2026-02-05 00:12:56 - infrastructure.repositories.library_repository - INFO - Event document.added queued successfully
2026-02-05 00:12:56 - app.services.library_service - INFO - Added document 20493ca3-1397-42cd-a2b2-76d17fbfa545 with 1000 chunks to corpus 806c13c2-01af-4ef3-9094-6bab514d631e
INFO:     127.0.0.1:41536 - "POST /v1/libraries/806c13c2-01af-4ef3-9094-6bab514d631e/documents/with-embeddings HTTP/1.1" 201 Created
2026-02-05 00:12:59 - app.services.library_service - INFO - Adding document 'batch_54' with 1000 pre-computed chunks to corpus 806c13c2-01af-4ef3-9094-6bab514d631e
2026-02-05 00:19:17 - infrastructure.repositories.library_repository - INFO - Publishing event document.added to event bus
2026-02-05 00:19:17 - infrastructure.repositories.library_repository - INFO - Event document.added queued successfully
2026-02-05 00:19:17 - app.services.library_service - INFO - Added document 3f111cf5-d0cd-4aba-b16e-335e6bcc9b0f with 1000 chunks to corpus 806c13c2-01af-4ef3-9094-6bab514d631e
INFO:     127.0.0.1:41536 - "POST /v1/libraries/806c13c2-01af-4ef3-9094-6bab514d631e/documents/with-embeddings HTTP/1.1" 201 Created
2026-02-05 00:19:19 - app.services.library_service - INFO - Adding document 'batch_55' with 1000 pre-computed chunks to corpus 806c13c2-01af-4ef3-9094-6bab514d631e
2026-02-05 00:25:38 - infrastructure.repositories.library_repository - INFO - Publishing event document.added to event bus
2026-02-05 00:25:38 - infrastructure.repositories.library_repository - INFO - Event document.added queued successfully
2026-02-05 00:25:38 - app.services.library_service - INFO - Added document 6105f4ba-f60d-4ff1-87a8-7da470041b7e with 1000 chunks to corpus 806c13c2-01af-4ef3-9094-6bab514d631e
INFO:     127.0.0.1:41536 - "POST /v1/libraries/806c13c2-01af-4ef3-9094-6bab514d631e/documents/with-embeddings HTTP/1.1" 201 Created
2026-02-05 00:25:40 - app.services.library_service - INFO - Adding document 'batch_56' with 1000 pre-computed chunks to corpus 806c13c2-01af-4ef3-9094-6bab514d631e
2026-02-05 00:31:58 - infrastructure.repositories.library_repository - INFO - Publishing event document.added to event bus
2026-02-05 00:31:58 - infrastructure.repositories.library_repository - INFO - Event document.added queued successfully
2026-02-05 00:31:58 - app.services.library_service - INFO - Added document 3ba83310-11da-433a-b0fd-e5c578215c90 with 1000 chunks to corpus 806c13c2-01af-4ef3-9094-6bab514d631e
INFO:     127.0.0.1:41536 - "POST /v1/libraries/806c13c2-01af-4ef3-9094-6bab514d631e/documents/with-embeddings HTTP/1.1" 201 Created
2026-02-05 00:32:01 - app.services.library_service - INFO - Adding document 'batch_57' with 1000 pre-computed chunks to corpus 806c13c2-01af-4ef3-9094-6bab514d631e
2026-02-05 00:38:20 - infrastructure.repositories.library_repository - INFO - Publishing event document.added to event bus
2026-02-05 00:38:20 - infrastructure.repositories.library_repository - INFO - Event document.added queued successfully
2026-02-05 00:38:20 - app.services.library_service - INFO - Added document b3e12da8-8d4c-4aff-b94c-084212e0ccfc with 1000 chunks to corpus 806c13c2-01af-4ef3-9094-6bab514d631e
INFO:     127.0.0.1:41536 - "POST /v1/libraries/806c13c2-01af-4ef3-9094-6bab514d631e/documents/with-embeddings HTTP/1.1" 201 Created
2026-02-05 00:38:23 - app.services.library_service - INFO - Adding document 'batch_58' with 1000 pre-computed chunks to corpus 806c13c2-01af-4ef3-9094-6bab514d631e
2026-02-05 00:44:44 - infrastructure.repositories.library_repository - INFO - Publishing event document.added to event bus
2026-02-05 00:44:44 - infrastructure.repositories.library_repository - INFO - Event document.added queued successfully
2026-02-05 00:44:44 - app.services.library_service - INFO - Added document 0e932c12-783d-4f19-bb6e-e33e1380c306 with 1000 chunks to corpus 806c13c2-01af-4ef3-9094-6bab514d631e
INFO:     127.0.0.1:41536 - "POST /v1/libraries/806c13c2-01af-4ef3-9094-6bab514d631e/documents/with-embeddings HTTP/1.1" 201 Created
2026-02-05 00:44:47 - app.services.library_service - INFO - Adding document 'batch_59' with 1000 pre-computed chunks to corpus 806c13c2-01af-4ef3-9094-6bab514d631e
2026-02-05 00:51:08 - infrastructure.repositories.library_repository - INFO - Publishing event document.added to event bus
2026-02-05 00:51:08 - infrastructure.repositories.library_repository - INFO - Event document.added queued successfully
2026-02-05 00:51:08 - app.services.library_service - INFO - Added document 46a51c9d-ad21-4b4a-a770-9ede25ef39df with 1000 chunks to corpus 806c13c2-01af-4ef3-9094-6bab514d631e
INFO:     127.0.0.1:41536 - "POST /v1/libraries/806c13c2-01af-4ef3-9094-6bab514d631e/documents/with-embeddings HTTP/1.1" 201 Created
2026-02-05 00:51:10 - app.services.library_service - INFO - Adding document 'batch_60' with 1000 pre-computed chunks to corpus 806c13c2-01af-4ef3-9094-6bab514d631e
2026-02-05 00:57:33 - infrastructure.repositories.library_repository - INFO - Publishing event document.added to event bus
2026-02-05 00:57:33 - infrastructure.repositories.library_repository - INFO - Event document.added queued successfully
2026-02-05 00:57:33 - app.services.library_service - INFO - Added document 493f67ac-ceb4-492e-889b-65c264b30b13 with 1000 chunks to corpus 806c13c2-01af-4ef3-9094-6bab514d631e
INFO:     127.0.0.1:41536 - "POST /v1/libraries/806c13c2-01af-4ef3-9094-6bab514d631e/documents/with-embeddings HTTP/1.1" 201 Created
2026-02-05 00:57:35 - app.services.library_service - INFO - Adding document 'batch_61' with 1000 pre-computed chunks to corpus 806c13c2-01af-4ef3-9094-6bab514d631e
2026-02-05 01:03:57 - infrastructure.repositories.library_repository - INFO - Publishing event document.added to event bus
2026-02-05 01:03:57 - infrastructure.repositories.library_repository - INFO - Event document.added queued successfully
2026-02-05 01:03:57 - app.services.library_service - INFO - Added document 331fb344-d026-4305-8747-65bca09a5c3a with 1000 chunks to corpus 806c13c2-01af-4ef3-9094-6bab514d631e
INFO:     127.0.0.1:41536 - "POST /v1/libraries/806c13c2-01af-4ef3-9094-6bab514d631e/documents/with-embeddings HTTP/1.1" 201 Created
2026-02-05 01:04:00 - app.services.library_service - INFO - Adding document 'batch_62' with 1000 pre-computed chunks to corpus 806c13c2-01af-4ef3-9094-6bab514d631e
2026-02-05 01:10:22 - infrastructure.repositories.library_repository - INFO - Publishing event document.added to event bus
2026-02-05 01:10:22 - infrastructure.repositories.library_repository - INFO - Event document.added queued successfully
2026-02-05 01:10:22 - app.services.library_service - INFO - Added document c4cd4a66-279d-41fb-b83d-201ffa156c11 with 1000 chunks to corpus 806c13c2-01af-4ef3-9094-6bab514d631e
INFO:     127.0.0.1:41536 - "POST /v1/libraries/806c13c2-01af-4ef3-9094-6bab514d631e/documents/with-embeddings HTTP/1.1" 201 Created
2026-02-05 01:10:24 - app.services.library_service - INFO - Adding document 'batch_63' with 1000 pre-computed chunks to corpus 806c13c2-01af-4ef3-9094-6bab514d631e
2026-02-05 01:16:47 - infrastructure.repositories.library_repository - INFO - Publishing event document.added to event bus
2026-02-05 01:16:47 - infrastructure.repositories.library_repository - INFO - Event document.added queued successfully
2026-02-05 01:16:47 - app.services.library_service - INFO - Added document d53a9a9a-8b65-4dbd-8d34-fd90c28a1a26 with 1000 chunks to corpus 806c13c2-01af-4ef3-9094-6bab514d631e
INFO:     127.0.0.1:41536 - "POST /v1/libraries/806c13c2-01af-4ef3-9094-6bab514d631e/documents/with-embeddings HTTP/1.1" 201 Created
2026-02-05 01:16:49 - app.services.library_service - INFO - Adding document 'batch_64' with 1000 pre-computed chunks to corpus 806c13c2-01af-4ef3-9094-6bab514d631e
2026-02-05 01:23:11 - infrastructure.repositories.library_repository - INFO - Publishing event document.added to event bus
2026-02-05 01:23:11 - infrastructure.repositories.library_repository - INFO - Event document.added queued successfully
2026-02-05 01:23:11 - app.services.library_service - INFO - Added document 228d2267-df3c-450e-8363-b23b40021fcf with 1000 chunks to corpus 806c13c2-01af-4ef3-9094-6bab514d631e
INFO:     127.0.0.1:41536 - "POST /v1/libraries/806c13c2-01af-4ef3-9094-6bab514d631e/documents/with-embeddings HTTP/1.1" 201 Created
2026-02-05 01:23:13 - app.services.library_service - INFO - Adding document 'batch_65' with 1000 pre-computed chunks to corpus 806c13c2-01af-4ef3-9094-6bab514d631e
2026-02-05 01:29:36 - infrastructure.repositories.library_repository - INFO - Publishing event document.added to event bus
2026-02-05 01:29:36 - infrastructure.repositories.library_repository - INFO - Event document.added queued successfully
2026-02-05 01:29:36 - app.services.library_service - INFO - Added document f9a739f2-85fc-4500-afaa-5d652ead6d72 with 1000 chunks to corpus 806c13c2-01af-4ef3-9094-6bab514d631e
INFO:     127.0.0.1:41536 - "POST /v1/libraries/806c13c2-01af-4ef3-9094-6bab514d631e/documents/with-embeddings HTTP/1.1" 201 Created
2026-02-05 01:29:38 - app.services.library_service - INFO - Adding document 'batch_66' with 1000 pre-computed chunks to corpus 806c13c2-01af-4ef3-9094-6bab514d631e
2026-02-05 01:36:02 - infrastructure.repositories.library_repository - INFO - Publishing event document.added to event bus
2026-02-05 01:36:02 - infrastructure.repositories.library_repository - INFO - Event document.added queued successfully
2026-02-05 01:36:02 - app.services.library_service - INFO - Added document c90a1fc0-6e83-47fb-b066-580f5657dcc9 with 1000 chunks to corpus 806c13c2-01af-4ef3-9094-6bab514d631e
INFO:     127.0.0.1:41536 - "POST /v1/libraries/806c13c2-01af-4ef3-9094-6bab514d631e/documents/with-embeddings HTTP/1.1" 201 Created
2026-02-05 01:36:04 - app.services.library_service - INFO - Adding document 'batch_67' with 1000 pre-computed chunks to corpus 806c13c2-01af-4ef3-9094-6bab514d631e
2026-02-05 01:42:27 - infrastructure.repositories.library_repository - INFO - Publishing event document.added to event bus
2026-02-05 01:42:27 - infrastructure.repositories.library_repository - INFO - Event document.added queued successfully
2026-02-05 01:42:27 - app.services.library_service - INFO - Added document 39b93649-f48e-47c9-a608-9b1d614e6b74 with 1000 chunks to corpus 806c13c2-01af-4ef3-9094-6bab514d631e
INFO:     127.0.0.1:41536 - "POST /v1/libraries/806c13c2-01af-4ef3-9094-6bab514d631e/documents/with-embeddings HTTP/1.1" 201 Created
2026-02-05 01:42:29 - app.services.library_service - INFO - Adding document 'batch_68' with 1000 pre-computed chunks to corpus 806c13c2-01af-4ef3-9094-6bab514d631e
2026-02-05 01:48:55 - infrastructure.repositories.library_repository - INFO - Publishing event document.added to event bus
2026-02-05 01:48:55 - infrastructure.repositories.library_repository - INFO - Event document.added queued successfully
2026-02-05 01:48:55 - app.services.library_service - INFO - Added document 5859ef14-defa-4cd6-bbb8-18bc0db66ba4 with 1000 chunks to corpus 806c13c2-01af-4ef3-9094-6bab514d631e
INFO:     127.0.0.1:41536 - "POST /v1/libraries/806c13c2-01af-4ef3-9094-6bab514d631e/documents/with-embeddings HTTP/1.1" 201 Created
2026-02-05 01:48:57 - app.services.library_service - INFO - Adding document 'batch_69' with 1000 pre-computed chunks to corpus 806c13c2-01af-4ef3-9094-6bab514d631e
2026-02-05 01:55:21 - infrastructure.repositories.library_repository - INFO - Publishing event document.added to event bus
2026-02-05 01:55:21 - infrastructure.repositories.library_repository - INFO - Event document.added queued successfully
2026-02-05 01:55:21 - app.services.library_service - INFO - Added document 29a42550-7898-4dba-9b83-e8874f734021 with 1000 chunks to corpus 806c13c2-01af-4ef3-9094-6bab514d631e
INFO:     127.0.0.1:41536 - "POST /v1/libraries/806c13c2-01af-4ef3-9094-6bab514d631e/documents/with-embeddings HTTP/1.1" 201 Created
2026-02-05 01:55:24 - app.services.library_service - INFO - Adding document 'batch_70' with 1000 pre-computed chunks to corpus 806c13c2-01af-4ef3-9094-6bab514d631e
2026-02-05 02:01:51 - infrastructure.repositories.library_repository - INFO - Publishing event document.added to event bus
2026-02-05 02:01:51 - infrastructure.repositories.library_repository - INFO - Event document.added queued successfully
2026-02-05 02:01:51 - app.services.library_service - INFO - Added document afe372a7-3b53-4cd1-ab64-ca2572dcc4f5 with 1000 chunks to corpus 806c13c2-01af-4ef3-9094-6bab514d631e
INFO:     127.0.0.1:41536 - "POST /v1/libraries/806c13c2-01af-4ef3-9094-6bab514d631e/documents/with-embeddings HTTP/1.1" 201 Created
2026-02-05 02:01:53 - app.services.library_service - INFO - Adding document 'batch_71' with 1000 pre-computed chunks to corpus 806c13c2-01af-4ef3-9094-6bab514d631e
2026-02-05 02:08:21 - infrastructure.repositories.library_repository - INFO - Publishing event document.added to event bus
2026-02-05 02:08:21 - infrastructure.repositories.library_repository - INFO - Event document.added queued successfully
2026-02-05 02:08:21 - app.services.library_service - INFO - Added document 16a90a42-e62d-49e6-b093-54685b7f5bd1 with 1000 chunks to corpus 806c13c2-01af-4ef3-9094-6bab514d631e
INFO:     127.0.0.1:41536 - "POST /v1/libraries/806c13c2-01af-4ef3-9094-6bab514d631e/documents/with-embeddings HTTP/1.1" 201 Created
2026-02-05 02:08:24 - app.services.library_service - INFO - Adding document 'batch_72' with 1000 pre-computed chunks to corpus 806c13c2-01af-4ef3-9094-6bab514d631e
2026-02-05 02:14:52 - infrastructure.repositories.library_repository - INFO - Publishing event document.added to event bus
2026-02-05 02:14:52 - infrastructure.repositories.library_repository - INFO - Event document.added queued successfully
2026-02-05 02:14:52 - app.services.library_service - INFO - Added document c509e2a9-02ae-4bba-b9b1-9669d684a2a3 with 1000 chunks to corpus 806c13c2-01af-4ef3-9094-6bab514d631e
INFO:     127.0.0.1:41536 - "POST /v1/libraries/806c13c2-01af-4ef3-9094-6bab514d631e/documents/with-embeddings HTTP/1.1" 201 Created
2026-02-05 02:14:54 - app.services.library_service - INFO - Adding document 'batch_73' with 1000 pre-computed chunks to corpus 806c13c2-01af-4ef3-9094-6bab514d631e
2026-02-05 02:21:21 - infrastructure.repositories.library_repository - INFO - Publishing event document.added to event bus
2026-02-05 02:21:21 - infrastructure.repositories.library_repository - INFO - Event document.added queued successfully
2026-02-05 02:21:21 - app.services.library_service - INFO - Added document af689f66-b7ea-4c0c-88a2-667287df57cb with 1000 chunks to corpus 806c13c2-01af-4ef3-9094-6bab514d631e
INFO:     127.0.0.1:41536 - "POST /v1/libraries/806c13c2-01af-4ef3-9094-6bab514d631e/documents/with-embeddings HTTP/1.1" 201 Created
2026-02-05 02:21:23 - app.services.library_service - INFO - Adding document 'batch_74' with 1000 pre-computed chunks to corpus 806c13c2-01af-4ef3-9094-6bab514d631e
2026-02-05 02:27:54 - infrastructure.repositories.library_repository - INFO - Publishing event document.added to event bus
2026-02-05 02:27:54 - infrastructure.repositories.library_repository - INFO - Event document.added queued successfully
2026-02-05 02:27:54 - app.services.library_service - INFO - Added document d0047172-ecbb-4276-93fd-cfdc889f6bf6 with 1000 chunks to corpus 806c13c2-01af-4ef3-9094-6bab514d631e
INFO:     127.0.0.1:41536 - "POST /v1/libraries/806c13c2-01af-4ef3-9094-6bab514d631e/documents/with-embeddings HTTP/1.1" 201 Created
2026-02-05 02:27:56 - app.services.library_service - INFO - Adding document 'batch_75' with 1000 pre-computed chunks to corpus 806c13c2-01af-4ef3-9094-6bab514d631e
2026-02-05 02:34:25 - infrastructure.repositories.library_repository - INFO - Publishing event document.added to event bus
2026-02-05 02:34:25 - infrastructure.repositories.library_repository - INFO - Event document.added queued successfully
2026-02-05 02:34:25 - app.services.library_service - INFO - Added document 7e1c32bc-af9d-4fcd-b00f-128c5570f5db with 1000 chunks to corpus 806c13c2-01af-4ef3-9094-6bab514d631e
INFO:     127.0.0.1:41536 - "POST /v1/libraries/806c13c2-01af-4ef3-9094-6bab514d631e/documents/with-embeddings HTTP/1.1" 201 Created
2026-02-05 02:34:27 - app.services.library_service - INFO - Adding document 'batch_76' with 1000 pre-computed chunks to corpus 806c13c2-01af-4ef3-9094-6bab514d631e
2026-02-05 02:40:55 - infrastructure.repositories.library_repository - INFO - Publishing event document.added to event bus
2026-02-05 02:40:55 - infrastructure.repositories.library_repository - INFO - Event document.added queued successfully
2026-02-05 02:40:55 - app.services.library_service - INFO - Added document 851c196d-07ce-4c7f-803e-3bf90f1cbf9c with 1000 chunks to corpus 806c13c2-01af-4ef3-9094-6bab514d631e
INFO:     127.0.0.1:41536 - "POST /v1/libraries/806c13c2-01af-4ef3-9094-6bab514d631e/documents/with-embeddings HTTP/1.1" 201 Created
2026-02-05 02:40:58 - app.services.library_service - INFO - Adding document 'batch_77' with 1000 pre-computed chunks to corpus 806c13c2-01af-4ef3-9094-6bab514d631e
2026-02-05 02:47:26 - infrastructure.repositories.library_repository - INFO - Publishing event document.added to event bus
2026-02-05 02:47:26 - infrastructure.repositories.library_repository - INFO - Event document.added queued successfully
2026-02-05 02:47:26 - app.services.library_service - INFO - Added document 65055a40-3f67-4984-aff0-c007119c7c0b with 1000 chunks to corpus 806c13c2-01af-4ef3-9094-6bab514d631e
INFO:     127.0.0.1:41536 - "POST /v1/libraries/806c13c2-01af-4ef3-9094-6bab514d631e/documents/with-embeddings HTTP/1.1" 201 Created
2026-02-05 02:47:28 - app.services.library_service - INFO - Adding document 'batch_78' with 1000 pre-computed chunks to corpus 806c13c2-01af-4ef3-9094-6bab514d631e
2026-02-05 02:53:59 - infrastructure.repositories.library_repository - INFO - Publishing event document.added to event bus
2026-02-05 02:53:59 - infrastructure.repositories.library_repository - INFO - Event document.added queued successfully
2026-02-05 02:53:59 - app.services.library_service - INFO - Added document 2da8ed3d-86c0-4848-b881-b08ff575d24b with 1000 chunks to corpus 806c13c2-01af-4ef3-9094-6bab514d631e
INFO:     127.0.0.1:41536 - "POST /v1/libraries/806c13c2-01af-4ef3-9094-6bab514d631e/documents/with-embeddings HTTP/1.1" 201 Created
2026-02-05 02:54:02 - app.services.library_service - INFO - Adding document 'batch_79' with 1000 pre-computed chunks to corpus 806c13c2-01af-4ef3-9094-6bab514d631e
2026-02-05 03:00:33 - infrastructure.repositories.library_repository - INFO - Publishing event document.added to event bus
2026-02-05 03:00:33 - infrastructure.repositories.library_repository - INFO - Event document.added queued successfully
2026-02-05 03:00:33 - app.services.library_service - INFO - Added document adf80dcf-85bd-43ab-bed7-c594daf96e11 with 1000 chunks to corpus 806c13c2-01af-4ef3-9094-6bab514d631e
INFO:     127.0.0.1:41536 - "POST /v1/libraries/806c13c2-01af-4ef3-9094-6bab514d631e/documents/with-embeddings HTTP/1.1" 201 Created
2026-02-05 03:00:35 - app.services.library_service - INFO - Adding document 'batch_80' with 1000 pre-computed chunks to corpus 806c13c2-01af-4ef3-9094-6bab514d631e
2026-02-05 03:07:05 - infrastructure.repositories.library_repository - INFO - Publishing event document.added to event bus
2026-02-05 03:07:05 - infrastructure.repositories.library_repository - INFO - Event document.added queued successfully
2026-02-05 03:07:05 - app.services.library_service - INFO - Added document 6847f98f-3c69-4bac-b70f-d74292d96c1a with 1000 chunks to corpus 806c13c2-01af-4ef3-9094-6bab514d631e
INFO:     127.0.0.1:41536 - "POST /v1/libraries/806c13c2-01af-4ef3-9094-6bab514d631e/documents/with-embeddings HTTP/1.1" 201 Created
2026-02-05 03:07:07 - app.services.library_service - INFO - Adding document 'batch_81' with 1000 pre-computed chunks to corpus 806c13c2-01af-4ef3-9094-6bab514d631e
2026-02-05 03:13:38 - infrastructure.repositories.library_repository - INFO - Publishing event document.added to event bus
2026-02-05 03:13:38 - infrastructure.repositories.library_repository - INFO - Event document.added queued successfully
2026-02-05 03:13:38 - app.services.library_service - INFO - Added document c5c76f01-8c89-4f75-aba0-e9bd33a2afa9 with 1000 chunks to corpus 806c13c2-01af-4ef3-9094-6bab514d631e
INFO:     127.0.0.1:41536 - "POST /v1/libraries/806c13c2-01af-4ef3-9094-6bab514d631e/documents/with-embeddings HTTP/1.1" 201 Created
2026-02-05 03:13:40 - app.services.library_service - INFO - Adding document 'batch_82' with 1000 pre-computed chunks to corpus 806c13c2-01af-4ef3-9094-6bab514d631e
2026-02-05 03:20:12 - infrastructure.repositories.library_repository - INFO - Publishing event document.added to event bus
2026-02-05 03:20:12 - infrastructure.repositories.library_repository - INFO - Event document.added queued successfully
2026-02-05 03:20:12 - app.services.library_service - INFO - Added document 7cc9bd2a-6e89-4b17-8394-66c99874d485 with 1000 chunks to corpus 806c13c2-01af-4ef3-9094-6bab514d631e
INFO:     127.0.0.1:41536 - "POST /v1/libraries/806c13c2-01af-4ef3-9094-6bab514d631e/documents/with-embeddings HTTP/1.1" 201 Created
2026-02-05 03:20:14 - app.services.library_service - INFO - Adding document 'batch_83' with 1000 pre-computed chunks to corpus 806c13c2-01af-4ef3-9094-6bab514d631e
2026-02-05 03:26:46 - infrastructure.repositories.library_repository - INFO - Publishing event document.added to event bus
2026-02-05 03:26:46 - infrastructure.repositories.library_repository - INFO - Event document.added queued successfully
2026-02-05 03:26:46 - app.services.library_service - INFO - Added document 0668e8f7-33a8-4bdd-af24-09640b70f0f8 with 1000 chunks to corpus 806c13c2-01af-4ef3-9094-6bab514d631e
INFO:     127.0.0.1:41536 - "POST /v1/libraries/806c13c2-01af-4ef3-9094-6bab514d631e/documents/with-embeddings HTTP/1.1" 201 Created
2026-02-05 03:26:48 - app.services.library_service - INFO - Adding document 'batch_84' with 1000 pre-computed chunks to corpus 806c13c2-01af-4ef3-9094-6bab514d631e
2026-02-05 03:33:20 - infrastructure.repositories.library_repository - INFO - Publishing event document.added to event bus
2026-02-05 03:33:20 - infrastructure.repositories.library_repository - INFO - Event document.added queued successfully
2026-02-05 03:33:20 - app.services.library_service - INFO - Added document 4b240b7a-8c08-4c79-8396-792dffda9faa with 1000 chunks to corpus 806c13c2-01af-4ef3-9094-6bab514d631e
INFO:     127.0.0.1:41536 - "POST /v1/libraries/806c13c2-01af-4ef3-9094-6bab514d631e/documents/with-embeddings HTTP/1.1" 201 Created
2026-02-05 03:33:22 - app.services.library_service - INFO - Adding document 'batch_85' with 1000 pre-computed chunks to corpus 806c13c2-01af-4ef3-9094-6bab514d631e
2026-02-05 03:39:56 - infrastructure.repositories.library_repository - INFO - Publishing event document.added to event bus
2026-02-05 03:39:56 - infrastructure.repositories.library_repository - INFO - Event document.added queued successfully
2026-02-05 03:39:56 - app.services.library_service - INFO - Added document ee8c3d17-7b76-4de9-b6b4-8e3ae9b5dd4d with 1000 chunks to corpus 806c13c2-01af-4ef3-9094-6bab514d631e
INFO:     127.0.0.1:41536 - "POST /v1/libraries/806c13c2-01af-4ef3-9094-6bab514d631e/documents/with-embeddings HTTP/1.1" 201 Created
2026-02-05 03:39:58 - app.services.library_service - INFO - Adding document 'batch_86' with 1000 pre-computed chunks to corpus 806c13c2-01af-4ef3-9094-6bab514d631e
2026-02-05 03:46:31 - infrastructure.repositories.library_repository - INFO - Publishing event document.added to event bus
2026-02-05 03:46:31 - infrastructure.repositories.library_repository - INFO - Event document.added queued successfully
2026-02-05 03:46:31 - app.services.library_service - INFO - Added document 1747f0ac-ecc4-4750-9a4b-b683d85ee563 with 1000 chunks to corpus 806c13c2-01af-4ef3-9094-6bab514d631e
INFO:     127.0.0.1:41536 - "POST /v1/libraries/806c13c2-01af-4ef3-9094-6bab514d631e/documents/with-embeddings HTTP/1.1" 201 Created
2026-02-05 03:46:33 - app.services.library_service - INFO - Adding document 'batch_87' with 1000 pre-computed chunks to corpus 806c13c2-01af-4ef3-9094-6bab514d631e
2026-02-05 03:53:07 - infrastructure.repositories.library_repository - INFO - Publishing event document.added to event bus
2026-02-05 03:53:07 - infrastructure.repositories.library_repository - INFO - Event document.added queued successfully
2026-02-05 03:53:07 - app.services.library_service - INFO - Added document 04ac2902-f46a-4e66-9f78-e5bd77070e9e with 1000 chunks to corpus 806c13c2-01af-4ef3-9094-6bab514d631e
INFO:     127.0.0.1:41536 - "POST /v1/libraries/806c13c2-01af-4ef3-9094-6bab514d631e/documents/with-embeddings HTTP/1.1" 201 Created
2026-02-05 03:53:09 - app.services.library_service - INFO - Adding document 'batch_88' with 1000 pre-computed chunks to corpus 806c13c2-01af-4ef3-9094-6bab514d631e
2026-02-05 03:59:42 - infrastructure.repositories.library_repository - INFO - Publishing event document.added to event bus
2026-02-05 03:59:42 - infrastructure.repositories.library_repository - INFO - Event document.added queued successfully
2026-02-05 03:59:42 - app.services.library_service - INFO - Added document b79c32b6-fdc5-4eb6-9163-bebcd76c384c with 1000 chunks to corpus 806c13c2-01af-4ef3-9094-6bab514d631e
INFO:     127.0.0.1:41536 - "POST /v1/libraries/806c13c2-01af-4ef3-9094-6bab514d631e/documents/with-embeddings HTTP/1.1" 201 Created
2026-02-05 03:59:45 - app.services.library_service - INFO - Adding document 'batch_89' with 1000 pre-computed chunks to corpus 806c13c2-01af-4ef3-9094-6bab514d631e
2026-02-05 04:06:18 - infrastructure.repositories.library_repository - INFO - Publishing event document.added to event bus
2026-02-05 04:06:18 - infrastructure.repositories.library_repository - INFO - Event document.added queued successfully
2026-02-05 04:06:18 - app.services.library_service - INFO - Added document 9074ff20-7ea7-46d9-9636-8a1c6aef5167 with 1000 chunks to corpus 806c13c2-01af-4ef3-9094-6bab514d631e
INFO:     127.0.0.1:41536 - "POST /v1/libraries/806c13c2-01af-4ef3-9094-6bab514d631e/documents/with-embeddings HTTP/1.1" 201 Created
2026-02-05 04:06:20 - app.services.library_service - INFO - Adding document 'batch_90' with 1000 pre-computed chunks to corpus 806c13c2-01af-4ef3-9094-6bab514d631e
2026-02-05 04:12:56 - infrastructure.repositories.library_repository - INFO - Publishing event document.added to event bus
2026-02-05 04:12:56 - infrastructure.repositories.library_repository - INFO - Event document.added queued successfully
2026-02-05 04:12:56 - app.services.library_service - INFO - Added document 0738c186-a2e2-45c7-9b7a-276aeeccf87c with 1000 chunks to corpus 806c13c2-01af-4ef3-9094-6bab514d631e
INFO:     127.0.0.1:41536 - "POST /v1/libraries/806c13c2-01af-4ef3-9094-6bab514d631e/documents/with-embeddings HTTP/1.1" 201 Created
2026-02-05 04:12:59 - app.services.library_service - INFO - Adding document 'batch_91' with 1000 pre-computed chunks to corpus 806c13c2-01af-4ef3-9094-6bab514d631e
2026-02-05 04:19:34 - infrastructure.repositories.library_repository - INFO - Publishing event document.added to event bus
2026-02-05 04:19:34 - infrastructure.repositories.library_repository - INFO - Event document.added queued successfully
2026-02-05 04:19:34 - app.services.library_service - INFO - Added document 817f2275-36c7-4d86-b49b-1284c64a8a61 with 1000 chunks to corpus 806c13c2-01af-4ef3-9094-6bab514d631e
INFO:     127.0.0.1:41536 - "POST /v1/libraries/806c13c2-01af-4ef3-9094-6bab514d631e/documents/with-embeddings HTTP/1.1" 201 Created
2026-02-05 04:19:36 - app.services.library_service - INFO - Adding document 'batch_92' with 1000 pre-computed chunks to corpus 806c13c2-01af-4ef3-9094-6bab514d631e
2026-02-05 04:26:12 - infrastructure.repositories.library_repository - INFO - Publishing event document.added to event bus
2026-02-05 04:26:12 - infrastructure.repositories.library_repository - INFO - Event document.added queued successfully
2026-02-05 04:26:12 - app.services.library_service - INFO - Added document 16bb9a8b-07b3-4609-bcee-92b24338b95f with 1000 chunks to corpus 806c13c2-01af-4ef3-9094-6bab514d631e
INFO:     127.0.0.1:41536 - "POST /v1/libraries/806c13c2-01af-4ef3-9094-6bab514d631e/documents/with-embeddings HTTP/1.1" 201 Created
2026-02-05 04:26:14 - app.services.library_service - INFO - Adding document 'batch_93' with 1000 pre-computed chunks to corpus 806c13c2-01af-4ef3-9094-6bab514d631e
2026-02-05 04:32:48 - infrastructure.repositories.library_repository - INFO - Publishing event document.added to event bus
2026-02-05 04:32:48 - infrastructure.repositories.library_repository - INFO - Event document.added queued successfully
2026-02-05 04:32:48 - app.services.library_service - INFO - Added document 28e66993-79e5-4349-8f42-78527539e786 with 1000 chunks to corpus 806c13c2-01af-4ef3-9094-6bab514d631e
INFO:     127.0.0.1:41536 - "POST /v1/libraries/806c13c2-01af-4ef3-9094-6bab514d631e/documents/with-embeddings HTTP/1.1" 201 Created
2026-02-05 04:32:50 - app.services.library_service - INFO - Adding document 'batch_94' with 1000 pre-computed chunks to corpus 806c13c2-01af-4ef3-9094-6bab514d631e
2026-02-05 04:39:23 - infrastructure.repositories.library_repository - INFO - Publishing event document.added to event bus
2026-02-05 04:39:23 - infrastructure.repositories.library_repository - INFO - Event document.added queued successfully
2026-02-05 04:39:23 - app.services.library_service - INFO - Added document b164f797-6d24-490c-8f5a-0e42f7d32ceb with 1000 chunks to corpus 806c13c2-01af-4ef3-9094-6bab514d631e
INFO:     127.0.0.1:41536 - "POST /v1/libraries/806c13c2-01af-4ef3-9094-6bab514d631e/documents/with-embeddings HTTP/1.1" 201 Created
2026-02-05 04:39:26 - app.services.library_service - INFO - Adding document 'batch_95' with 1000 pre-computed chunks to corpus 806c13c2-01af-4ef3-9094-6bab514d631e
2026-02-05 04:46:02 - infrastructure.repositories.library_repository - INFO - Publishing event document.added to event bus
2026-02-05 04:46:02 - infrastructure.repositories.library_repository - INFO - Event document.added queued successfully
2026-02-05 04:46:02 - app.services.library_service - INFO - Added document 13b996c4-8b7a-4d13-91e3-5ee68f6c8a8b with 1000 chunks to corpus 806c13c2-01af-4ef3-9094-6bab514d631e
INFO:     127.0.0.1:41536 - "POST /v1/libraries/806c13c2-01af-4ef3-9094-6bab514d631e/documents/with-embeddings HTTP/1.1" 201 Created
2026-02-05 04:46:04 - app.services.library_service - INFO - Adding document 'batch_96' with 1000 pre-computed chunks to corpus 806c13c2-01af-4ef3-9094-6bab514d631e
2026-02-05 04:52:38 - infrastructure.repositories.library_repository - INFO - Publishing event document.added to event bus
2026-02-05 04:52:38 - infrastructure.repositories.library_repository - INFO - Event document.added queued successfully
2026-02-05 04:52:38 - app.services.library_service - INFO - Added document 30c75dd1-7711-483a-981c-c261c69a643c with 1000 chunks to corpus 806c13c2-01af-4ef3-9094-6bab514d631e
INFO:     127.0.0.1:41536 - "POST /v1/libraries/806c13c2-01af-4ef3-9094-6bab514d631e/documents/with-embeddings HTTP/1.1" 201 Created
2026-02-05 04:52:41 - app.services.library_service - INFO - Adding document 'batch_97' with 1000 pre-computed chunks to corpus 806c13c2-01af-4ef3-9094-6bab514d631e
2026-02-05 04:59:16 - infrastructure.repositories.library_repository - INFO - Publishing event document.added to event bus
2026-02-05 04:59:16 - infrastructure.repositories.library_repository - INFO - Event document.added queued successfully
2026-02-05 04:59:16 - app.services.library_service - INFO - Added document 83f63f35-50d9-4ca4-9aae-cb69b6adbcf7 with 1000 chunks to corpus 806c13c2-01af-4ef3-9094-6bab514d631e
INFO:     127.0.0.1:41536 - "POST /v1/libraries/806c13c2-01af-4ef3-9094-6bab514d631e/documents/with-embeddings HTTP/1.1" 201 Created
2026-02-05 04:59:18 - app.services.library_service - INFO - Adding document 'batch_98' with 1000 pre-computed chunks to corpus 806c13c2-01af-4ef3-9094-6bab514d631e
2026-02-05 05:05:53 - infrastructure.repositories.library_repository - INFO - Publishing event document.added to event bus
2026-02-05 05:05:53 - infrastructure.repositories.library_repository - INFO - Event document.added queued successfully
2026-02-05 05:05:53 - app.services.library_service - INFO - Added document 9d5f0d90-1524-4e0a-8991-4a6c1f5dac06 with 1000 chunks to corpus 806c13c2-01af-4ef3-9094-6bab514d631e
INFO:     127.0.0.1:41536 - "POST /v1/libraries/806c13c2-01af-4ef3-9094-6bab514d631e/documents/with-embeddings HTTP/1.1" 201 Created
2026-02-05 05:05:55 - app.services.library_service - INFO - Adding document 'batch_99' with 1000 pre-computed chunks to corpus 806c13c2-01af-4ef3-9094-6bab514d631e
2026-02-05 05:12:32 - infrastructure.repositories.library_repository - INFO - Publishing event document.added to event bus
2026-02-05 05:12:32 - infrastructure.repositories.library_repository - INFO - Event document.added queued successfully
2026-02-05 05:12:32 - app.services.library_service - INFO - Added document 8789d1d9-2ad2-428b-8c13-a8c6e1caa69d with 1000 chunks to corpus 806c13c2-01af-4ef3-9094-6bab514d631e
INFO:     127.0.0.1:41536 - "POST /v1/libraries/806c13c2-01af-4ef3-9094-6bab514d631e/documents/with-embeddings HTTP/1.1" 201 Created
2026-02-05 05:12:34 - app.services.library_service - INFO - Adding document 'batch_100' with 1000 pre-computed chunks to corpus 806c13c2-01af-4ef3-9094-6bab514d631e
2026-02-05 05:19:10 - infrastructure.repositories.library_repository - INFO - Publishing event document.added to event bus
2026-02-05 05:19:10 - infrastructure.repositories.library_repository - INFO - Event document.added queued successfully
2026-02-05 05:19:10 - app.services.library_service - INFO - Added document 33a5c5df-ab49-4d85-b91d-aa0bf16cb60f with 1000 chunks to corpus 806c13c2-01af-4ef3-9094-6bab514d631e
INFO:     127.0.0.1:41536 - "POST /v1/libraries/806c13c2-01af-4ef3-9094-6bab514d631e/documents/with-embeddings HTTP/1.1" 201 Created
2026-02-05 05:19:12 - app.services.library_service - INFO - Adding document 'batch_101' with 1000 pre-computed chunks to corpus 806c13c2-01af-4ef3-9094-6bab514d631e
2026-02-05 05:25:46 - infrastructure.repositories.library_repository - INFO - Publishing event document.added to event bus
2026-02-05 05:25:46 - infrastructure.repositories.library_repository - INFO - Event document.added queued successfully
2026-02-05 05:25:46 - app.services.library_service - INFO - Added document 588f3f88-1a18-4dcf-9929-7a891c929aec with 1000 chunks to corpus 806c13c2-01af-4ef3-9094-6bab514d631e
INFO:     127.0.0.1:41536 - "POST /v1/libraries/806c13c2-01af-4ef3-9094-6bab514d631e/documents/with-embeddings HTTP/1.1" 201 Created
2026-02-05 05:25:49 - app.services.library_service - INFO - Adding document 'batch_102' with 1000 pre-computed chunks to corpus 806c13c2-01af-4ef3-9094-6bab514d631e
2026-02-05 05:32:25 - infrastructure.repositories.library_repository - INFO - Publishing event document.added to event bus
2026-02-05 05:32:25 - infrastructure.repositories.library_repository - INFO - Event document.added queued successfully
2026-02-05 05:32:25 - app.services.library_service - INFO - Added document de9c6f4b-bc3d-4d71-a182-5d74095dba13 with 1000 chunks to corpus 806c13c2-01af-4ef3-9094-6bab514d631e
INFO:     127.0.0.1:41536 - "POST /v1/libraries/806c13c2-01af-4ef3-9094-6bab514d631e/documents/with-embeddings HTTP/1.1" 201 Created
2026-02-05 05:32:27 - app.services.library_service - INFO - Adding document 'batch_103' with 1000 pre-computed chunks to corpus 806c13c2-01af-4ef3-9094-6bab514d631e
2026-02-05 05:39:02 - infrastructure.repositories.library_repository - INFO - Publishing event document.added to event bus
2026-02-05 05:39:02 - infrastructure.repositories.library_repository - INFO - Event document.added queued successfully
2026-02-05 05:39:02 - app.services.library_service - INFO - Added document 6341aa73-f531-40b6-b8a8-10254946f0a2 with 1000 chunks to corpus 806c13c2-01af-4ef3-9094-6bab514d631e
INFO:     127.0.0.1:41536 - "POST /v1/libraries/806c13c2-01af-4ef3-9094-6bab514d631e/documents/with-embeddings HTTP/1.1" 201 Created
2026-02-05 05:39:04 - app.services.library_service - INFO - Adding document 'batch_104' with 1000 pre-computed chunks to corpus 806c13c2-01af-4ef3-9094-6bab514d631e
2026-02-05 05:45:41 - infrastructure.repositories.library_repository - INFO - Publishing event document.added to event bus
2026-02-05 05:45:41 - infrastructure.repositories.library_repository - INFO - Event document.added queued successfully
2026-02-05 05:45:41 - app.services.library_service - INFO - Added document 107fd32e-8fe0-4f11-8964-bb90d5a08bd5 with 1000 chunks to corpus 806c13c2-01af-4ef3-9094-6bab514d631e
INFO:     127.0.0.1:41536 - "POST /v1/libraries/806c13c2-01af-4ef3-9094-6bab514d631e/documents/with-embeddings HTTP/1.1" 201 Created
2026-02-05 05:45:44 - app.services.library_service - INFO - Adding document 'batch_105' with 1000 pre-computed chunks to corpus 806c13c2-01af-4ef3-9094-6bab514d631e
2026-02-05 05:52:21 - infrastructure.repositories.library_repository - INFO - Publishing event document.added to event bus
2026-02-05 05:52:21 - infrastructure.repositories.library_repository - INFO - Event document.added queued successfully
2026-02-05 05:52:21 - app.services.library_service - INFO - Added document 364304da-58ad-4c3f-b7c3-6bdf8069521f with 1000 chunks to corpus 806c13c2-01af-4ef3-9094-6bab514d631e
INFO:     127.0.0.1:41536 - "POST /v1/libraries/806c13c2-01af-4ef3-9094-6bab514d631e/documents/with-embeddings HTTP/1.1" 201 Created
2026-02-05 05:52:23 - app.services.library_service - INFO - Adding document 'batch_106' with 1000 pre-computed chunks to corpus 806c13c2-01af-4ef3-9094-6bab514d631e
2026-02-05 05:58:59 - infrastructure.repositories.library_repository - INFO - Publishing event document.added to event bus
2026-02-05 05:58:59 - infrastructure.repositories.library_repository - INFO - Event document.added queued successfully
2026-02-05 05:58:59 - app.services.library_service - INFO - Added document b7f5bd06-5d6d-403f-a50c-83c72d3dd134 with 1000 chunks to corpus 806c13c2-01af-4ef3-9094-6bab514d631e
INFO:     127.0.0.1:41536 - "POST /v1/libraries/806c13c2-01af-4ef3-9094-6bab514d631e/documents/with-embeddings HTTP/1.1" 201 Created
2026-02-05 05:59:01 - app.services.library_service - INFO - Adding document 'batch_107' with 1000 pre-computed chunks to corpus 806c13c2-01af-4ef3-9094-6bab514d631e
2026-02-05 06:05:37 - infrastructure.repositories.library_repository - INFO - Publishing event document.added to event bus
2026-02-05 06:05:37 - infrastructure.repositories.library_repository - INFO - Event document.added queued successfully
2026-02-05 06:05:37 - app.services.library_service - INFO - Added document 227fc4fa-5588-4907-833e-66aca7d494b3 with 1000 chunks to corpus 806c13c2-01af-4ef3-9094-6bab514d631e
INFO:     127.0.0.1:41536 - "POST /v1/libraries/806c13c2-01af-4ef3-9094-6bab514d631e/documents/with-embeddings HTTP/1.1" 201 Created
2026-02-05 06:05:39 - app.services.library_service - INFO - Adding document 'batch_108' with 1000 pre-computed chunks to corpus 806c13c2-01af-4ef3-9094-6bab514d631e
2026-02-05 06:12:15 - infrastructure.repositories.library_repository - INFO - Publishing event document.added to event bus
2026-02-05 06:12:15 - infrastructure.repositories.library_repository - INFO - Event document.added queued successfully
2026-02-05 06:12:15 - app.services.library_service - INFO - Added document 40da8fea-4f43-4809-a33c-834a054591ea with 1000 chunks to corpus 806c13c2-01af-4ef3-9094-6bab514d631e
INFO:     127.0.0.1:41536 - "POST /v1/libraries/806c13c2-01af-4ef3-9094-6bab514d631e/documents/with-embeddings HTTP/1.1" 201 Created
2026-02-05 06:12:17 - app.services.library_service - INFO - Adding document 'batch_109' with 1000 pre-computed chunks to corpus 806c13c2-01af-4ef3-9094-6bab514d631e
2026-02-05 06:18:57 - infrastructure.repositories.library_repository - INFO - Publishing event document.added to event bus
2026-02-05 06:18:57 - infrastructure.repositories.library_repository - INFO - Event document.added queued successfully
2026-02-05 06:18:57 - app.services.library_service - INFO - Added document a1b04d42-51c5-47c8-a425-3ae4f0ac5438 with 1000 chunks to corpus 806c13c2-01af-4ef3-9094-6bab514d631e
INFO:     127.0.0.1:41536 - "POST /v1/libraries/806c13c2-01af-4ef3-9094-6bab514d631e/documents/with-embeddings HTTP/1.1" 201 Created
2026-02-05 06:18:59 - app.services.library_service - INFO - Adding document 'batch_110' with 1000 pre-computed chunks to corpus 806c13c2-01af-4ef3-9094-6bab514d631e
2026-02-05 06:25:37 - infrastructure.repositories.library_repository - INFO - Publishing event document.added to event bus
2026-02-05 06:25:37 - infrastructure.repositories.library_repository - INFO - Event document.added queued successfully
2026-02-05 06:25:37 - app.services.library_service - INFO - Added document 7b4679a2-754a-4ab8-9650-472604b82844 with 1000 chunks to corpus 806c13c2-01af-4ef3-9094-6bab514d631e
INFO:     127.0.0.1:41536 - "POST /v1/libraries/806c13c2-01af-4ef3-9094-6bab514d631e/documents/with-embeddings HTTP/1.1" 201 Created
2026-02-05 06:25:39 - app.services.library_service - INFO - Adding document 'batch_111' with 1000 pre-computed chunks to corpus 806c13c2-01af-4ef3-9094-6bab514d631e
2026-02-05 06:32:21 - infrastructure.repositories.library_repository - INFO - Publishing event document.added to event bus
2026-02-05 06:32:21 - infrastructure.repositories.library_repository - INFO - Event document.added queued successfully
2026-02-05 06:32:21 - app.services.library_service - INFO - Added document 816e47a1-d4d7-4c26-a7ed-22590e230e81 with 1000 chunks to corpus 806c13c2-01af-4ef3-9094-6bab514d631e
INFO:     127.0.0.1:41536 - "POST /v1/libraries/806c13c2-01af-4ef3-9094-6bab514d631e/documents/with-embeddings HTTP/1.1" 201 Created
2026-02-05 06:32:23 - app.services.library_service - INFO - Adding document 'batch_112' with 1000 pre-computed chunks to corpus 806c13c2-01af-4ef3-9094-6bab514d631e
2026-02-05 06:39:01 - infrastructure.repositories.library_repository - INFO - Publishing event document.added to event bus
2026-02-05 06:39:01 - infrastructure.repositories.library_repository - INFO - Event document.added queued successfully
2026-02-05 06:39:01 - app.services.library_service - INFO - Added document f6afd2cb-56dd-402d-a0fc-94d0c2ec8cfa with 1000 chunks to corpus 806c13c2-01af-4ef3-9094-6bab514d631e
INFO:     127.0.0.1:41536 - "POST /v1/libraries/806c13c2-01af-4ef3-9094-6bab514d631e/documents/with-embeddings HTTP/1.1" 201 Created
2026-02-05 06:39:03 - app.services.library_service - INFO - Adding document 'batch_113' with 1000 pre-computed chunks to corpus 806c13c2-01af-4ef3-9094-6bab514d631e
2026-02-05 06:45:42 - infrastructure.repositories.library_repository - INFO - Publishing event document.added to event bus
2026-02-05 06:45:42 - infrastructure.repositories.library_repository - INFO - Event document.added queued successfully
2026-02-05 06:45:42 - app.services.library_service - INFO - Added document b3ef26ad-aebe-48b2-b653-294a7d597a60 with 1000 chunks to corpus 806c13c2-01af-4ef3-9094-6bab514d631e
INFO:     127.0.0.1:41536 - "POST /v1/libraries/806c13c2-01af-4ef3-9094-6bab514d631e/documents/with-embeddings HTTP/1.1" 201 Created
2026-02-05 06:45:45 - app.services.library_service - INFO - Adding document 'batch_114' with 1000 pre-computed chunks to corpus 806c13c2-01af-4ef3-9094-6bab514d631e
2026-02-05 06:52:23 - infrastructure.repositories.library_repository - INFO - Publishing event document.added to event bus
2026-02-05 06:52:23 - infrastructure.repositories.library_repository - INFO - Event document.added queued successfully
2026-02-05 06:52:23 - app.services.library_service - INFO - Added document 2fbee9be-12a7-4445-914f-ca65aba5ccd3 with 1000 chunks to corpus 806c13c2-01af-4ef3-9094-6bab514d631e
INFO:     127.0.0.1:41536 - "POST /v1/libraries/806c13c2-01af-4ef3-9094-6bab514d631e/documents/with-embeddings HTTP/1.1" 201 Created
2026-02-05 06:52:25 - app.services.library_service - INFO - Adding document 'batch_115' with 1000 pre-computed chunks to corpus 806c13c2-01af-4ef3-9094-6bab514d631e
2026-02-05 06:59:06 - infrastructure.repositories.library_repository - INFO - Publishing event document.added to event bus
2026-02-05 06:59:06 - infrastructure.repositories.library_repository - INFO - Event document.added queued successfully
2026-02-05 06:59:06 - app.services.library_service - INFO - Added document dc85f89c-c6c2-4259-b354-adc7ea4c6954 with 1000 chunks to corpus 806c13c2-01af-4ef3-9094-6bab514d631e
INFO:     127.0.0.1:41536 - "POST /v1/libraries/806c13c2-01af-4ef3-9094-6bab514d631e/documents/with-embeddings HTTP/1.1" 201 Created
2026-02-05 06:59:09 - app.services.library_service - INFO - Adding document 'batch_116' with 1000 pre-computed chunks to corpus 806c13c2-01af-4ef3-9094-6bab514d631e
2026-02-05 07:05:49 - infrastructure.repositories.library_repository - INFO - Publishing event document.added to event bus
2026-02-05 07:05:49 - infrastructure.repositories.library_repository - INFO - Event document.added queued successfully
2026-02-05 07:05:49 - app.services.library_service - INFO - Added document 1f28b646-f1cf-4ec2-897a-c12c5f7ace60 with 1000 chunks to corpus 806c13c2-01af-4ef3-9094-6bab514d631e
INFO:     127.0.0.1:41536 - "POST /v1/libraries/806c13c2-01af-4ef3-9094-6bab514d631e/documents/with-embeddings HTTP/1.1" 201 Created
2026-02-05 07:05:51 - app.services.library_service - INFO - Adding document 'batch_117' with 1000 pre-computed chunks to corpus 806c13c2-01af-4ef3-9094-6bab514d631e
2026-02-05 07:12:31 - infrastructure.repositories.library_repository - INFO - Publishing event document.added to event bus
2026-02-05 07:12:31 - infrastructure.repositories.library_repository - INFO - Event document.added queued successfully
2026-02-05 07:12:31 - app.services.library_service - INFO - Added document 68e58c51-49dc-4c20-8b07-e42e254625e2 with 1000 chunks to corpus 806c13c2-01af-4ef3-9094-6bab514d631e
INFO:     127.0.0.1:41536 - "POST /v1/libraries/806c13c2-01af-4ef3-9094-6bab514d631e/documents/with-embeddings HTTP/1.1" 201 Created
2026-02-05 07:12:33 - app.services.library_service - INFO - Adding document 'batch_118' with 1000 pre-computed chunks to corpus 806c13c2-01af-4ef3-9094-6bab514d631e
2026-02-05 07:19:14 - infrastructure.repositories.library_repository - INFO - Publishing event document.added to event bus
2026-02-05 07:19:14 - infrastructure.repositories.library_repository - INFO - Event document.added queued successfully
2026-02-05 07:19:14 - app.services.library_service - INFO - Added document 1caf0eff-3f68-4fb8-9adc-5816e9553f87 with 1000 chunks to corpus 806c13c2-01af-4ef3-9094-6bab514d631e
INFO:     127.0.0.1:41536 - "POST /v1/libraries/806c13c2-01af-4ef3-9094-6bab514d631e/documents/with-embeddings HTTP/1.1" 201 Created
2026-02-05 07:19:16 - app.services.library_service - INFO - Adding document 'batch_119' with 1000 pre-computed chunks to corpus 806c13c2-01af-4ef3-9094-6bab514d631e
2026-02-05 07:25:56 - infrastructure.repositories.library_repository - INFO - Publishing event document.added to event bus
2026-02-05 07:25:56 - infrastructure.repositories.library_repository - INFO - Event document.added queued successfully
2026-02-05 07:25:56 - app.services.library_service - INFO - Added document 85cd7428-044f-4381-a24c-c2645fafec16 with 1000 chunks to corpus 806c13c2-01af-4ef3-9094-6bab514d631e
INFO:     127.0.0.1:41536 - "POST /v1/libraries/806c13c2-01af-4ef3-9094-6bab514d631e/documents/with-embeddings HTTP/1.1" 201 Created
2026-02-05 07:25:58 - app.services.library_service - INFO - Adding document 'batch_120' with 1000 pre-computed chunks to corpus 806c13c2-01af-4ef3-9094-6bab514d631e
2026-02-05 07:32:39 - infrastructure.repositories.library_repository - INFO - Publishing event document.added to event bus
2026-02-05 07:32:39 - infrastructure.repositories.library_repository - INFO - Event document.added queued successfully
2026-02-05 07:32:39 - app.services.library_service - INFO - Added document f537ca0a-1ada-4963-9b72-7f8b5624d56d with 1000 chunks to corpus 806c13c2-01af-4ef3-9094-6bab514d631e
INFO:     127.0.0.1:41536 - "POST /v1/libraries/806c13c2-01af-4ef3-9094-6bab514d631e/documents/with-embeddings HTTP/1.1" 201 Created
2026-02-05 07:32:41 - app.services.library_service - INFO - Adding document 'batch_121' with 1000 pre-computed chunks to corpus 806c13c2-01af-4ef3-9094-6bab514d631e
2026-02-05 07:39:21 - infrastructure.repositories.library_repository - INFO - Publishing event document.added to event bus
2026-02-05 07:39:21 - infrastructure.repositories.library_repository - INFO - Event document.added queued successfully
2026-02-05 07:39:21 - app.services.library_service - INFO - Added document a8a4547c-3621-41df-b62a-fb828e433571 with 1000 chunks to corpus 806c13c2-01af-4ef3-9094-6bab514d631e
INFO:     127.0.0.1:41536 - "POST /v1/libraries/806c13c2-01af-4ef3-9094-6bab514d631e/documents/with-embeddings HTTP/1.1" 201 Created
2026-02-05 07:39:23 - app.services.library_service - INFO - Adding document 'batch_122' with 1000 pre-computed chunks to corpus 806c13c2-01af-4ef3-9094-6bab514d631e
2026-02-05 07:46:03 - infrastructure.repositories.library_repository - INFO - Publishing event document.added to event bus
2026-02-05 07:46:03 - infrastructure.repositories.library_repository - INFO - Event document.added queued successfully
2026-02-05 07:46:03 - app.services.library_service - INFO - Added document 0813d55a-b460-4f56-bde4-9f9b423850db with 1000 chunks to corpus 806c13c2-01af-4ef3-9094-6bab514d631e
INFO:     127.0.0.1:41536 - "POST /v1/libraries/806c13c2-01af-4ef3-9094-6bab514d631e/documents/with-embeddings HTTP/1.1" 201 Created
2026-02-05 07:46:05 - app.services.library_service - INFO - Adding document 'batch_123' with 1000 pre-computed chunks to corpus 806c13c2-01af-4ef3-9094-6bab514d631e
2026-02-05 07:52:46 - infrastructure.repositories.library_repository - INFO - Publishing event document.added to event bus
2026-02-05 07:52:46 - infrastructure.repositories.library_repository - INFO - Event document.added queued successfully
2026-02-05 07:52:46 - app.services.library_service - INFO - Added document 1997866c-b430-41c6-993d-3efc7adc0d59 with 1000 chunks to corpus 806c13c2-01af-4ef3-9094-6bab514d631e
INFO:     127.0.0.1:41536 - "POST /v1/libraries/806c13c2-01af-4ef3-9094-6bab514d631e/documents/with-embeddings HTTP/1.1" 201 Created
2026-02-05 07:52:48 - app.services.library_service - INFO - Adding document 'batch_124' with 1000 pre-computed chunks to corpus 806c13c2-01af-4ef3-9094-6bab514d631e
2026-02-05 07:59:29 - infrastructure.repositories.library_repository - INFO - Publishing event document.added to event bus
2026-02-05 07:59:29 - infrastructure.repositories.library_repository - INFO - Event document.added queued successfully
2026-02-05 07:59:29 - app.services.library_service - INFO - Added document 7d130258-cd6c-4c71-a702-28eff05b2465 with 1000 chunks to corpus 806c13c2-01af-4ef3-9094-6bab514d631e
INFO:     127.0.0.1:41536 - "POST /v1/libraries/806c13c2-01af-4ef3-9094-6bab514d631e/documents/with-embeddings HTTP/1.1" 201 Created
2026-02-05 07:59:31 - app.services.library_service - INFO - Adding document 'batch_125' with 1000 pre-computed chunks to corpus 806c13c2-01af-4ef3-9094-6bab514d631e
2026-02-05 08:06:13 - infrastructure.repositories.library_repository - INFO - Publishing event document.added to event bus
2026-02-05 08:06:13 - infrastructure.repositories.library_repository - INFO - Event document.added queued successfully
2026-02-05 08:06:13 - app.services.library_service - INFO - Added document ea9e1868-80f1-4cfc-8a19-568f636dc433 with 1000 chunks to corpus 806c13c2-01af-4ef3-9094-6bab514d631e
INFO:     127.0.0.1:41536 - "POST /v1/libraries/806c13c2-01af-4ef3-9094-6bab514d631e/documents/with-embeddings HTTP/1.1" 201 Created
2026-02-05 08:06:16 - app.services.library_service - INFO - Adding document 'batch_126' with 1000 pre-computed chunks to corpus 806c13c2-01af-4ef3-9094-6bab514d631e
2026-02-05 08:12:56 - infrastructure.repositories.library_repository - INFO - Publishing event document.added to event bus
2026-02-05 08:12:56 - infrastructure.repositories.library_repository - INFO - Event document.added queued successfully
2026-02-05 08:12:56 - app.services.library_service - INFO - Added document 2dcd878d-fadb-493a-ac4f-1233023ebc7f with 1000 chunks to corpus 806c13c2-01af-4ef3-9094-6bab514d631e
INFO:     127.0.0.1:41536 - "POST /v1/libraries/806c13c2-01af-4ef3-9094-6bab514d631e/documents/with-embeddings HTTP/1.1" 201 Created
2026-02-05 08:12:59 - app.services.library_service - INFO - Adding document 'batch_127' with 1000 pre-computed chunks to corpus 806c13c2-01af-4ef3-9094-6bab514d631e
2026-02-05 08:19:41 - infrastructure.repositories.library_repository - INFO - Publishing event document.added to event bus
2026-02-05 08:19:41 - infrastructure.repositories.library_repository - INFO - Event document.added queued successfully
2026-02-05 08:19:41 - app.services.library_service - INFO - Added document bf21ebda-1bcb-4525-a547-e98f9c44abc1 with 1000 chunks to corpus 806c13c2-01af-4ef3-9094-6bab514d631e
INFO:     127.0.0.1:41536 - "POST /v1/libraries/806c13c2-01af-4ef3-9094-6bab514d631e/documents/with-embeddings HTTP/1.1" 201 Created
2026-02-05 08:19:43 - app.services.library_service - INFO - Adding document 'batch_128' with 1000 pre-computed chunks to corpus 806c13c2-01af-4ef3-9094-6bab514d631e
2026-02-05 08:26:24 - infrastructure.repositories.library_repository - INFO - Publishing event document.added to event bus
2026-02-05 08:26:24 - infrastructure.repositories.library_repository - INFO - Event document.added queued successfully
2026-02-05 08:26:24 - app.services.library_service - INFO - Added document cfbe84b3-5dd7-4acf-b061-e15d480b4178 with 1000 chunks to corpus 806c13c2-01af-4ef3-9094-6bab514d631e
INFO:     127.0.0.1:41536 - "POST /v1/libraries/806c13c2-01af-4ef3-9094-6bab514d631e/documents/with-embeddings HTTP/1.1" 201 Created
2026-02-05 08:26:26 - app.services.library_service - INFO - Adding document 'batch_129' with 1000 pre-computed chunks to corpus 806c13c2-01af-4ef3-9094-6bab514d631e
2026-02-05 08:33:07 - infrastructure.repositories.library_repository - INFO - Publishing event document.added to event bus
2026-02-05 08:33:07 - infrastructure.repositories.library_repository - INFO - Event document.added queued successfully
2026-02-05 08:33:07 - app.services.library_service - INFO - Added document 21e3d3c3-ea27-4280-bd39-152b0bda3d34 with 1000 chunks to corpus 806c13c2-01af-4ef3-9094-6bab514d631e
INFO:     127.0.0.1:41536 - "POST /v1/libraries/806c13c2-01af-4ef3-9094-6bab514d631e/documents/with-embeddings HTTP/1.1" 201 Created
2026-02-05 08:33:09 - app.services.library_service - INFO - Adding document 'batch_130' with 1000 pre-computed chunks to corpus 806c13c2-01af-4ef3-9094-6bab514d631e
2026-02-05 08:39:49 - infrastructure.repositories.library_repository - INFO - Publishing event document.added to event bus
2026-02-05 08:39:49 - infrastructure.repositories.library_repository - INFO - Event document.added queued successfully
2026-02-05 08:39:49 - app.services.library_service - INFO - Added document 5b0774c8-cfb3-43b6-9ebe-3b1b2aa0ec69 with 1000 chunks to corpus 806c13c2-01af-4ef3-9094-6bab514d631e
INFO:     127.0.0.1:41536 - "POST /v1/libraries/806c13c2-01af-4ef3-9094-6bab514d631e/documents/with-embeddings HTTP/1.1" 201 Created
2026-02-05 08:39:52 - app.services.library_service - INFO - Adding document 'batch_131' with 1000 pre-computed chunks to corpus 806c13c2-01af-4ef3-9094-6bab514d631e
2026-02-05 08:46:31 - infrastructure.repositories.library_repository - INFO - Publishing event document.added to event bus
2026-02-05 08:46:31 - infrastructure.repositories.library_repository - INFO - Event document.added queued successfully
2026-02-05 08:46:31 - app.services.library_service - INFO - Added document 7f8fa6f7-bf32-4210-a2b9-e56e7141c75e with 1000 chunks to corpus 806c13c2-01af-4ef3-9094-6bab514d631e
INFO:     127.0.0.1:41536 - "POST /v1/libraries/806c13c2-01af-4ef3-9094-6bab514d631e/documents/with-embeddings HTTP/1.1" 201 Created
2026-02-05 08:46:34 - app.services.library_service - INFO - Adding document 'batch_132' with 1000 pre-computed chunks to corpus 806c13c2-01af-4ef3-9094-6bab514d631e
2026-02-05 08:53:15 - infrastructure.repositories.library_repository - INFO - Publishing event document.added to event bus
2026-02-05 08:53:15 - infrastructure.repositories.library_repository - INFO - Event document.added queued successfully
2026-02-05 08:53:15 - app.services.library_service - INFO - Added document 3901ad93-12b6-45ff-aad1-260dee2ee8ac with 1000 chunks to corpus 806c13c2-01af-4ef3-9094-6bab514d631e
INFO:     127.0.0.1:41536 - "POST /v1/libraries/806c13c2-01af-4ef3-9094-6bab514d631e/documents/with-embeddings HTTP/1.1" 201 Created
2026-02-05 08:53:17 - app.services.library_service - INFO - Adding document 'batch_133' with 1000 pre-computed chunks to corpus 806c13c2-01af-4ef3-9094-6bab514d631e
2026-02-05 08:59:59 - infrastructure.repositories.library_repository - INFO - Publishing event document.added to event bus
2026-02-05 08:59:59 - infrastructure.repositories.library_repository - INFO - Event document.added queued successfully
2026-02-05 08:59:59 - app.services.library_service - INFO - Added document 018fed84-ee66-4f5c-8677-b40c74ee3033 with 1000 chunks to corpus 806c13c2-01af-4ef3-9094-6bab514d631e
INFO:     127.0.0.1:41536 - "POST /v1/libraries/806c13c2-01af-4ef3-9094-6bab514d631e/documents/with-embeddings HTTP/1.1" 201 Created
2026-02-05 09:00:01 - app.services.library_service - INFO - Adding document 'batch_134' with 1000 pre-computed chunks to corpus 806c13c2-01af-4ef3-9094-6bab514d631e
2026-02-05 09:06:44 - infrastructure.repositories.library_repository - INFO - Publishing event document.added to event bus
2026-02-05 09:06:44 - infrastructure.repositories.library_repository - INFO - Event document.added queued successfully
2026-02-05 09:06:44 - app.services.library_service - INFO - Added document 0ca94979-b894-4629-a17f-8ca945487ef0 with 1000 chunks to corpus 806c13c2-01af-4ef3-9094-6bab514d631e
INFO:     127.0.0.1:41536 - "POST /v1/libraries/806c13c2-01af-4ef3-9094-6bab514d631e/documents/with-embeddings HTTP/1.1" 201 Created
2026-02-05 09:06:46 - app.services.library_service - INFO - Adding document 'batch_135' with 1000 pre-computed chunks to corpus 806c13c2-01af-4ef3-9094-6bab514d631e
2026-02-05 09:13:27 - infrastructure.repositories.library_repository - INFO - Publishing event document.added to event bus
2026-02-05 09:13:27 - infrastructure.repositories.library_repository - INFO - Event document.added queued successfully
2026-02-05 09:13:27 - app.services.library_service - INFO - Added document 8be71534-fb81-454a-8893-84ad3c407402 with 1000 chunks to corpus 806c13c2-01af-4ef3-9094-6bab514d631e
INFO:     127.0.0.1:41536 - "POST /v1/libraries/806c13c2-01af-4ef3-9094-6bab514d631e/documents/with-embeddings HTTP/1.1" 201 Created
2026-02-05 09:13:29 - app.services.library_service - INFO - Adding document 'batch_136' with 1000 pre-computed chunks to corpus 806c13c2-01af-4ef3-9094-6bab514d631e
2026-02-05 09:20:11 - infrastructure.repositories.library_repository - INFO - Publishing event document.added to event bus
2026-02-05 09:20:11 - infrastructure.repositories.library_repository - INFO - Event document.added queued successfully
2026-02-05 09:20:11 - app.services.library_service - INFO - Added document 967c8207-6652-4c95-bc19-4d2a06639015 with 1000 chunks to corpus 806c13c2-01af-4ef3-9094-6bab514d631e
INFO:     127.0.0.1:41536 - "POST /v1/libraries/806c13c2-01af-4ef3-9094-6bab514d631e/documents/with-embeddings HTTP/1.1" 201 Created
2026-02-05 09:20:13 - app.services.library_service - INFO - Adding document 'batch_137' with 1000 pre-computed chunks to corpus 806c13c2-01af-4ef3-9094-6bab514d631e
2026-02-05 09:26:54 - infrastructure.repositories.library_repository - INFO - Publishing event document.added to event bus
2026-02-05 09:26:54 - infrastructure.repositories.library_repository - INFO - Event document.added queued successfully
2026-02-05 09:26:54 - app.services.library_service - INFO - Added document 4eba2c5a-cffa-4ad2-abe4-64f538d2f47f with 1000 chunks to corpus 806c13c2-01af-4ef3-9094-6bab514d631e
INFO:     127.0.0.1:41536 - "POST /v1/libraries/806c13c2-01af-4ef3-9094-6bab514d631e/documents/with-embeddings HTTP/1.1" 201 Created
2026-02-05 09:26:56 - app.services.library_service - INFO - Adding document 'batch_138' with 1000 pre-computed chunks to corpus 806c13c2-01af-4ef3-9094-6bab514d631e
2026-02-05 09:33:42 - infrastructure.repositories.library_repository - INFO - Publishing event document.added to event bus
2026-02-05 09:33:42 - infrastructure.repositories.library_repository - INFO - Event document.added queued successfully
2026-02-05 09:33:42 - app.services.library_service - INFO - Added document 8f50e705-823f-406a-b9b0-c465f45351d3 with 1000 chunks to corpus 806c13c2-01af-4ef3-9094-6bab514d631e
INFO:     127.0.0.1:41536 - "POST /v1/libraries/806c13c2-01af-4ef3-9094-6bab514d631e/documents/with-embeddings HTTP/1.1" 201 Created
2026-02-05 09:33:45 - app.services.library_service - INFO - Adding document 'batch_139' with 1000 pre-computed chunks to corpus 806c13c2-01af-4ef3-9094-6bab514d631e
2026-02-05 09:40:25 - infrastructure.repositories.library_repository - INFO - Publishing event document.added to event bus
2026-02-05 09:40:25 - infrastructure.repositories.library_repository - INFO - Event document.added queued successfully
2026-02-05 09:40:25 - app.services.library_service - INFO - Added document 73e8d67c-4ec4-4478-843a-1beb8cabedca with 1000 chunks to corpus 806c13c2-01af-4ef3-9094-6bab514d631e
INFO:     127.0.0.1:41536 - "POST /v1/libraries/806c13c2-01af-4ef3-9094-6bab514d631e/documents/with-embeddings HTTP/1.1" 201 Created
2026-02-05 09:40:28 - app.services.library_service - INFO - Adding document 'batch_140' with 1000 pre-computed chunks to corpus 806c13c2-01af-4ef3-9094-6bab514d631e
2026-02-05 09:47:11 - infrastructure.repositories.library_repository - INFO - Publishing event document.added to event bus
2026-02-05 09:47:11 - infrastructure.repositories.library_repository - INFO - Event document.added queued successfully
2026-02-05 09:47:11 - app.services.library_service - INFO - Added document d824b5d4-57aa-4c1f-9999-d2e28d7cf65f with 1000 chunks to corpus 806c13c2-01af-4ef3-9094-6bab514d631e
INFO:     127.0.0.1:41536 - "POST /v1/libraries/806c13c2-01af-4ef3-9094-6bab514d631e/documents/with-embeddings HTTP/1.1" 201 Created
2026-02-05 09:47:13 - app.services.library_service - INFO - Adding document 'batch_141' with 1000 pre-computed chunks to corpus 806c13c2-01af-4ef3-9094-6bab514d631e
2026-02-05 09:53:56 - infrastructure.repositories.library_repository - INFO - Publishing event document.added to event bus
2026-02-05 09:53:56 - infrastructure.repositories.library_repository - INFO - Event document.added queued successfully
2026-02-05 09:53:56 - app.services.library_service - INFO - Added document e0737f87-b90c-437c-a4e8-91bc3aafd722 with 1000 chunks to corpus 806c13c2-01af-4ef3-9094-6bab514d631e
INFO:     127.0.0.1:41536 - "POST /v1/libraries/806c13c2-01af-4ef3-9094-6bab514d631e/documents/with-embeddings HTTP/1.1" 201 Created
2026-02-05 09:53:58 - app.services.library_service - INFO - Adding document 'batch_142' with 1000 pre-computed chunks to corpus 806c13c2-01af-4ef3-9094-6bab514d631e
2026-02-05 10:00:41 - infrastructure.repositories.library_repository - INFO - Publishing event document.added to event bus
2026-02-05 10:00:41 - infrastructure.repositories.library_repository - INFO - Event document.added queued successfully
2026-02-05 10:00:41 - app.services.library_service - INFO - Added document 38964c63-e8a7-461c-ad89-b97daa47aaa3 with 1000 chunks to corpus 806c13c2-01af-4ef3-9094-6bab514d631e
INFO:     127.0.0.1:41536 - "POST /v1/libraries/806c13c2-01af-4ef3-9094-6bab514d631e/documents/with-embeddings HTTP/1.1" 201 Created
2026-02-05 10:00:43 - app.services.library_service - INFO - Adding document 'batch_143' with 1000 pre-computed chunks to corpus 806c13c2-01af-4ef3-9094-6bab514d631e
2026-02-05 10:07:26 - infrastructure.repositories.library_repository - INFO - Publishing event document.added to event bus
2026-02-05 10:07:26 - infrastructure.repositories.library_repository - INFO - Event document.added queued successfully
2026-02-05 10:07:26 - app.services.library_service - INFO - Added document bb89caff-435b-485f-86ef-946d5809aa3b with 1000 chunks to corpus 806c13c2-01af-4ef3-9094-6bab514d631e
INFO:     127.0.0.1:41536 - "POST /v1/libraries/806c13c2-01af-4ef3-9094-6bab514d631e/documents/with-embeddings HTTP/1.1" 201 Created
2026-02-05 10:07:28 - app.services.library_service - INFO - Adding document 'batch_144' with 1000 pre-computed chunks to corpus 806c13c2-01af-4ef3-9094-6bab514d631e
2026-02-05 10:14:10 - infrastructure.repositories.library_repository - INFO - Publishing event document.added to event bus
2026-02-05 10:14:10 - infrastructure.repositories.library_repository - INFO - Event document.added queued successfully
2026-02-05 10:14:10 - app.services.library_service - INFO - Added document fd84b481-757e-4647-a35d-da77eca4ef28 with 1000 chunks to corpus 806c13c2-01af-4ef3-9094-6bab514d631e
INFO:     127.0.0.1:41536 - "POST /v1/libraries/806c13c2-01af-4ef3-9094-6bab514d631e/documents/with-embeddings HTTP/1.1" 201 Created
2026-02-05 10:14:12 - app.services.library_service - INFO - Adding document 'batch_145' with 1000 pre-computed chunks to corpus 806c13c2-01af-4ef3-9094-6bab514d631e
2026-02-05 10:20:55 - infrastructure.repositories.library_repository - INFO - Publishing event document.added to event bus
2026-02-05 10:20:55 - infrastructure.repositories.library_repository - INFO - Event document.added queued successfully
2026-02-05 10:20:55 - app.services.library_service - INFO - Added document 7b1c1d7e-8af1-4cad-8aec-646bdbd091fd with 1000 chunks to corpus 806c13c2-01af-4ef3-9094-6bab514d631e
INFO:     127.0.0.1:41536 - "POST /v1/libraries/806c13c2-01af-4ef3-9094-6bab514d631e/documents/with-embeddings HTTP/1.1" 201 Created
2026-02-05 10:20:57 - app.services.library_service - INFO - Adding document 'batch_146' with 1000 pre-computed chunks to corpus 806c13c2-01af-4ef3-9094-6bab514d631e
2026-02-05 10:27:40 - infrastructure.repositories.library_repository - INFO - Publishing event document.added to event bus
2026-02-05 10:27:40 - infrastructure.repositories.library_repository - INFO - Event document.added queued successfully
2026-02-05 10:27:40 - app.services.library_service - INFO - Added document 0b6537f1-275b-45d3-86f6-9b43b22d3e1c with 1000 chunks to corpus 806c13c2-01af-4ef3-9094-6bab514d631e
INFO:     127.0.0.1:41536 - "POST /v1/libraries/806c13c2-01af-4ef3-9094-6bab514d631e/documents/with-embeddings HTTP/1.1" 201 Created
2026-02-05 10:27:42 - app.services.library_service - INFO - Adding document 'batch_147' with 1000 pre-computed chunks to corpus 806c13c2-01af-4ef3-9094-6bab514d631e
2026-02-05 10:34:27 - infrastructure.repositories.library_repository - INFO - Publishing event document.added to event bus
2026-02-05 10:34:27 - infrastructure.repositories.library_repository - INFO - Event document.added queued successfully
2026-02-05 10:34:27 - app.services.library_service - INFO - Added document 64acedf5-2060-4cb2-a609-378d5b814187 with 1000 chunks to corpus 806c13c2-01af-4ef3-9094-6bab514d631e
INFO:     127.0.0.1:41536 - "POST /v1/libraries/806c13c2-01af-4ef3-9094-6bab514d631e/documents/with-embeddings HTTP/1.1" 201 Created
2026-02-05 10:34:29 - app.services.library_service - INFO - Adding document 'batch_148' with 1000 pre-computed chunks to corpus 806c13c2-01af-4ef3-9094-6bab514d631e
2026-02-05 10:41:13 - infrastructure.repositories.library_repository - INFO - Publishing event document.added to event bus
2026-02-05 10:41:13 - infrastructure.repositories.library_repository - INFO - Event document.added queued successfully
2026-02-05 10:41:13 - app.services.library_service - INFO - Added document 04ae95b0-f18b-4ca1-9cd8-70b3853d896c with 1000 chunks to corpus 806c13c2-01af-4ef3-9094-6bab514d631e
INFO:     127.0.0.1:41536 - "POST /v1/libraries/806c13c2-01af-4ef3-9094-6bab514d631e/documents/with-embeddings HTTP/1.1" 201 Created
2026-02-05 10:41:15 - app.services.library_service - INFO - Adding document 'batch_149' with 1000 pre-computed chunks to corpus 806c13c2-01af-4ef3-9094-6bab514d631e
2026-02-05 10:48:00 - infrastructure.repositories.library_repository - INFO - Publishing event document.added to event bus
2026-02-05 10:48:00 - infrastructure.repositories.library_repository - INFO - Event document.added queued successfully
2026-02-05 10:48:00 - app.services.library_service - INFO - Added document c4626a6a-9291-4104-92e6-65d60df79f7d with 1000 chunks to corpus 806c13c2-01af-4ef3-9094-6bab514d631e
INFO:     127.0.0.1:41536 - "POST /v1/libraries/806c13c2-01af-4ef3-9094-6bab514d631e/documents/with-embeddings HTTP/1.1" 201 Created
2026-02-05 10:48:02 - app.services.library_service - INFO - Adding document 'batch_150' with 1000 pre-computed chunks to corpus 806c13c2-01af-4ef3-9094-6bab514d631e
2026-02-05 10:54:46 - infrastructure.repositories.library_repository - INFO - Publishing event document.added to event bus
2026-02-05 10:54:46 - infrastructure.repositories.library_repository - INFO - Event document.added queued successfully
2026-02-05 10:54:46 - app.services.library_service - INFO - Added document 10e0f271-3e88-4472-9a5e-35a1418b1620 with 1000 chunks to corpus 806c13c2-01af-4ef3-9094-6bab514d631e
INFO:     127.0.0.1:41536 - "POST /v1/libraries/806c13c2-01af-4ef3-9094-6bab514d631e/documents/with-embeddings HTTP/1.1" 201 Created
2026-02-05 10:54:48 - app.services.library_service - INFO - Adding document 'batch_151' with 1000 pre-computed chunks to corpus 806c13c2-01af-4ef3-9094-6bab514d631e
2026-02-05 11:01:34 - infrastructure.repositories.library_repository - INFO - Publishing event document.added to event bus
2026-02-05 11:01:34 - infrastructure.repositories.library_repository - INFO - Event document.added queued successfully
2026-02-05 11:01:34 - app.services.library_service - INFO - Added document 552964c7-a686-4e58-9f0b-9071b69f2349 with 1000 chunks to corpus 806c13c2-01af-4ef3-9094-6bab514d631e
INFO:     127.0.0.1:41536 - "POST /v1/libraries/806c13c2-01af-4ef3-9094-6bab514d631e/documents/with-embeddings HTTP/1.1" 201 Created
2026-02-05 11:01:36 - app.services.library_service - INFO - Adding document 'batch_152' with 1000 pre-computed chunks to corpus 806c13c2-01af-4ef3-9094-6bab514d631e
2026-02-05 11:08:19 - infrastructure.repositories.library_repository - INFO - Publishing event document.added to event bus
2026-02-05 11:08:19 - infrastructure.repositories.library_repository - INFO - Event document.added queued successfully
2026-02-05 11:08:19 - app.services.library_service - INFO - Added document 80f5e8fb-bb92-41b5-bb1e-e592e5114224 with 1000 chunks to corpus 806c13c2-01af-4ef3-9094-6bab514d631e
INFO:     127.0.0.1:41536 - "POST /v1/libraries/806c13c2-01af-4ef3-9094-6bab514d631e/documents/with-embeddings HTTP/1.1" 201 Created
2026-02-05 11:08:22 - app.services.library_service - INFO - Adding document 'batch_153' with 1000 pre-computed chunks to corpus 806c13c2-01af-4ef3-9094-6bab514d631e
2026-02-05 11:15:03 - infrastructure.repositories.library_repository - INFO - Publishing event document.added to event bus
2026-02-05 11:15:03 - infrastructure.repositories.library_repository - INFO - Event document.added queued successfully
2026-02-05 11:15:03 - app.services.library_service - INFO - Added document a5c76c60-3a45-4608-927a-ee3fc7184cd0 with 1000 chunks to corpus 806c13c2-01af-4ef3-9094-6bab514d631e
INFO:     127.0.0.1:41536 - "POST /v1/libraries/806c13c2-01af-4ef3-9094-6bab514d631e/documents/with-embeddings HTTP/1.1" 201 Created
2026-02-05 11:15:07 - app.services.library_service - INFO - Adding document 'batch_154' with 1000 pre-computed chunks to corpus 806c13c2-01af-4ef3-9094-6bab514d631e
2026-02-05 11:21:50 - infrastructure.repositories.library_repository - INFO - Publishing event document.added to event bus
2026-02-05 11:21:50 - infrastructure.repositories.library_repository - INFO - Event document.added queued successfully
2026-02-05 11:21:50 - app.services.library_service - INFO - Added document 4fd04131-999a-43c2-be92-d630333f1a0d with 1000 chunks to corpus 806c13c2-01af-4ef3-9094-6bab514d631e
INFO:     127.0.0.1:41536 - "POST /v1/libraries/806c13c2-01af-4ef3-9094-6bab514d631e/documents/with-embeddings HTTP/1.1" 201 Created
2026-02-05 11:21:52 - app.services.library_service - INFO - Adding document 'batch_155' with 1000 pre-computed chunks to corpus 806c13c2-01af-4ef3-9094-6bab514d631e
2026-02-05 11:28:34 - infrastructure.repositories.library_repository - INFO - Publishing event document.added to event bus
2026-02-05 11:28:34 - infrastructure.repositories.library_repository - INFO - Event document.added queued successfully
2026-02-05 11:28:34 - app.services.library_service - INFO - Added document 34889796-c3f9-48d6-8661-e2ea66323b0c with 1000 chunks to corpus 806c13c2-01af-4ef3-9094-6bab514d631e
INFO:     127.0.0.1:41536 - "POST /v1/libraries/806c13c2-01af-4ef3-9094-6bab514d631e/documents/with-embeddings HTTP/1.1" 201 Created
2026-02-05 11:28:36 - app.services.library_service - INFO - Adding document 'batch_156' with 1000 pre-computed chunks to corpus 806c13c2-01af-4ef3-9094-6bab514d631e
2026-02-05 11:35:23 - infrastructure.repositories.library_repository - INFO - Publishing event document.added to event bus
2026-02-05 11:35:23 - infrastructure.repositories.library_repository - INFO - Event document.added queued successfully
2026-02-05 11:35:23 - app.services.library_service - INFO - Added document 090259a9-cb20-42af-b48e-372bba967145 with 1000 chunks to corpus 806c13c2-01af-4ef3-9094-6bab514d631e
INFO:     127.0.0.1:41536 - "POST /v1/libraries/806c13c2-01af-4ef3-9094-6bab514d631e/documents/with-embeddings HTTP/1.1" 201 Created
2026-02-05 11:35:25 - app.services.library_service - INFO - Adding document 'batch_157' with 1000 pre-computed chunks to corpus 806c13c2-01af-4ef3-9094-6bab514d631e
2026-02-05 11:42:08 - infrastructure.repositories.library_repository - INFO - Publishing event document.added to event bus
2026-02-05 11:42:08 - infrastructure.repositories.library_repository - INFO - Event document.added queued successfully
2026-02-05 11:42:08 - app.services.library_service - INFO - Added document 90133bef-b066-41bd-9930-d49accae0c6c with 1000 chunks to corpus 806c13c2-01af-4ef3-9094-6bab514d631e
INFO:     127.0.0.1:41536 - "POST /v1/libraries/806c13c2-01af-4ef3-9094-6bab514d631e/documents/with-embeddings HTTP/1.1" 201 Created
2026-02-05 11:42:10 - app.services.library_service - INFO - Adding document 'batch_158' with 1000 pre-computed chunks to corpus 806c13c2-01af-4ef3-9094-6bab514d631e
2026-02-05 11:48:53 - infrastructure.repositories.library_repository - INFO - Publishing event document.added to event bus
2026-02-05 11:48:53 - infrastructure.repositories.library_repository - INFO - Event document.added queued successfully
2026-02-05 11:48:53 - app.services.library_service - INFO - Added document db437664-94f7-440a-a06a-ab5ced29bd78 with 1000 chunks to corpus 806c13c2-01af-4ef3-9094-6bab514d631e
INFO:     127.0.0.1:41536 - "POST /v1/libraries/806c13c2-01af-4ef3-9094-6bab514d631e/documents/with-embeddings HTTP/1.1" 201 Created
2026-02-05 11:48:55 - app.services.library_service - INFO - Adding document 'batch_159' with 1000 pre-computed chunks to corpus 806c13c2-01af-4ef3-9094-6bab514d631e
2026-02-05 11:55:39 - infrastructure.repositories.library_repository - INFO - Publishing event document.added to event bus
2026-02-05 11:55:39 - infrastructure.repositories.library_repository - INFO - Event document.added queued successfully
2026-02-05 11:55:39 - app.services.library_service - INFO - Added document 046b09b3-f140-49a3-bc2d-7ce45b1ee9ad with 1000 chunks to corpus 806c13c2-01af-4ef3-9094-6bab514d631e
INFO:     127.0.0.1:41536 - "POST /v1/libraries/806c13c2-01af-4ef3-9094-6bab514d631e/documents/with-embeddings HTTP/1.1" 201 Created
2026-02-05 11:55:41 - app.services.library_service - INFO - Adding document 'batch_160' with 1000 pre-computed chunks to corpus 806c13c2-01af-4ef3-9094-6bab514d631e
2026-02-05 12:02:24 - infrastructure.repositories.library_repository - INFO - Publishing event document.added to event bus
2026-02-05 12:02:24 - infrastructure.repositories.library_repository - INFO - Event document.added queued successfully
2026-02-05 12:02:24 - app.services.library_service - INFO - Added document 54ca4144-0e66-4326-846a-ec0aaed716d0 with 1000 chunks to corpus 806c13c2-01af-4ef3-9094-6bab514d631e
INFO:     127.0.0.1:41536 - "POST /v1/libraries/806c13c2-01af-4ef3-9094-6bab514d631e/documents/with-embeddings HTTP/1.1" 201 Created
2026-02-05 12:02:27 - app.services.library_service - INFO - Adding document 'batch_161' with 1000 pre-computed chunks to corpus 806c13c2-01af-4ef3-9094-6bab514d631e
2026-02-05 12:09:11 - infrastructure.repositories.library_repository - INFO - Publishing event document.added to event bus
2026-02-05 12:09:11 - infrastructure.repositories.library_repository - INFO - Event document.added queued successfully
2026-02-05 12:09:11 - app.services.library_service - INFO - Added document 617066f7-f32f-4ac6-ba11-b48baf24e5da with 1000 chunks to corpus 806c13c2-01af-4ef3-9094-6bab514d631e
INFO:     127.0.0.1:41536 - "POST /v1/libraries/806c13c2-01af-4ef3-9094-6bab514d631e/documents/with-embeddings HTTP/1.1" 201 Created
2026-02-05 12:09:13 - app.services.library_service - INFO - Adding document 'batch_162' with 1000 pre-computed chunks to corpus 806c13c2-01af-4ef3-9094-6bab514d631e
2026-02-05 12:15:57 - infrastructure.repositories.library_repository - INFO - Publishing event document.added to event bus
2026-02-05 12:15:57 - infrastructure.repositories.library_repository - INFO - Event document.added queued successfully
2026-02-05 12:15:57 - app.services.library_service - INFO - Added document e435c687-386b-4d21-9b71-2c802b560746 with 1000 chunks to corpus 806c13c2-01af-4ef3-9094-6bab514d631e
INFO:     127.0.0.1:41536 - "POST /v1/libraries/806c13c2-01af-4ef3-9094-6bab514d631e/documents/with-embeddings HTTP/1.1" 201 Created
2026-02-05 12:16:00 - app.services.library_service - INFO - Adding document 'batch_163' with 1000 pre-computed chunks to corpus 806c13c2-01af-4ef3-9094-6bab514d631e
2026-02-05 12:22:44 - infrastructure.repositories.library_repository - INFO - Publishing event document.added to event bus
2026-02-05 12:22:44 - infrastructure.repositories.library_repository - INFO - Event document.added queued successfully
2026-02-05 12:22:44 - app.services.library_service - INFO - Added document 7350554d-44a4-41a7-80bc-563c21942785 with 1000 chunks to corpus 806c13c2-01af-4ef3-9094-6bab514d631e
INFO:     127.0.0.1:41536 - "POST /v1/libraries/806c13c2-01af-4ef3-9094-6bab514d631e/documents/with-embeddings HTTP/1.1" 201 Created
2026-02-05 12:22:47 - app.services.library_service - INFO - Adding document 'batch_164' with 1000 pre-computed chunks to corpus 806c13c2-01af-4ef3-9094-6bab514d631e
2026-02-05 12:29:31 - infrastructure.repositories.library_repository - INFO - Publishing event document.added to event bus
2026-02-05 12:29:31 - infrastructure.repositories.library_repository - INFO - Event document.added queued successfully
2026-02-05 12:29:31 - app.services.library_service - INFO - Added document 34464835-2d30-4651-b22c-809e523c14df with 1000 chunks to corpus 806c13c2-01af-4ef3-9094-6bab514d631e
INFO:     127.0.0.1:41536 - "POST /v1/libraries/806c13c2-01af-4ef3-9094-6bab514d631e/documents/with-embeddings HTTP/1.1" 201 Created
2026-02-05 12:29:34 - app.services.library_service - INFO - Adding document 'batch_165' with 1000 pre-computed chunks to corpus 806c13c2-01af-4ef3-9094-6bab514d631e
2026-02-05 12:36:20 - infrastructure.repositories.library_repository - INFO - Publishing event document.added to event bus
2026-02-05 12:36:20 - infrastructure.repositories.library_repository - INFO - Event document.added queued successfully
2026-02-05 12:36:20 - app.services.library_service - INFO - Added document 301b41b9-75cd-4a37-a7fe-5883b8151cdc with 1000 chunks to corpus 806c13c2-01af-4ef3-9094-6bab514d631e
INFO:     127.0.0.1:41536 - "POST /v1/libraries/806c13c2-01af-4ef3-9094-6bab514d631e/documents/with-embeddings HTTP/1.1" 201 Created
2026-02-05 12:36:22 - app.services.library_service - INFO - Adding document 'batch_166' with 1000 pre-computed chunks to corpus 806c13c2-01af-4ef3-9094-6bab514d631e
2026-02-05 12:43:07 - infrastructure.repositories.library_repository - INFO - Publishing event document.added to event bus
2026-02-05 12:43:07 - infrastructure.repositories.library_repository - INFO - Event document.added queued successfully
2026-02-05 12:43:07 - app.services.library_service - INFO - Added document a324bf0b-35a2-4b57-8845-c1f9a7c248c7 with 1000 chunks to corpus 806c13c2-01af-4ef3-9094-6bab514d631e
INFO:     127.0.0.1:41536 - "POST /v1/libraries/806c13c2-01af-4ef3-9094-6bab514d631e/documents/with-embeddings HTTP/1.1" 201 Created
2026-02-05 12:43:10 - app.services.library_service - INFO - Adding document 'batch_167' with 1000 pre-computed chunks to corpus 806c13c2-01af-4ef3-9094-6bab514d631e
2026-02-05 12:49:54 - infrastructure.repositories.library_repository - INFO - Publishing event document.added to event bus
2026-02-05 12:49:54 - infrastructure.repositories.library_repository - INFO - Event document.added queued successfully
2026-02-05 12:49:54 - app.services.library_service - INFO - Added document 714ed784-a6ba-4c09-b810-1691b8b38ca9 with 1000 chunks to corpus 806c13c2-01af-4ef3-9094-6bab514d631e
INFO:     127.0.0.1:41536 - "POST /v1/libraries/806c13c2-01af-4ef3-9094-6bab514d631e/documents/with-embeddings HTTP/1.1" 201 Created
2026-02-05 12:49:56 - app.services.library_service - INFO - Adding document 'batch_168' with 1000 pre-computed chunks to corpus 806c13c2-01af-4ef3-9094-6bab514d631e
2026-02-05 12:56:42 - infrastructure.repositories.library_repository - INFO - Publishing event document.added to event bus
2026-02-05 12:56:42 - infrastructure.repositories.library_repository - INFO - Event document.added queued successfully
2026-02-05 12:56:42 - app.services.library_service - INFO - Added document c56c1e75-b0e5-44fb-8bc4-a74753c16416 with 1000 chunks to corpus 806c13c2-01af-4ef3-9094-6bab514d631e
INFO:     127.0.0.1:41536 - "POST /v1/libraries/806c13c2-01af-4ef3-9094-6bab514d631e/documents/with-embeddings HTTP/1.1" 201 Created
2026-02-05 12:56:44 - app.services.library_service - INFO - Adding document 'batch_169' with 1000 pre-computed chunks to corpus 806c13c2-01af-4ef3-9094-6bab514d631e
2026-02-05 13:03:30 - infrastructure.repositories.library_repository - INFO - Publishing event document.added to event bus
2026-02-05 13:03:30 - infrastructure.repositories.library_repository - INFO - Event document.added queued successfully
2026-02-05 13:03:30 - app.services.library_service - INFO - Added document bba9cb30-b0a9-489e-8f2a-70e9a5096f96 with 1000 chunks to corpus 806c13c2-01af-4ef3-9094-6bab514d631e
INFO:     127.0.0.1:41536 - "POST /v1/libraries/806c13c2-01af-4ef3-9094-6bab514d631e/documents/with-embeddings HTTP/1.1" 201 Created
2026-02-05 13:03:32 - app.services.library_service - INFO - Adding document 'batch_170' with 1000 pre-computed chunks to corpus 806c13c2-01af-4ef3-9094-6bab514d631e
2026-02-05 13:10:19 - infrastructure.repositories.library_repository - INFO - Publishing event document.added to event bus
2026-02-05 13:10:19 - infrastructure.repositories.library_repository - INFO - Event document.added queued successfully
2026-02-05 13:10:19 - app.services.library_service - INFO - Added document 3f7208d7-6ff1-48f0-9c7a-51197b733427 with 1000 chunks to corpus 806c13c2-01af-4ef3-9094-6bab514d631e
INFO:     127.0.0.1:41536 - "POST /v1/libraries/806c13c2-01af-4ef3-9094-6bab514d631e/documents/with-embeddings HTTP/1.1" 201 Created
2026-02-05 13:10:22 - app.services.library_service - INFO - Adding document 'batch_171' with 1000 pre-computed chunks to corpus 806c13c2-01af-4ef3-9094-6bab514d631e
2026-02-05 13:17:07 - infrastructure.repositories.library_repository - INFO - Publishing event document.added to event bus
2026-02-05 13:17:07 - infrastructure.repositories.library_repository - INFO - Event document.added queued successfully
2026-02-05 13:17:07 - app.services.library_service - INFO - Added document 242d28c7-9132-4df6-b764-ede8d54a4db9 with 1000 chunks to corpus 806c13c2-01af-4ef3-9094-6bab514d631e
INFO:     127.0.0.1:41536 - "POST /v1/libraries/806c13c2-01af-4ef3-9094-6bab514d631e/documents/with-embeddings HTTP/1.1" 201 Created
2026-02-05 13:17:09 - app.services.library_service - INFO - Adding document 'batch_172' with 1000 pre-computed chunks to corpus 806c13c2-01af-4ef3-9094-6bab514d631e
2026-02-05 13:23:54 - infrastructure.repositories.library_repository - INFO - Publishing event document.added to event bus
2026-02-05 13:23:54 - infrastructure.repositories.library_repository - INFO - Event document.added queued successfully
2026-02-05 13:23:54 - app.services.library_service - INFO - Added document f61aca53-0da7-4ff0-b7a1-ddb801e44ca1 with 1000 chunks to corpus 806c13c2-01af-4ef3-9094-6bab514d631e
INFO:     127.0.0.1:41536 - "POST /v1/libraries/806c13c2-01af-4ef3-9094-6bab514d631e/documents/with-embeddings HTTP/1.1" 201 Created
2026-02-05 13:23:56 - app.services.library_service - INFO - Adding document 'batch_173' with 1000 pre-computed chunks to corpus 806c13c2-01af-4ef3-9094-6bab514d631e
2026-02-05 13:30:43 - infrastructure.repositories.library_repository - INFO - Publishing event document.added to event bus
2026-02-05 13:30:43 - infrastructure.repositories.library_repository - INFO - Event document.added queued successfully
2026-02-05 13:30:43 - app.services.library_service - INFO - Added document dbd81e21-f9ea-4764-82df-dc0113d8d2b6 with 1000 chunks to corpus 806c13c2-01af-4ef3-9094-6bab514d631e
INFO:     127.0.0.1:41536 - "POST /v1/libraries/806c13c2-01af-4ef3-9094-6bab514d631e/documents/with-embeddings HTTP/1.1" 201 Created
2026-02-05 13:30:45 - app.services.library_service - INFO - Adding document 'batch_174' with 1000 pre-computed chunks to corpus 806c13c2-01af-4ef3-9094-6bab514d631e
2026-02-05 13:37:30 - infrastructure.repositories.library_repository - INFO - Publishing event document.added to event bus
2026-02-05 13:37:30 - infrastructure.repositories.library_repository - INFO - Event document.added queued successfully
2026-02-05 13:37:30 - app.services.library_service - INFO - Added document 411964f1-772f-4a7b-b3c6-e601e4e495b0 with 1000 chunks to corpus 806c13c2-01af-4ef3-9094-6bab514d631e
INFO:     127.0.0.1:41536 - "POST /v1/libraries/806c13c2-01af-4ef3-9094-6bab514d631e/documents/with-embeddings HTTP/1.1" 201 Created
2026-02-05 13:37:32 - app.services.library_service - INFO - Adding document 'batch_175' with 1000 pre-computed chunks to corpus 806c13c2-01af-4ef3-9094-6bab514d631e
2026-02-05 13:44:18 - infrastructure.repositories.library_repository - INFO - Publishing event document.added to event bus
2026-02-05 13:44:18 - infrastructure.repositories.library_repository - INFO - Event document.added queued successfully
2026-02-05 13:44:18 - app.services.library_service - INFO - Added document c7ea2f26-ddfd-4692-9a7d-f14622f8b6ea with 1000 chunks to corpus 806c13c2-01af-4ef3-9094-6bab514d631e
INFO:     127.0.0.1:41536 - "POST /v1/libraries/806c13c2-01af-4ef3-9094-6bab514d631e/documents/with-embeddings HTTP/1.1" 201 Created
2026-02-05 13:44:20 - app.services.library_service - INFO - Adding document 'batch_176' with 1000 pre-computed chunks to corpus 806c13c2-01af-4ef3-9094-6bab514d631e
2026-02-05 13:51:06 - infrastructure.repositories.library_repository - INFO - Publishing event document.added to event bus
2026-02-05 13:51:06 - infrastructure.repositories.library_repository - INFO - Event document.added queued successfully
2026-02-05 13:51:06 - app.services.library_service - INFO - Added document 98a1c68f-da7f-48ac-8214-9d59dfc660db with 1000 chunks to corpus 806c13c2-01af-4ef3-9094-6bab514d631e
INFO:     127.0.0.1:41536 - "POST /v1/libraries/806c13c2-01af-4ef3-9094-6bab514d631e/documents/with-embeddings HTTP/1.1" 201 Created
2026-02-05 13:51:08 - app.services.library_service - INFO - Adding document 'batch_177' with 1000 pre-computed chunks to corpus 806c13c2-01af-4ef3-9094-6bab514d631e
2026-02-05 13:57:55 - infrastructure.repositories.library_repository - INFO - Publishing event document.added to event bus
2026-02-05 13:57:55 - infrastructure.repositories.library_repository - INFO - Event document.added queued successfully
2026-02-05 13:57:55 - app.services.library_service - INFO - Added document 97c09fa5-3503-4289-876f-3fe2ffc1f4cd with 1000 chunks to corpus 806c13c2-01af-4ef3-9094-6bab514d631e
INFO:     127.0.0.1:41536 - "POST /v1/libraries/806c13c2-01af-4ef3-9094-6bab514d631e/documents/with-embeddings HTTP/1.1" 201 Created
2026-02-05 13:57:57 - app.services.library_service - INFO - Adding document 'batch_178' with 1000 pre-computed chunks to corpus 806c13c2-01af-4ef3-9094-6bab514d631e
2026-02-05 14:04:42 - infrastructure.repositories.library_repository - INFO - Publishing event document.added to event bus
2026-02-05 14:04:42 - infrastructure.repositories.library_repository - INFO - Event document.added queued successfully
2026-02-05 14:04:42 - app.services.library_service - INFO - Added document f3ea1322-577c-4995-b94b-8c2a13c31a37 with 1000 chunks to corpus 806c13c2-01af-4ef3-9094-6bab514d631e
INFO:     127.0.0.1:41536 - "POST /v1/libraries/806c13c2-01af-4ef3-9094-6bab514d631e/documents/with-embeddings HTTP/1.1" 201 Created
2026-02-05 14:04:44 - app.services.library_service - INFO - Adding document 'batch_179' with 1000 pre-computed chunks to corpus 806c13c2-01af-4ef3-9094-6bab514d631e
2026-02-05 14:11:32 - infrastructure.repositories.library_repository - INFO - Publishing event document.added to event bus
2026-02-05 14:11:32 - infrastructure.repositories.library_repository - INFO - Event document.added queued successfully
2026-02-05 14:11:32 - app.services.library_service - INFO - Added document 484d69d4-6596-40cd-9c24-0120563a11f7 with 1000 chunks to corpus 806c13c2-01af-4ef3-9094-6bab514d631e
INFO:     127.0.0.1:41536 - "POST /v1/libraries/806c13c2-01af-4ef3-9094-6bab514d631e/documents/with-embeddings HTTP/1.1" 201 Created
2026-02-05 14:11:34 - app.services.library_service - INFO - Adding document 'batch_180' with 1000 pre-computed chunks to corpus 806c13c2-01af-4ef3-9094-6bab514d631e
2026-02-05 14:18:21 - infrastructure.repositories.library_repository - INFO - Publishing event document.added to event bus
2026-02-05 14:18:21 - infrastructure.repositories.library_repository - INFO - Event document.added queued successfully
2026-02-05 14:18:21 - app.services.library_service - INFO - Added document 8276306a-79ad-4e28-bdb4-c2a2c4dbc783 with 1000 chunks to corpus 806c13c2-01af-4ef3-9094-6bab514d631e
INFO:     127.0.0.1:41536 - "POST /v1/libraries/806c13c2-01af-4ef3-9094-6bab514d631e/documents/with-embeddings HTTP/1.1" 201 Created
2026-02-05 14:18:23 - app.services.library_service - INFO - Adding document 'batch_181' with 1000 pre-computed chunks to corpus 806c13c2-01af-4ef3-9094-6bab514d631e
2026-02-05 14:25:11 - infrastructure.repositories.library_repository - INFO - Publishing event document.added to event bus
2026-02-05 14:25:11 - infrastructure.repositories.library_repository - INFO - Event document.added queued successfully
2026-02-05 14:25:11 - app.services.library_service - INFO - Added document 6c404c23-d732-47b9-9c2d-fc4e35456b70 with 1000 chunks to corpus 806c13c2-01af-4ef3-9094-6bab514d631e
INFO:     127.0.0.1:41536 - "POST /v1/libraries/806c13c2-01af-4ef3-9094-6bab514d631e/documents/with-embeddings HTTP/1.1" 201 Created
2026-02-05 14:25:13 - app.services.library_service - INFO - Adding document 'batch_182' with 1000 pre-computed chunks to corpus 806c13c2-01af-4ef3-9094-6bab514d631e
2026-02-05 14:31:59 - infrastructure.repositories.library_repository - INFO - Publishing event document.added to event bus
2026-02-05 14:31:59 - infrastructure.repositories.library_repository - INFO - Event document.added queued successfully
2026-02-05 14:31:59 - app.services.library_service - INFO - Added document 6120b3e0-8a13-4a5e-9289-86fb84b467ac with 1000 chunks to corpus 806c13c2-01af-4ef3-9094-6bab514d631e
INFO:     127.0.0.1:41536 - "POST /v1/libraries/806c13c2-01af-4ef3-9094-6bab514d631e/documents/with-embeddings HTTP/1.1" 201 Created
2026-02-05 14:32:01 - app.services.library_service - INFO - Adding document 'batch_183' with 1000 pre-computed chunks to corpus 806c13c2-01af-4ef3-9094-6bab514d631e
2026-02-05 14:38:48 - infrastructure.repositories.library_repository - INFO - Publishing event document.added to event bus
2026-02-05 14:38:48 - infrastructure.repositories.library_repository - INFO - Event document.added queued successfully
2026-02-05 14:38:48 - app.services.library_service - INFO - Added document d888b64b-58f7-4e4b-9b92-6148a59eeb01 with 1000 chunks to corpus 806c13c2-01af-4ef3-9094-6bab514d631e
INFO:     127.0.0.1:41536 - "POST /v1/libraries/806c13c2-01af-4ef3-9094-6bab514d631e/documents/with-embeddings HTTP/1.1" 201 Created
2026-02-05 14:38:50 - app.services.library_service - INFO - Adding document 'batch_184' with 1000 pre-computed chunks to corpus 806c13c2-01af-4ef3-9094-6bab514d631e
2026-02-05 14:45:35 - infrastructure.repositories.library_repository - INFO - Publishing event document.added to event bus
2026-02-05 14:45:35 - infrastructure.repositories.library_repository - INFO - Event document.added queued successfully
2026-02-05 14:45:35 - app.services.library_service - INFO - Added document 1d9733e1-6b28-47fa-8aa5-ded705e2d1e8 with 1000 chunks to corpus 806c13c2-01af-4ef3-9094-6bab514d631e
INFO:     127.0.0.1:41536 - "POST /v1/libraries/806c13c2-01af-4ef3-9094-6bab514d631e/documents/with-embeddings HTTP/1.1" 201 Created
2026-02-05 14:45:38 - app.services.library_service - INFO - Adding document 'batch_185' with 1000 pre-computed chunks to corpus 806c13c2-01af-4ef3-9094-6bab514d631e
2026-02-05 14:52:26 - infrastructure.repositories.library_repository - INFO - Publishing event document.added to event bus
2026-02-05 14:52:26 - infrastructure.repositories.library_repository - INFO - Event document.added queued successfully
2026-02-05 14:52:26 - app.services.library_service - INFO - Added document 109d0507-202a-4bff-a4bf-89ee1d7f3ca6 with 1000 chunks to corpus 806c13c2-01af-4ef3-9094-6bab514d631e
INFO:     127.0.0.1:41536 - "POST /v1/libraries/806c13c2-01af-4ef3-9094-6bab514d631e/documents/with-embeddings HTTP/1.1" 201 Created
2026-02-05 14:52:28 - app.services.library_service - INFO - Adding document 'batch_186' with 1000 pre-computed chunks to corpus 806c13c2-01af-4ef3-9094-6bab514d631e
2026-02-05 14:59:18 - infrastructure.repositories.library_repository - INFO - Publishing event document.added to event bus
2026-02-05 14:59:18 - infrastructure.repositories.library_repository - INFO - Event document.added queued successfully
2026-02-05 14:59:18 - app.services.library_service - INFO - Added document 8ebddc74-ebec-4c91-b50e-119653a948f1 with 1000 chunks to corpus 806c13c2-01af-4ef3-9094-6bab514d631e
INFO:     127.0.0.1:41536 - "POST /v1/libraries/806c13c2-01af-4ef3-9094-6bab514d631e/documents/with-embeddings HTTP/1.1" 201 Created
2026-02-05 14:59:20 - app.services.library_service - INFO - Adding document 'batch_187' with 1000 pre-computed chunks to corpus 806c13c2-01af-4ef3-9094-6bab514d631e
2026-02-05 15:06:07 - infrastructure.repositories.library_repository - INFO - Publishing event document.added to event bus
2026-02-05 15:06:07 - infrastructure.repositories.library_repository - INFO - Event document.added queued successfully
2026-02-05 15:06:07 - app.services.library_service - INFO - Added document c1cb5dfc-19d4-4428-b24f-1773836c8a3e with 1000 chunks to corpus 806c13c2-01af-4ef3-9094-6bab514d631e
INFO:     127.0.0.1:41536 - "POST /v1/libraries/806c13c2-01af-4ef3-9094-6bab514d631e/documents/with-embeddings HTTP/1.1" 201 Created
2026-02-05 15:06:09 - app.services.library_service - INFO - Adding document 'batch_188' with 1000 pre-computed chunks to corpus 806c13c2-01af-4ef3-9094-6bab514d631e
2026-02-05 15:12:57 - infrastructure.repositories.library_repository - INFO - Publishing event document.added to event bus
2026-02-05 15:12:57 - infrastructure.repositories.library_repository - INFO - Event document.added queued successfully
2026-02-05 15:12:57 - app.services.library_service - INFO - Added document 550a28b2-1a18-4374-8012-2a6364ec7256 with 1000 chunks to corpus 806c13c2-01af-4ef3-9094-6bab514d631e
INFO:     127.0.0.1:41536 - "POST /v1/libraries/806c13c2-01af-4ef3-9094-6bab514d631e/documents/with-embeddings HTTP/1.1" 201 Created
2026-02-05 15:13:02 - app.services.library_service - INFO - Adding document 'batch_189' with 1000 pre-computed chunks to corpus 806c13c2-01af-4ef3-9094-6bab514d631e
2026-02-05 15:19:49 - infrastructure.repositories.library_repository - INFO - Publishing event document.added to event bus
2026-02-05 15:19:49 - infrastructure.repositories.library_repository - INFO - Event document.added queued successfully
2026-02-05 15:19:49 - app.services.library_service - INFO - Added document f99e2f0c-c259-4b0e-9caf-995e0d6bae88 with 1000 chunks to corpus 806c13c2-01af-4ef3-9094-6bab514d631e
INFO:     127.0.0.1:41536 - "POST /v1/libraries/806c13c2-01af-4ef3-9094-6bab514d631e/documents/with-embeddings HTTP/1.1" 201 Created
2026-02-05 15:19:52 - app.services.library_service - INFO - Adding document 'batch_190' with 1000 pre-computed chunks to corpus 806c13c2-01af-4ef3-9094-6bab514d631e
2026-02-05 15:26:40 - infrastructure.repositories.library_repository - INFO - Publishing event document.added to event bus
2026-02-05 15:26:40 - infrastructure.repositories.library_repository - INFO - Event document.added queued successfully
2026-02-05 15:26:40 - app.services.library_service - INFO - Added document 1dbaa803-9b8f-4aea-b9a7-219788a6b1f6 with 1000 chunks to corpus 806c13c2-01af-4ef3-9094-6bab514d631e
INFO:     127.0.0.1:41536 - "POST /v1/libraries/806c13c2-01af-4ef3-9094-6bab514d631e/documents/with-embeddings HTTP/1.1" 201 Created
2026-02-05 15:26:42 - app.services.library_service - INFO - Adding document 'batch_191' with 1000 pre-computed chunks to corpus 806c13c2-01af-4ef3-9094-6bab514d631e
2026-02-05 15:33:32 - infrastructure.repositories.library_repository - INFO - Publishing event document.added to event bus
2026-02-05 15:33:32 - infrastructure.repositories.library_repository - INFO - Event document.added queued successfully
2026-02-05 15:33:32 - app.services.library_service - INFO - Added document 90f1d11f-7524-4415-91b7-8b8d27b0cca3 with 1000 chunks to corpus 806c13c2-01af-4ef3-9094-6bab514d631e
INFO:     127.0.0.1:41536 - "POST /v1/libraries/806c13c2-01af-4ef3-9094-6bab514d631e/documents/with-embeddings HTTP/1.1" 201 Created
2026-02-05 15:33:34 - app.services.library_service - INFO - Adding document 'batch_192' with 1000 pre-computed chunks to corpus 806c13c2-01af-4ef3-9094-6bab514d631e
2026-02-05 15:40:22 - infrastructure.repositories.library_repository - INFO - Publishing event document.added to event bus
2026-02-05 15:40:22 - infrastructure.repositories.library_repository - INFO - Event document.added queued successfully
2026-02-05 15:40:22 - app.services.library_service - INFO - Added document 2b77e5ca-cf72-477d-828c-4683106bd0ec with 1000 chunks to corpus 806c13c2-01af-4ef3-9094-6bab514d631e
INFO:     127.0.0.1:41536 - "POST /v1/libraries/806c13c2-01af-4ef3-9094-6bab514d631e/documents/with-embeddings HTTP/1.1" 201 Created
2026-02-05 15:40:24 - app.services.library_service - INFO - Adding document 'batch_193' with 1000 pre-computed chunks to corpus 806c13c2-01af-4ef3-9094-6bab514d631e
2026-02-05 15:47:12 - infrastructure.repositories.library_repository - INFO - Publishing event document.added to event bus
2026-02-05 15:47:12 - infrastructure.repositories.library_repository - INFO - Event document.added queued successfully
2026-02-05 15:47:12 - app.services.library_service - INFO - Added document b385f5fa-5393-436d-a8e5-f2c6e3958c3f with 1000 chunks to corpus 806c13c2-01af-4ef3-9094-6bab514d631e
INFO:     127.0.0.1:41536 - "POST /v1/libraries/806c13c2-01af-4ef3-9094-6bab514d631e/documents/with-embeddings HTTP/1.1" 201 Created
2026-02-05 15:47:14 - app.services.library_service - INFO - Adding document 'batch_194' with 1000 pre-computed chunks to corpus 806c13c2-01af-4ef3-9094-6bab514d631e
2026-02-05 15:54:00 - infrastructure.repositories.library_repository - INFO - Publishing event document.added to event bus
2026-02-05 15:54:00 - infrastructure.repositories.library_repository - INFO - Event document.added queued successfully
2026-02-05 15:54:00 - app.services.library_service - INFO - Added document d435844f-3e95-4520-b12b-26f9273698b7 with 1000 chunks to corpus 806c13c2-01af-4ef3-9094-6bab514d631e
INFO:     127.0.0.1:41536 - "POST /v1/libraries/806c13c2-01af-4ef3-9094-6bab514d631e/documents/with-embeddings HTTP/1.1" 201 Created
2026-02-05 15:54:02 - app.services.library_service - INFO - Adding document 'batch_195' with 1000 pre-computed chunks to corpus 806c13c2-01af-4ef3-9094-6bab514d631e
2026-02-05 16:00:51 - infrastructure.repositories.library_repository - INFO - Publishing event document.added to event bus
2026-02-05 16:00:51 - infrastructure.repositories.library_repository - INFO - Event document.added queued successfully
2026-02-05 16:00:51 - app.services.library_service - INFO - Added document 0e4f3204-06d9-4ea1-b86e-4e371b56b2a0 with 1000 chunks to corpus 806c13c2-01af-4ef3-9094-6bab514d631e
INFO:     127.0.0.1:41536 - "POST /v1/libraries/806c13c2-01af-4ef3-9094-6bab514d631e/documents/with-embeddings HTTP/1.1" 201 Created
2026-02-05 16:00:53 - app.services.library_service - INFO - Adding document 'batch_196' with 1000 pre-computed chunks to corpus 806c13c2-01af-4ef3-9094-6bab514d631e
2026-02-05 16:07:40 - infrastructure.repositories.library_repository - INFO - Publishing event document.added to event bus
2026-02-05 16:07:40 - infrastructure.repositories.library_repository - INFO - Event document.added queued successfully
2026-02-05 16:07:40 - app.services.library_service - INFO - Added document 30b4bbd2-6267-493a-bc27-26bbbc8f0151 with 1000 chunks to corpus 806c13c2-01af-4ef3-9094-6bab514d631e
INFO:     127.0.0.1:41536 - "POST /v1/libraries/806c13c2-01af-4ef3-9094-6bab514d631e/documents/with-embeddings HTTP/1.1" 201 Created
2026-02-05 16:07:43 - app.services.library_service - INFO - Adding document 'batch_197' with 1000 pre-computed chunks to corpus 806c13c2-01af-4ef3-9094-6bab514d631e
2026-02-05 16:14:31 - infrastructure.repositories.library_repository - INFO - Publishing event document.added to event bus
2026-02-05 16:14:31 - infrastructure.repositories.library_repository - INFO - Event document.added queued successfully
2026-02-05 16:14:31 - app.services.library_service - INFO - Added document 20122244-bbab-4192-a135-ab08330e5c5c with 1000 chunks to corpus 806c13c2-01af-4ef3-9094-6bab514d631e
INFO:     127.0.0.1:41536 - "POST /v1/libraries/806c13c2-01af-4ef3-9094-6bab514d631e/documents/with-embeddings HTTP/1.1" 201 Created
2026-02-05 16:14:33 - app.services.library_service - INFO - Adding document 'batch_198' with 1000 pre-computed chunks to corpus 806c13c2-01af-4ef3-9094-6bab514d631e
2026-02-05 16:21:20 - infrastructure.repositories.library_repository - INFO - Publishing event document.added to event bus
2026-02-05 16:21:20 - infrastructure.repositories.library_repository - INFO - Event document.added queued successfully
2026-02-05 16:21:20 - app.services.library_service - INFO - Added document a5c218cf-cf80-463e-8716-5a1a4bbb357a with 1000 chunks to corpus 806c13c2-01af-4ef3-9094-6bab514d631e
INFO:     127.0.0.1:41536 - "POST /v1/libraries/806c13c2-01af-4ef3-9094-6bab514d631e/documents/with-embeddings HTTP/1.1" 201 Created
2026-02-05 16:21:23 - app.services.library_service - INFO - Adding document 'batch_199' with 1000 pre-computed chunks to corpus 806c13c2-01af-4ef3-9094-6bab514d631e
2026-02-05 16:28:12 - infrastructure.repositories.library_repository - INFO - Publishing event document.added to event bus
2026-02-05 16:28:12 - infrastructure.repositories.library_repository - INFO - Event document.added queued successfully
2026-02-05 16:28:12 - app.services.library_service - INFO - Added document e8d64932-fdd0-410b-99ad-9ed9ec475518 with 1000 chunks to corpus 806c13c2-01af-4ef3-9094-6bab514d631e
INFO:     127.0.0.1:41536 - "POST /v1/libraries/806c13c2-01af-4ef3-9094-6bab514d631e/documents/with-embeddings HTTP/1.1" 201 Created
2026-02-05 16:28:15 - app.services.library_service - INFO - Adding document 'batch_200' with 1000 pre-computed chunks to corpus 806c13c2-01af-4ef3-9094-6bab514d631e
2026-02-05 16:35:03 - infrastructure.repositories.library_repository - INFO - Publishing event document.added to event bus
2026-02-05 16:35:03 - infrastructure.repositories.library_repository - INFO - Event document.added queued successfully
2026-02-05 16:35:03 - app.services.library_service - INFO - Added document 9ee66ea9-3b90-4d47-b27c-8d2a6e7fc935 with 1000 chunks to corpus 806c13c2-01af-4ef3-9094-6bab514d631e
INFO:     127.0.0.1:41536 - "POST /v1/libraries/806c13c2-01af-4ef3-9094-6bab514d631e/documents/with-embeddings HTTP/1.1" 201 Created
2026-02-05 16:35:05 - app.services.library_service - INFO - Adding document 'batch_201' with 1000 pre-computed chunks to corpus 806c13c2-01af-4ef3-9094-6bab514d631e
2026-02-05 16:41:52 - infrastructure.repositories.library_repository - INFO - Publishing event document.added to event bus
2026-02-05 16:41:52 - infrastructure.repositories.library_repository - INFO - Event document.added queued successfully
2026-02-05 16:41:52 - app.services.library_service - INFO - Added document 72ca9c56-b263-47c3-90c3-10d558e252f3 with 1000 chunks to corpus 806c13c2-01af-4ef3-9094-6bab514d631e
INFO:     127.0.0.1:41536 - "POST /v1/libraries/806c13c2-01af-4ef3-9094-6bab514d631e/documents/with-embeddings HTTP/1.1" 201 Created
2026-02-05 16:41:54 - app.services.library_service - INFO - Adding document 'batch_202' with 1000 pre-computed chunks to corpus 806c13c2-01af-4ef3-9094-6bab514d631e
2026-02-05 16:48:44 - infrastructure.repositories.library_repository - INFO - Publishing event document.added to event bus
2026-02-05 16:48:44 - infrastructure.repositories.library_repository - INFO - Event document.added queued successfully
2026-02-05 16:48:44 - app.services.library_service - INFO - Added document 7a1c6855-cfc5-487a-876c-41092947ede3 with 1000 chunks to corpus 806c13c2-01af-4ef3-9094-6bab514d631e
INFO:     127.0.0.1:41536 - "POST /v1/libraries/806c13c2-01af-4ef3-9094-6bab514d631e/documents/with-embeddings HTTP/1.1" 201 Created
2026-02-05 16:48:46 - app.services.library_service - INFO - Adding document 'batch_203' with 1000 pre-computed chunks to corpus 806c13c2-01af-4ef3-9094-6bab514d631e
2026-02-05 16:55:37 - infrastructure.repositories.library_repository - INFO - Publishing event document.added to event bus
2026-02-05 16:55:37 - infrastructure.repositories.library_repository - INFO - Event document.added queued successfully
2026-02-05 16:55:37 - app.services.library_service - INFO - Added document 916f7bf0-578f-4092-91f3-2874f2098786 with 1000 chunks to corpus 806c13c2-01af-4ef3-9094-6bab514d631e
INFO:     127.0.0.1:41536 - "POST /v1/libraries/806c13c2-01af-4ef3-9094-6bab514d631e/documents/with-embeddings HTTP/1.1" 201 Created
2026-02-05 16:55:39 - app.services.library_service - INFO - Adding document 'batch_204' with 1000 pre-computed chunks to corpus 806c13c2-01af-4ef3-9094-6bab514d631e
2026-02-05 17:02:27 - infrastructure.repositories.library_repository - INFO - Publishing event document.added to event bus
2026-02-05 17:02:27 - infrastructure.repositories.library_repository - INFO - Event document.added queued successfully
2026-02-05 17:02:27 - app.services.library_service - INFO - Added document 61baab94-726d-484f-ae1a-0d0b0fc4e31b with 1000 chunks to corpus 806c13c2-01af-4ef3-9094-6bab514d631e
INFO:     127.0.0.1:41536 - "POST /v1/libraries/806c13c2-01af-4ef3-9094-6bab514d631e/documents/with-embeddings HTTP/1.1" 201 Created
2026-02-05 17:02:29 - app.services.library_service - INFO - Adding document 'batch_205' with 1000 pre-computed chunks to corpus 806c13c2-01af-4ef3-9094-6bab514d631e
2026-02-05 17:09:17 - infrastructure.repositories.library_repository - INFO - Publishing event document.added to event bus
2026-02-05 17:09:17 - infrastructure.repositories.library_repository - INFO - Event document.added queued successfully
2026-02-05 17:09:17 - app.services.library_service - INFO - Added document 402bebc1-dc08-4dce-8442-d79f6a64f523 with 1000 chunks to corpus 806c13c2-01af-4ef3-9094-6bab514d631e
INFO:     127.0.0.1:41536 - "POST /v1/libraries/806c13c2-01af-4ef3-9094-6bab514d631e/documents/with-embeddings HTTP/1.1" 201 Created
2026-02-05 17:09:20 - app.services.library_service - INFO - Adding document 'batch_206' with 1000 pre-computed chunks to corpus 806c13c2-01af-4ef3-9094-6bab514d631e
2026-02-05 17:16:08 - infrastructure.repositories.library_repository - INFO - Publishing event document.added to event bus
2026-02-05 17:16:08 - infrastructure.repositories.library_repository - INFO - Event document.added queued successfully
2026-02-05 17:16:08 - app.services.library_service - INFO - Added document 27ee6d61-2d8c-4e46-a783-176fb87b82b5 with 1000 chunks to corpus 806c13c2-01af-4ef3-9094-6bab514d631e
INFO:     127.0.0.1:41536 - "POST /v1/libraries/806c13c2-01af-4ef3-9094-6bab514d631e/documents/with-embeddings HTTP/1.1" 201 Created
2026-02-05 17:16:10 - app.services.library_service - INFO - Adding document 'batch_207' with 1000 pre-computed chunks to corpus 806c13c2-01af-4ef3-9094-6bab514d631e
2026-02-05 17:23:00 - infrastructure.repositories.library_repository - INFO - Publishing event document.added to event bus
2026-02-05 17:23:00 - infrastructure.repositories.library_repository - INFO - Event document.added queued successfully
2026-02-05 17:23:00 - app.services.library_service - INFO - Added document 36cfd7cf-7e59-4317-a5f7-5affc09f91ce with 1000 chunks to corpus 806c13c2-01af-4ef3-9094-6bab514d631e
INFO:     127.0.0.1:41536 - "POST /v1/libraries/806c13c2-01af-4ef3-9094-6bab514d631e/documents/with-embeddings HTTP/1.1" 201 Created
2026-02-05 17:23:02 - app.services.library_service - INFO - Adding document 'batch_208' with 1000 pre-computed chunks to corpus 806c13c2-01af-4ef3-9094-6bab514d631e
2026-02-05 17:29:52 - infrastructure.repositories.library_repository - INFO - Publishing event document.added to event bus
2026-02-05 17:29:52 - infrastructure.repositories.library_repository - INFO - Event document.added queued successfully
2026-02-05 17:29:52 - app.services.library_service - INFO - Added document 326dddae-1e6f-437b-b687-b9422a7d4288 with 1000 chunks to corpus 806c13c2-01af-4ef3-9094-6bab514d631e
INFO:     127.0.0.1:41536 - "POST /v1/libraries/806c13c2-01af-4ef3-9094-6bab514d631e/documents/with-embeddings HTTP/1.1" 201 Created
2026-02-05 17:29:54 - app.services.library_service - INFO - Adding document 'batch_209' with 1000 pre-computed chunks to corpus 806c13c2-01af-4ef3-9094-6bab514d631e
2026-02-05 17:36:45 - infrastructure.repositories.library_repository - INFO - Publishing event document.added to event bus
2026-02-05 17:36:45 - infrastructure.repositories.library_repository - INFO - Event document.added queued successfully
2026-02-05 17:36:45 - app.services.library_service - INFO - Added document e87a370c-0353-4ae2-936b-cf504412a1a3 with 1000 chunks to corpus 806c13c2-01af-4ef3-9094-6bab514d631e
INFO:     127.0.0.1:41536 - "POST /v1/libraries/806c13c2-01af-4ef3-9094-6bab514d631e/documents/with-embeddings HTTP/1.1" 201 Created
2026-02-05 17:36:47 - app.services.library_service - INFO - Adding document 'batch_210' with 1000 pre-computed chunks to corpus 806c13c2-01af-4ef3-9094-6bab514d631e
2026-02-05 17:43:38 - infrastructure.repositories.library_repository - INFO - Publishing event document.added to event bus
2026-02-05 17:43:38 - infrastructure.repositories.library_repository - INFO - Event document.added queued successfully
2026-02-05 17:43:38 - app.services.library_service - INFO - Added document fa9e8888-0663-49b0-b3d3-7dec580296ec with 1000 chunks to corpus 806c13c2-01af-4ef3-9094-6bab514d631e
INFO:     127.0.0.1:41536 - "POST /v1/libraries/806c13c2-01af-4ef3-9094-6bab514d631e/documents/with-embeddings HTTP/1.1" 201 Created
2026-02-05 17:43:40 - app.services.library_service - INFO - Adding document 'batch_211' with 1000 pre-computed chunks to corpus 806c13c2-01af-4ef3-9094-6bab514d631e
2026-02-05 17:50:29 - infrastructure.repositories.library_repository - INFO - Publishing event document.added to event bus
2026-02-05 17:50:29 - infrastructure.repositories.library_repository - INFO - Event document.added queued successfully
2026-02-05 17:50:29 - app.services.library_service - INFO - Added document 3b1e2dc3-1473-4931-9684-3073e1104085 with 1000 chunks to corpus 806c13c2-01af-4ef3-9094-6bab514d631e
INFO:     127.0.0.1:41536 - "POST /v1/libraries/806c13c2-01af-4ef3-9094-6bab514d631e/documents/with-embeddings HTTP/1.1" 201 Created
2026-02-05 17:50:31 - app.services.library_service - INFO - Adding document 'batch_212' with 1000 pre-computed chunks to corpus 806c13c2-01af-4ef3-9094-6bab514d631e
2026-02-05 17:57:20 - infrastructure.repositories.library_repository - INFO - Publishing event document.added to event bus
2026-02-05 17:57:20 - infrastructure.repositories.library_repository - INFO - Event document.added queued successfully
2026-02-05 17:57:20 - app.services.library_service - INFO - Added document aae3fa76-5af8-4b77-84a3-94847be84359 with 1000 chunks to corpus 806c13c2-01af-4ef3-9094-6bab514d631e
INFO:     127.0.0.1:41536 - "POST /v1/libraries/806c13c2-01af-4ef3-9094-6bab514d631e/documents/with-embeddings HTTP/1.1" 201 Created
2026-02-05 17:57:23 - app.services.library_service - INFO - Adding document 'batch_213' with 1000 pre-computed chunks to corpus 806c13c2-01af-4ef3-9094-6bab514d631e
2026-02-05 18:04:12 - infrastructure.repositories.library_repository - INFO - Publishing event document.added to event bus
2026-02-05 18:04:12 - infrastructure.repositories.library_repository - INFO - Event document.added queued successfully
2026-02-05 18:04:12 - app.services.library_service - INFO - Added document b6de8c24-ced8-4603-aa4b-85a4a2fe9a81 with 1000 chunks to corpus 806c13c2-01af-4ef3-9094-6bab514d631e
INFO:     127.0.0.1:41536 - "POST /v1/libraries/806c13c2-01af-4ef3-9094-6bab514d631e/documents/with-embeddings HTTP/1.1" 201 Created
2026-02-05 18:04:15 - app.services.library_service - INFO - Adding document 'batch_214' with 1000 pre-computed chunks to corpus 806c13c2-01af-4ef3-9094-6bab514d631e
2026-02-05 18:11:05 - infrastructure.repositories.library_repository - INFO - Publishing event document.added to event bus
2026-02-05 18:11:05 - infrastructure.repositories.library_repository - INFO - Event document.added queued successfully
2026-02-05 18:11:05 - app.services.library_service - INFO - Added document e4533b00-1a7e-4400-868a-87f7191034c9 with 1000 chunks to corpus 806c13c2-01af-4ef3-9094-6bab514d631e
INFO:     127.0.0.1:41536 - "POST /v1/libraries/806c13c2-01af-4ef3-9094-6bab514d631e/documents/with-embeddings HTTP/1.1" 201 Created
2026-02-05 18:11:07 - app.services.library_service - INFO - Adding document 'batch_215' with 1000 pre-computed chunks to corpus 806c13c2-01af-4ef3-9094-6bab514d631e
2026-02-05 18:17:56 - infrastructure.repositories.library_repository - INFO - Publishing event document.added to event bus
2026-02-05 18:17:56 - infrastructure.repositories.library_repository - INFO - Event document.added queued successfully
2026-02-05 18:17:56 - app.services.library_service - INFO - Added document 8f277b2d-5ae5-4b44-8012-8ea10de60841 with 1000 chunks to corpus 806c13c2-01af-4ef3-9094-6bab514d631e
INFO:     127.0.0.1:41536 - "POST /v1/libraries/806c13c2-01af-4ef3-9094-6bab514d631e/documents/with-embeddings HTTP/1.1" 201 Created
2026-02-05 18:17:58 - app.services.library_service - INFO - Adding document 'batch_216' with 1000 pre-computed chunks to corpus 806c13c2-01af-4ef3-9094-6bab514d631e
2026-02-05 18:24:48 - infrastructure.repositories.library_repository - INFO - Publishing event document.added to event bus
2026-02-05 18:24:48 - infrastructure.repositories.library_repository - INFO - Event document.added queued successfully
2026-02-05 18:24:48 - app.services.library_service - INFO - Added document cc64c8fd-a917-4ed3-b237-7d340b7911df with 1000 chunks to corpus 806c13c2-01af-4ef3-9094-6bab514d631e
INFO:     127.0.0.1:41536 - "POST /v1/libraries/806c13c2-01af-4ef3-9094-6bab514d631e/documents/with-embeddings HTTP/1.1" 201 Created
2026-02-05 18:24:51 - app.services.library_service - INFO - Adding document 'batch_217' with 1000 pre-computed chunks to corpus 806c13c2-01af-4ef3-9094-6bab514d631e
2026-02-05 18:31:41 - infrastructure.repositories.library_repository - INFO - Publishing event document.added to event bus
2026-02-05 18:31:41 - infrastructure.repositories.library_repository - INFO - Event document.added queued successfully
2026-02-05 18:31:41 - app.services.library_service - INFO - Added document c996a3a1-051e-40a7-baa6-d40f4c84ed84 with 1000 chunks to corpus 806c13c2-01af-4ef3-9094-6bab514d631e
INFO:     127.0.0.1:41536 - "POST /v1/libraries/806c13c2-01af-4ef3-9094-6bab514d631e/documents/with-embeddings HTTP/1.1" 201 Created
2026-02-05 18:31:43 - app.services.library_service - INFO - Adding document 'batch_218' with 1000 pre-computed chunks to corpus 806c13c2-01af-4ef3-9094-6bab514d631e
2026-02-05 18:38:34 - infrastructure.repositories.library_repository - INFO - Publishing event document.added to event bus
2026-02-05 18:38:34 - infrastructure.repositories.library_repository - INFO - Event document.added queued successfully
2026-02-05 18:38:34 - app.services.library_service - INFO - Added document 96ec2404-8ac1-4b17-bba6-dc6367e289c7 with 1000 chunks to corpus 806c13c2-01af-4ef3-9094-6bab514d631e
INFO:     127.0.0.1:41536 - "POST /v1/libraries/806c13c2-01af-4ef3-9094-6bab514d631e/documents/with-embeddings HTTP/1.1" 201 Created
2026-02-05 18:38:36 - app.services.library_service - INFO - Adding document 'batch_219' with 1000 pre-computed chunks to corpus 806c13c2-01af-4ef3-9094-6bab514d631e
2026-02-05 18:45:28 - infrastructure.repositories.library_repository - INFO - Publishing event document.added to event bus
2026-02-05 18:45:28 - infrastructure.repositories.library_repository - INFO - Event document.added queued successfully
2026-02-05 18:45:28 - app.services.library_service - INFO - Added document 8099b85f-323f-49f5-817f-cd774d7863f6 with 1000 chunks to corpus 806c13c2-01af-4ef3-9094-6bab514d631e
INFO:     127.0.0.1:41536 - "POST /v1/libraries/806c13c2-01af-4ef3-9094-6bab514d631e/documents/with-embeddings HTTP/1.1" 201 Created
2026-02-05 18:45:30 - app.services.library_service - INFO - Adding document 'batch_220' with 1000 pre-computed chunks to corpus 806c13c2-01af-4ef3-9094-6bab514d631e
2026-02-05 18:52:20 - infrastructure.repositories.library_repository - INFO - Publishing event document.added to event bus
2026-02-05 18:52:20 - infrastructure.repositories.library_repository - INFO - Event document.added queued successfully
2026-02-05 18:52:20 - app.services.library_service - INFO - Added document 1e68ebbe-27c0-406e-a6e6-00ba0d940fb0 with 1000 chunks to corpus 806c13c2-01af-4ef3-9094-6bab514d631e
INFO:     127.0.0.1:41536 - "POST /v1/libraries/806c13c2-01af-4ef3-9094-6bab514d631e/documents/with-embeddings HTTP/1.1" 201 Created
2026-02-05 18:52:22 - app.services.library_service - INFO - Adding document 'batch_221' with 1000 pre-computed chunks to corpus 806c13c2-01af-4ef3-9094-6bab514d631e
2026-02-05 18:59:13 - infrastructure.repositories.library_repository - INFO - Publishing event document.added to event bus
2026-02-05 18:59:13 - infrastructure.repositories.library_repository - INFO - Event document.added queued successfully
2026-02-05 18:59:13 - app.services.library_service - INFO - Added document 3ae5944d-a014-44c4-b9ac-551a6288d20f with 1000 chunks to corpus 806c13c2-01af-4ef3-9094-6bab514d631e
INFO:     127.0.0.1:41536 - "POST /v1/libraries/806c13c2-01af-4ef3-9094-6bab514d631e/documents/with-embeddings HTTP/1.1" 201 Created
2026-02-05 18:59:15 - app.services.library_service - INFO - Adding document 'batch_222' with 1000 pre-computed chunks to corpus 806c13c2-01af-4ef3-9094-6bab514d631e
2026-02-05 19:06:05 - infrastructure.repositories.library_repository - INFO - Publishing event document.added to event bus
2026-02-05 19:06:05 - infrastructure.repositories.library_repository - INFO - Event document.added queued successfully
2026-02-05 19:06:05 - app.services.library_service - INFO - Added document 714e849d-af55-47f3-b12a-051f16e9f54b with 1000 chunks to corpus 806c13c2-01af-4ef3-9094-6bab514d631e
INFO:     127.0.0.1:41536 - "POST /v1/libraries/806c13c2-01af-4ef3-9094-6bab514d631e/documents/with-embeddings HTTP/1.1" 201 Created
2026-02-05 19:06:08 - app.services.library_service - INFO - Adding document 'batch_223' with 1000 pre-computed chunks to corpus 806c13c2-01af-4ef3-9094-6bab514d631e
2026-02-05 19:12:58 - infrastructure.repositories.library_repository - INFO - Publishing event document.added to event bus
2026-02-05 19:12:58 - infrastructure.repositories.library_repository - INFO - Event document.added queued successfully
2026-02-05 19:12:58 - app.services.library_service - INFO - Added document 7aeebe23-e783-4ba9-ada4-b272e42602d7 with 1000 chunks to corpus 806c13c2-01af-4ef3-9094-6bab514d631e
INFO:     127.0.0.1:41536 - "POST /v1/libraries/806c13c2-01af-4ef3-9094-6bab514d631e/documents/with-embeddings HTTP/1.1" 201 Created
2026-02-05 19:13:00 - app.services.library_service - INFO - Adding document 'batch_224' with 1000 pre-computed chunks to corpus 806c13c2-01af-4ef3-9094-6bab514d631e
2026-02-05 19:19:50 - infrastructure.repositories.library_repository - INFO - Publishing event document.added to event bus
2026-02-05 19:19:50 - infrastructure.repositories.library_repository - INFO - Event document.added queued successfully
2026-02-05 19:19:50 - app.services.library_service - INFO - Added document 4824590e-595b-4989-962d-137b8f4addff with 1000 chunks to corpus 806c13c2-01af-4ef3-9094-6bab514d631e
INFO:     127.0.0.1:41536 - "POST /v1/libraries/806c13c2-01af-4ef3-9094-6bab514d631e/documents/with-embeddings HTTP/1.1" 201 Created
2026-02-05 19:19:52 - app.services.library_service - INFO - Adding document 'batch_225' with 1000 pre-computed chunks to corpus 806c13c2-01af-4ef3-9094-6bab514d631e
2026-02-05 19:26:42 - infrastructure.repositories.library_repository - INFO - Publishing event document.added to event bus
2026-02-05 19:26:42 - infrastructure.repositories.library_repository - INFO - Event document.added queued successfully
2026-02-05 19:26:42 - app.services.library_service - INFO - Added document abf648a6-ae30-4a9f-8d10-9d38671d215c with 1000 chunks to corpus 806c13c2-01af-4ef3-9094-6bab514d631e
INFO:     127.0.0.1:41536 - "POST /v1/libraries/806c13c2-01af-4ef3-9094-6bab514d631e/documents/with-embeddings HTTP/1.1" 201 Created
2026-02-05 19:26:44 - app.services.library_service - INFO - Adding document 'batch_226' with 1000 pre-computed chunks to corpus 806c13c2-01af-4ef3-9094-6bab514d631e
2026-02-05 19:33:33 - infrastructure.repositories.library_repository - INFO - Publishing event document.added to event bus
2026-02-05 19:33:33 - infrastructure.repositories.library_repository - INFO - Event document.added queued successfully
2026-02-05 19:33:33 - app.services.library_service - INFO - Added document 91bdf33f-dfe1-4e60-a067-8597d2b8d546 with 1000 chunks to corpus 806c13c2-01af-4ef3-9094-6bab514d631e
INFO:     127.0.0.1:41536 - "POST /v1/libraries/806c13c2-01af-4ef3-9094-6bab514d631e/documents/with-embeddings HTTP/1.1" 201 Created
2026-02-05 19:33:35 - app.services.library_service - INFO - Adding document 'batch_227' with 1000 pre-computed chunks to corpus 806c13c2-01af-4ef3-9094-6bab514d631e
2026-02-05 19:40:26 - infrastructure.repositories.library_repository - INFO - Publishing event document.added to event bus
2026-02-05 19:40:26 - infrastructure.repositories.library_repository - INFO - Event document.added queued successfully
2026-02-05 19:40:26 - app.services.library_service - INFO - Added document c512899b-6d4c-4213-884e-55c506cacd95 with 1000 chunks to corpus 806c13c2-01af-4ef3-9094-6bab514d631e
INFO:     127.0.0.1:41536 - "POST /v1/libraries/806c13c2-01af-4ef3-9094-6bab514d631e/documents/with-embeddings HTTP/1.1" 201 Created
2026-02-05 19:40:28 - app.services.library_service - INFO - Adding document 'batch_228' with 1000 pre-computed chunks to corpus 806c13c2-01af-4ef3-9094-6bab514d631e
2026-02-05 19:47:18 - infrastructure.repositories.library_repository - INFO - Publishing event document.added to event bus
2026-02-05 19:47:18 - infrastructure.repositories.library_repository - INFO - Event document.added queued successfully
2026-02-05 19:47:18 - app.services.library_service - INFO - Added document fd1ebd6f-fd01-4819-b092-83e90d76fef6 with 1000 chunks to corpus 806c13c2-01af-4ef3-9094-6bab514d631e
INFO:     127.0.0.1:41536 - "POST /v1/libraries/806c13c2-01af-4ef3-9094-6bab514d631e/documents/with-embeddings HTTP/1.1" 201 Created
2026-02-05 19:47:20 - app.services.library_service - INFO - Adding document 'batch_229' with 1000 pre-computed chunks to corpus 806c13c2-01af-4ef3-9094-6bab514d631e
2026-02-05 19:54:12 - infrastructure.repositories.library_repository - INFO - Publishing event document.added to event bus
2026-02-05 19:54:12 - infrastructure.repositories.library_repository - INFO - Event document.added queued successfully
2026-02-05 19:54:12 - app.services.library_service - INFO - Added document d0edf599-66d8-4d3c-b243-234a5b616188 with 1000 chunks to corpus 806c13c2-01af-4ef3-9094-6bab514d631e
INFO:     127.0.0.1:41536 - "POST /v1/libraries/806c13c2-01af-4ef3-9094-6bab514d631e/documents/with-embeddings HTTP/1.1" 201 Created
2026-02-05 19:54:15 - app.services.library_service - INFO - Adding document 'batch_230' with 1000 pre-computed chunks to corpus 806c13c2-01af-4ef3-9094-6bab514d631e
2026-02-05 20:01:06 - infrastructure.repositories.library_repository - INFO - Publishing event document.added to event bus
2026-02-05 20:01:06 - infrastructure.repositories.library_repository - INFO - Event document.added queued successfully
2026-02-05 20:01:06 - app.services.library_service - INFO - Added document 7e1331b5-9936-4057-9adc-33133126338c with 1000 chunks to corpus 806c13c2-01af-4ef3-9094-6bab514d631e
INFO:     127.0.0.1:41536 - "POST /v1/libraries/806c13c2-01af-4ef3-9094-6bab514d631e/documents/with-embeddings HTTP/1.1" 201 Created
2026-02-05 20:01:08 - app.services.library_service - INFO - Adding document 'batch_231' with 1000 pre-computed chunks to corpus 806c13c2-01af-4ef3-9094-6bab514d631e
2026-02-05 20:08:00 - infrastructure.repositories.library_repository - INFO - Publishing event document.added to event bus
2026-02-05 20:08:00 - infrastructure.repositories.library_repository - INFO - Event document.added queued successfully
2026-02-05 20:08:00 - app.services.library_service - INFO - Added document 4b3469dc-06ba-4445-a751-a5da68416854 with 1000 chunks to corpus 806c13c2-01af-4ef3-9094-6bab514d631e
INFO:     127.0.0.1:41536 - "POST /v1/libraries/806c13c2-01af-4ef3-9094-6bab514d631e/documents/with-embeddings HTTP/1.1" 201 Created
2026-02-05 20:08:05 - app.services.library_service - INFO - Adding document 'batch_232' with 1000 pre-computed chunks to corpus 806c13c2-01af-4ef3-9094-6bab514d631e
2026-02-05 20:14:56 - infrastructure.repositories.library_repository - INFO - Publishing event document.added to event bus
2026-02-05 20:14:56 - infrastructure.repositories.library_repository - INFO - Event document.added queued successfully
2026-02-05 20:14:56 - app.services.library_service - INFO - Added document dacf1a56-1a5b-4be7-8ca4-04f5a1c1ab24 with 1000 chunks to corpus 806c13c2-01af-4ef3-9094-6bab514d631e
INFO:     127.0.0.1:41536 - "POST /v1/libraries/806c13c2-01af-4ef3-9094-6bab514d631e/documents/with-embeddings HTTP/1.1" 201 Created
2026-02-05 20:14:58 - app.services.library_service - INFO - Adding document 'batch_233' with 1000 pre-computed chunks to corpus 806c13c2-01af-4ef3-9094-6bab514d631e
2026-02-05 20:21:51 - infrastructure.repositories.library_repository - INFO - Publishing event document.added to event bus
2026-02-05 20:21:51 - infrastructure.repositories.library_repository - INFO - Event document.added queued successfully
2026-02-05 20:21:51 - app.services.library_service - INFO - Added document e18ada0b-b1ec-40e0-a703-00fa53ced0dc with 1000 chunks to corpus 806c13c2-01af-4ef3-9094-6bab514d631e
INFO:     127.0.0.1:41536 - "POST /v1/libraries/806c13c2-01af-4ef3-9094-6bab514d631e/documents/with-embeddings HTTP/1.1" 201 Created
2026-02-05 20:21:53 - app.services.library_service - INFO - Adding document 'batch_234' with 1000 pre-computed chunks to corpus 806c13c2-01af-4ef3-9094-6bab514d631e
2026-02-05 20:28:45 - infrastructure.repositories.library_repository - INFO - Publishing event document.added to event bus
2026-02-05 20:28:45 - infrastructure.repositories.library_repository - INFO - Event document.added queued successfully
2026-02-05 20:28:45 - app.services.library_service - INFO - Added document 08e846cf-fb53-4013-8f0f-8e904b6db7ad with 1000 chunks to corpus 806c13c2-01af-4ef3-9094-6bab514d631e
INFO:     127.0.0.1:41536 - "POST /v1/libraries/806c13c2-01af-4ef3-9094-6bab514d631e/documents/with-embeddings HTTP/1.1" 201 Created
2026-02-05 20:28:47 - app.services.library_service - INFO - Adding document 'batch_235' with 1000 pre-computed chunks to corpus 806c13c2-01af-4ef3-9094-6bab514d631e
2026-02-05 20:35:39 - infrastructure.repositories.library_repository - INFO - Publishing event document.added to event bus
2026-02-05 20:35:39 - infrastructure.repositories.library_repository - INFO - Event document.added queued successfully
2026-02-05 20:35:39 - app.services.library_service - INFO - Added document c43fa119-e2dd-4b1d-98ee-3a25d1b0d566 with 1000 chunks to corpus 806c13c2-01af-4ef3-9094-6bab514d631e
INFO:     127.0.0.1:41536 - "POST /v1/libraries/806c13c2-01af-4ef3-9094-6bab514d631e/documents/with-embeddings HTTP/1.1" 201 Created
2026-02-05 20:35:41 - app.services.library_service - INFO - Adding document 'batch_236' with 1000 pre-computed chunks to corpus 806c13c2-01af-4ef3-9094-6bab514d631e
2026-02-05 20:42:32 - infrastructure.repositories.library_repository - INFO - Publishing event document.added to event bus
2026-02-05 20:42:32 - infrastructure.repositories.library_repository - INFO - Event document.added queued successfully
2026-02-05 20:42:32 - app.services.library_service - INFO - Added document b32dd102-a0b1-48c3-bf36-14a0a8ec3f7a with 1000 chunks to corpus 806c13c2-01af-4ef3-9094-6bab514d631e
INFO:     127.0.0.1:41536 - "POST /v1/libraries/806c13c2-01af-4ef3-9094-6bab514d631e/documents/with-embeddings HTTP/1.1" 201 Created
2026-02-05 20:42:34 - app.services.library_service - INFO - Adding document 'batch_237' with 1000 pre-computed chunks to corpus 806c13c2-01af-4ef3-9094-6bab514d631e
2026-02-05 20:49:25 - infrastructure.repositories.library_repository - INFO - Publishing event document.added to event bus
2026-02-05 20:49:25 - infrastructure.repositories.library_repository - INFO - Event document.added queued successfully
2026-02-05 20:49:25 - app.services.library_service - INFO - Added document 6273dcb4-6f5f-4368-8527-7d9a8ccd5a6f with 1000 chunks to corpus 806c13c2-01af-4ef3-9094-6bab514d631e
INFO:     127.0.0.1:41536 - "POST /v1/libraries/806c13c2-01af-4ef3-9094-6bab514d631e/documents/with-embeddings HTTP/1.1" 201 Created
2026-02-05 20:49:27 - app.services.library_service - INFO - Adding document 'batch_238' with 1000 pre-computed chunks to corpus 806c13c2-01af-4ef3-9094-6bab514d631e
2026-02-05 20:56:20 - infrastructure.repositories.library_repository - INFO - Publishing event document.added to event bus
2026-02-05 20:56:20 - infrastructure.repositories.library_repository - INFO - Event document.added queued successfully
2026-02-05 20:56:20 - app.services.library_service - INFO - Added document 78708674-79c5-451e-80a3-e519fded26e3 with 1000 chunks to corpus 806c13c2-01af-4ef3-9094-6bab514d631e
INFO:     127.0.0.1:41536 - "POST /v1/libraries/806c13c2-01af-4ef3-9094-6bab514d631e/documents/with-embeddings HTTP/1.1" 201 Created
2026-02-05 20:56:22 - app.services.library_service - INFO - Adding document 'batch_239' with 1000 pre-computed chunks to corpus 806c13c2-01af-4ef3-9094-6bab514d631e
2026-02-05 21:03:14 - infrastructure.repositories.library_repository - INFO - Publishing event document.added to event bus
2026-02-05 21:03:14 - infrastructure.repositories.library_repository - INFO - Event document.added queued successfully
2026-02-05 21:03:14 - app.services.library_service - INFO - Added document 452dc05c-739f-443b-b66e-e4758d85c4ca with 1000 chunks to corpus 806c13c2-01af-4ef3-9094-6bab514d631e
INFO:     127.0.0.1:41536 - "POST /v1/libraries/806c13c2-01af-4ef3-9094-6bab514d631e/documents/with-embeddings HTTP/1.1" 201 Created
2026-02-05 21:03:17 - app.services.library_service - INFO - Adding document 'batch_240' with 1000 pre-computed chunks to corpus 806c13c2-01af-4ef3-9094-6bab514d631e
2026-02-05 21:10:08 - infrastructure.repositories.library_repository - INFO - Publishing event document.added to event bus
2026-02-05 21:10:08 - infrastructure.repositories.library_repository - INFO - Event document.added queued successfully
2026-02-05 21:10:08 - app.services.library_service - INFO - Added document e62024d2-59be-4ffc-a83b-de3ac25caa75 with 1000 chunks to corpus 806c13c2-01af-4ef3-9094-6bab514d631e
INFO:     127.0.0.1:41536 - "POST /v1/libraries/806c13c2-01af-4ef3-9094-6bab514d631e/documents/with-embeddings HTTP/1.1" 201 Created
2026-02-05 21:10:10 - app.services.library_service - INFO - Adding document 'batch_241' with 1000 pre-computed chunks to corpus 806c13c2-01af-4ef3-9094-6bab514d631e
2026-02-05 21:17:02 - infrastructure.repositories.library_repository - INFO - Publishing event document.added to event bus
2026-02-05 21:17:02 - infrastructure.repositories.library_repository - INFO - Event document.added queued successfully
2026-02-05 21:17:02 - app.services.library_service - INFO - Added document ceb5714b-ef63-446b-97e2-749552c020bc with 1000 chunks to corpus 806c13c2-01af-4ef3-9094-6bab514d631e
INFO:     127.0.0.1:41536 - "POST /v1/libraries/806c13c2-01af-4ef3-9094-6bab514d631e/documents/with-embeddings HTTP/1.1" 201 Created
2026-02-05 21:17:04 - app.services.library_service - INFO - Adding document 'batch_242' with 1000 pre-computed chunks to corpus 806c13c2-01af-4ef3-9094-6bab514d631e
2026-02-05 21:23:55 - infrastructure.repositories.library_repository - INFO - Publishing event document.added to event bus
2026-02-05 21:23:55 - infrastructure.repositories.library_repository - INFO - Event document.added queued successfully
2026-02-05 21:23:55 - app.services.library_service - INFO - Added document b277e3fd-60ac-4167-b092-10eeb71e5ad1 with 1000 chunks to corpus 806c13c2-01af-4ef3-9094-6bab514d631e
INFO:     127.0.0.1:41536 - "POST /v1/libraries/806c13c2-01af-4ef3-9094-6bab514d631e/documents/with-embeddings HTTP/1.1" 201 Created
2026-02-05 21:23:57 - app.services.library_service - INFO - Adding document 'batch_243' with 1000 pre-computed chunks to corpus 806c13c2-01af-4ef3-9094-6bab514d631e
2026-02-05 21:30:48 - infrastructure.repositories.library_repository - INFO - Publishing event document.added to event bus
2026-02-05 21:30:48 - infrastructure.repositories.library_repository - INFO - Event document.added queued successfully
2026-02-05 21:30:48 - app.services.library_service - INFO - Added document c9ccb5dd-68bf-48b5-84fa-cf4c36d56516 with 1000 chunks to corpus 806c13c2-01af-4ef3-9094-6bab514d631e
INFO:     127.0.0.1:41536 - "POST /v1/libraries/806c13c2-01af-4ef3-9094-6bab514d631e/documents/with-embeddings HTTP/1.1" 201 Created
2026-02-05 21:30:50 - app.services.library_service - INFO - Adding document 'batch_244' with 1000 pre-computed chunks to corpus 806c13c2-01af-4ef3-9094-6bab514d631e
2026-02-05 21:37:44 - infrastructure.repositories.library_repository - INFO - Publishing event document.added to event bus
2026-02-05 21:37:44 - infrastructure.repositories.library_repository - INFO - Event document.added queued successfully
2026-02-05 21:37:44 - app.services.library_service - INFO - Added document cb452453-9733-48e2-a5e1-404f46e9860c with 1000 chunks to corpus 806c13c2-01af-4ef3-9094-6bab514d631e
INFO:     127.0.0.1:41536 - "POST /v1/libraries/806c13c2-01af-4ef3-9094-6bab514d631e/documents/with-embeddings HTTP/1.1" 201 Created
2026-02-05 21:37:46 - app.services.library_service - INFO - Adding document 'batch_245' with 1000 pre-computed chunks to corpus 806c13c2-01af-4ef3-9094-6bab514d631e
2026-02-05 21:44:38 - infrastructure.repositories.library_repository - INFO - Publishing event document.added to event bus
2026-02-05 21:44:38 - infrastructure.repositories.library_repository - INFO - Event document.added queued successfully
2026-02-05 21:44:38 - app.services.library_service - INFO - Added document 38ef0fcd-53d9-4364-a9bd-836427eb85cb with 1000 chunks to corpus 806c13c2-01af-4ef3-9094-6bab514d631e
INFO:     127.0.0.1:41536 - "POST /v1/libraries/806c13c2-01af-4ef3-9094-6bab514d631e/documents/with-embeddings HTTP/1.1" 201 Created
2026-02-05 21:44:40 - app.services.library_service - INFO - Adding document 'batch_246' with 1000 pre-computed chunks to corpus 806c13c2-01af-4ef3-9094-6bab514d631e
2026-02-05 21:51:32 - infrastructure.repositories.library_repository - INFO - Publishing event document.added to event bus
2026-02-05 21:51:32 - infrastructure.repositories.library_repository - INFO - Event document.added queued successfully
2026-02-05 21:51:32 - app.services.library_service - INFO - Added document 19089d76-0931-4e0b-aa79-c214506cb5aa with 1000 chunks to corpus 806c13c2-01af-4ef3-9094-6bab514d631e
INFO:     127.0.0.1:41536 - "POST /v1/libraries/806c13c2-01af-4ef3-9094-6bab514d631e/documents/with-embeddings HTTP/1.1" 201 Created
2026-02-05 21:51:34 - app.services.library_service - INFO - Adding document 'batch_247' with 1000 pre-computed chunks to corpus 806c13c2-01af-4ef3-9094-6bab514d631e
2026-02-05 21:58:27 - infrastructure.repositories.library_repository - INFO - Publishing event document.added to event bus
2026-02-05 21:58:27 - infrastructure.repositories.library_repository - INFO - Event document.added queued successfully
2026-02-05 21:58:27 - app.services.library_service - INFO - Added document ed726c45-b513-42ba-8e33-3c12e2b4e0e3 with 1000 chunks to corpus 806c13c2-01af-4ef3-9094-6bab514d631e
INFO:     127.0.0.1:41536 - "POST /v1/libraries/806c13c2-01af-4ef3-9094-6bab514d631e/documents/with-embeddings HTTP/1.1" 201 Created
2026-02-05 21:58:29 - app.services.library_service - INFO - Adding document 'batch_248' with 1000 pre-computed chunks to corpus 806c13c2-01af-4ef3-9094-6bab514d631e
2026-02-05 22:05:20 - infrastructure.repositories.library_repository - INFO - Publishing event document.added to event bus
2026-02-05 22:05:20 - infrastructure.repositories.library_repository - INFO - Event document.added queued successfully
2026-02-05 22:05:20 - app.services.library_service - INFO - Added document 774571f4-1648-4615-a3f7-d38f9f44acfe with 1000 chunks to corpus 806c13c2-01af-4ef3-9094-6bab514d631e
INFO:     127.0.0.1:41536 - "POST /v1/libraries/806c13c2-01af-4ef3-9094-6bab514d631e/documents/with-embeddings HTTP/1.1" 201 Created
2026-02-05 22:05:22 - app.services.library_service - INFO - Adding document 'batch_249' with 1000 pre-computed chunks to corpus 806c13c2-01af-4ef3-9094-6bab514d631e
2026-02-05 22:12:15 - infrastructure.repositories.library_repository - INFO - Publishing event document.added to event bus
2026-02-05 22:12:15 - infrastructure.repositories.library_repository - INFO - Event document.added queued successfully
2026-02-05 22:12:15 - app.services.library_service - INFO - Added document 72ab6b33-b0a6-47d6-838f-2a8a9bd56634 with 1000 chunks to corpus 806c13c2-01af-4ef3-9094-6bab514d631e
INFO:     127.0.0.1:41536 - "POST /v1/libraries/806c13c2-01af-4ef3-9094-6bab514d631e/documents/with-embeddings HTTP/1.1" 201 Created
2026-02-05 22:12:17 - app.services.library_service - INFO - Adding document 'batch_250' with 1000 pre-computed chunks to corpus 806c13c2-01af-4ef3-9094-6bab514d631e
2026-02-05 22:19:11 - infrastructure.repositories.library_repository - INFO - Publishing event document.added to event bus
2026-02-05 22:19:11 - infrastructure.repositories.library_repository - INFO - Event document.added queued successfully
2026-02-05 22:19:11 - app.services.library_service - INFO - Added document 6fde88a9-a47d-493f-be76-ff7412e71df6 with 1000 chunks to corpus 806c13c2-01af-4ef3-9094-6bab514d631e
INFO:     127.0.0.1:41536 - "POST /v1/libraries/806c13c2-01af-4ef3-9094-6bab514d631e/documents/with-embeddings HTTP/1.1" 201 Created
2026-02-05 22:19:13 - app.services.library_service - INFO - Adding document 'batch_251' with 1000 pre-computed chunks to corpus 806c13c2-01af-4ef3-9094-6bab514d631e
2026-02-05 22:26:05 - infrastructure.repositories.library_repository - INFO - Publishing event document.added to event bus
2026-02-05 22:26:05 - infrastructure.repositories.library_repository - INFO - Event document.added queued successfully
2026-02-05 22:26:05 - app.services.library_service - INFO - Added document c71cd271-2465-44dd-a6e4-15d58b22095b with 1000 chunks to corpus 806c13c2-01af-4ef3-9094-6bab514d631e
INFO:     127.0.0.1:41536 - "POST /v1/libraries/806c13c2-01af-4ef3-9094-6bab514d631e/documents/with-embeddings HTTP/1.1" 201 Created
2026-02-05 22:26:07 - app.services.library_service - INFO - Adding document 'batch_252' with 1000 pre-computed chunks to corpus 806c13c2-01af-4ef3-9094-6bab514d631e
2026-02-05 22:33:00 - infrastructure.repositories.library_repository - INFO - Publishing event document.added to event bus
2026-02-05 22:33:00 - infrastructure.repositories.library_repository - INFO - Event document.added queued successfully
2026-02-05 22:33:00 - app.services.library_service - INFO - Added document 38252784-61af-4069-9916-1bdeaa87ab36 with 1000 chunks to corpus 806c13c2-01af-4ef3-9094-6bab514d631e
INFO:     127.0.0.1:41536 - "POST /v1/libraries/806c13c2-01af-4ef3-9094-6bab514d631e/documents/with-embeddings HTTP/1.1" 201 Created
2026-02-05 22:33:03 - app.services.library_service - INFO - Adding document 'batch_253' with 1000 pre-computed chunks to corpus 806c13c2-01af-4ef3-9094-6bab514d631e
2026-02-05 22:39:55 - infrastructure.repositories.library_repository - INFO - Publishing event document.added to event bus
2026-02-05 22:39:55 - infrastructure.repositories.library_repository - INFO - Event document.added queued successfully
2026-02-05 22:39:55 - app.services.library_service - INFO - Added document 45f65b74-345c-4f50-971e-e882e21600a1 with 1000 chunks to corpus 806c13c2-01af-4ef3-9094-6bab514d631e
INFO:     127.0.0.1:41536 - "POST /v1/libraries/806c13c2-01af-4ef3-9094-6bab514d631e/documents/with-embeddings HTTP/1.1" 201 Created
2026-02-05 22:39:57 - app.services.library_service - INFO - Adding document 'batch_254' with 1000 pre-computed chunks to corpus 806c13c2-01af-4ef3-9094-6bab514d631e
2026-02-05 22:46:49 - infrastructure.repositories.library_repository - INFO - Publishing event document.added to event bus
2026-02-05 22:46:49 - infrastructure.repositories.library_repository - INFO - Event document.added queued successfully
2026-02-05 22:46:49 - app.services.library_service - INFO - Added document 95645ae0-3fd6-4720-8912-303dbce13926 with 1000 chunks to corpus 806c13c2-01af-4ef3-9094-6bab514d631e
INFO:     127.0.0.1:41536 - "POST /v1/libraries/806c13c2-01af-4ef3-9094-6bab514d631e/documents/with-embeddings HTTP/1.1" 201 Created
2026-02-05 22:46:51 - app.services.library_service - INFO - Adding document 'batch_255' with 1000 pre-computed chunks to corpus 806c13c2-01af-4ef3-9094-6bab514d631e
2026-02-05 22:53:44 - infrastructure.repositories.library_repository - INFO - Publishing event document.added to event bus
2026-02-05 22:53:44 - infrastructure.repositories.library_repository - INFO - Event document.added queued successfully
2026-02-05 22:53:44 - app.services.library_service - INFO - Added document 572d277e-eec7-4fbd-8d6c-217fe9122cb8 with 1000 chunks to corpus 806c13c2-01af-4ef3-9094-6bab514d631e
INFO:     127.0.0.1:41536 - "POST /v1/libraries/806c13c2-01af-4ef3-9094-6bab514d631e/documents/with-embeddings HTTP/1.1" 201 Created
2026-02-05 22:53:46 - app.services.library_service - INFO - Adding document 'batch_256' with 1000 pre-computed chunks to corpus 806c13c2-01af-4ef3-9094-6bab514d631e
2026-02-05 23:00:37 - infrastructure.repositories.library_repository - INFO - Publishing event document.added to event bus
2026-02-05 23:00:37 - infrastructure.repositories.library_repository - INFO - Event document.added queued successfully
2026-02-05 23:00:37 - app.services.library_service - INFO - Added document eb361256-d6c6-491c-b6b5-059e67bb61f3 with 1000 chunks to corpus 806c13c2-01af-4ef3-9094-6bab514d631e
INFO:     127.0.0.1:41536 - "POST /v1/libraries/806c13c2-01af-4ef3-9094-6bab514d631e/documents/with-embeddings HTTP/1.1" 201 Created
2026-02-05 23:00:40 - app.services.library_service - INFO - Adding document 'batch_257' with 1000 pre-computed chunks to corpus 806c13c2-01af-4ef3-9094-6bab514d631e
2026-02-05 23:07:33 - infrastructure.repositories.library_repository - INFO - Publishing event document.added to event bus
2026-02-05 23:07:33 - infrastructure.repositories.library_repository - INFO - Event document.added queued successfully
2026-02-05 23:07:33 - app.services.library_service - INFO - Added document d437c64b-1818-4959-9db7-894febb64583 with 1000 chunks to corpus 806c13c2-01af-4ef3-9094-6bab514d631e
INFO:     127.0.0.1:41536 - "POST /v1/libraries/806c13c2-01af-4ef3-9094-6bab514d631e/documents/with-embeddings HTTP/1.1" 201 Created
2026-02-05 23:07:36 - app.services.library_service - INFO - Adding document 'batch_258' with 1000 pre-computed chunks to corpus 806c13c2-01af-4ef3-9094-6bab514d631e
2026-02-05 23:14:29 - infrastructure.repositories.library_repository - INFO - Publishing event document.added to event bus
2026-02-05 23:14:29 - infrastructure.repositories.library_repository - INFO - Event document.added queued successfully
2026-02-05 23:14:29 - app.services.library_service - INFO - Added document b04eb0d9-9128-4a83-b280-420bd1f2cce2 with 1000 chunks to corpus 806c13c2-01af-4ef3-9094-6bab514d631e
INFO:     127.0.0.1:41536 - "POST /v1/libraries/806c13c2-01af-4ef3-9094-6bab514d631e/documents/with-embeddings HTTP/1.1" 201 Created
2026-02-05 23:14:31 - app.services.library_service - INFO - Adding document 'batch_259' with 1000 pre-computed chunks to corpus 806c13c2-01af-4ef3-9094-6bab514d631e
2026-02-05 23:21:24 - infrastructure.repositories.library_repository - INFO - Publishing event document.added to event bus
2026-02-05 23:21:24 - infrastructure.repositories.library_repository - INFO - Event document.added queued successfully
2026-02-05 23:21:24 - app.services.library_service - INFO - Added document 804af02a-9bae-40bb-b22a-4db043a22072 with 1000 chunks to corpus 806c13c2-01af-4ef3-9094-6bab514d631e
INFO:     127.0.0.1:41536 - "POST /v1/libraries/806c13c2-01af-4ef3-9094-6bab514d631e/documents/with-embeddings HTTP/1.1" 201 Created
2026-02-05 23:21:26 - app.services.library_service - INFO - Adding document 'batch_260' with 1000 pre-computed chunks to corpus 806c13c2-01af-4ef3-9094-6bab514d631e
2026-02-05 23:28:18 - infrastructure.repositories.library_repository - INFO - Publishing event document.added to event bus
2026-02-05 23:28:18 - infrastructure.repositories.library_repository - INFO - Event document.added queued successfully
2026-02-05 23:28:18 - app.services.library_service - INFO - Added document abf710ab-1c9d-419d-b21a-3208ee85628e with 1000 chunks to corpus 806c13c2-01af-4ef3-9094-6bab514d631e
INFO:     127.0.0.1:41536 - "POST /v1/libraries/806c13c2-01af-4ef3-9094-6bab514d631e/documents/with-embeddings HTTP/1.1" 201 Created
2026-02-05 23:28:20 - app.services.library_service - INFO - Adding document 'batch_261' with 1000 pre-computed chunks to corpus 806c13c2-01af-4ef3-9094-6bab514d631e
2026-02-05 23:35:13 - infrastructure.repositories.library_repository - INFO - Publishing event document.added to event bus
2026-02-05 23:35:13 - infrastructure.repositories.library_repository - INFO - Event document.added queued successfully
2026-02-05 23:35:13 - app.services.library_service - INFO - Added document 20785ab0-aa23-4958-a3b6-d2e5be49b53a with 1000 chunks to corpus 806c13c2-01af-4ef3-9094-6bab514d631e
INFO:     127.0.0.1:41536 - "POST /v1/libraries/806c13c2-01af-4ef3-9094-6bab514d631e/documents/with-embeddings HTTP/1.1" 201 Created
2026-02-05 23:35:15 - app.services.library_service - INFO - Adding document 'batch_262' with 1000 pre-computed chunks to corpus 806c13c2-01af-4ef3-9094-6bab514d631e
2026-02-05 23:42:08 - infrastructure.repositories.library_repository - INFO - Publishing event document.added to event bus
2026-02-05 23:42:08 - infrastructure.repositories.library_repository - INFO - Event document.added queued successfully
2026-02-05 23:42:08 - app.services.library_service - INFO - Added document 08207166-5a17-4f66-adff-67ed28d31d1d with 1000 chunks to corpus 806c13c2-01af-4ef3-9094-6bab514d631e
INFO:     127.0.0.1:41536 - "POST /v1/libraries/806c13c2-01af-4ef3-9094-6bab514d631e/documents/with-embeddings HTTP/1.1" 201 Created
2026-02-05 23:42:10 - app.services.library_service - INFO - Adding document 'batch_263' with 1000 pre-computed chunks to corpus 806c13c2-01af-4ef3-9094-6bab514d631e
2026-02-05 23:49:02 - infrastructure.repositories.library_repository - INFO - Publishing event document.added to event bus
2026-02-05 23:49:02 - infrastructure.repositories.library_repository - INFO - Event document.added queued successfully
2026-02-05 23:49:02 - app.services.library_service - INFO - Added document 8ab1a332-1788-4fbf-a84e-a7308e7b7996 with 1000 chunks to corpus 806c13c2-01af-4ef3-9094-6bab514d631e
INFO:     127.0.0.1:41536 - "POST /v1/libraries/806c13c2-01af-4ef3-9094-6bab514d631e/documents/with-embeddings HTTP/1.1" 201 Created
2026-02-05 23:49:04 - app.services.library_service - INFO - Adding document 'batch_264' with 1000 pre-computed chunks to corpus 806c13c2-01af-4ef3-9094-6bab514d631e
2026-02-05 23:55:58 - infrastructure.repositories.library_repository - INFO - Publishing event document.added to event bus
2026-02-05 23:55:58 - infrastructure.repositories.library_repository - INFO - Event document.added queued successfully
2026-02-05 23:55:58 - app.services.library_service - INFO - Added document f4345589-fac0-49c0-ba5c-e8a0916a7e11 with 1000 chunks to corpus 806c13c2-01af-4ef3-9094-6bab514d631e
INFO:     127.0.0.1:41536 - "POST /v1/libraries/806c13c2-01af-4ef3-9094-6bab514d631e/documents/with-embeddings HTTP/1.1" 201 Created
2026-02-05 23:56:00 - app.services.library_service - INFO - Adding document 'batch_265' with 1000 pre-computed chunks to corpus 806c13c2-01af-4ef3-9094-6bab514d631e
2026-02-06 00:02:51 - infrastructure.repositories.library_repository - INFO - Publishing event document.added to event bus
2026-02-06 00:02:51 - infrastructure.repositories.library_repository - INFO - Event document.added queued successfully
2026-02-06 00:02:51 - app.services.library_service - INFO - Added document b6c42308-4498-4ac2-ab4a-ccf1ca2df058 with 1000 chunks to corpus 806c13c2-01af-4ef3-9094-6bab514d631e
INFO:     127.0.0.1:41536 - "POST /v1/libraries/806c13c2-01af-4ef3-9094-6bab514d631e/documents/with-embeddings HTTP/1.1" 201 Created
2026-02-06 00:02:53 - app.services.library_service - INFO - Adding document 'batch_266' with 1000 pre-computed chunks to corpus 806c13c2-01af-4ef3-9094-6bab514d631e
2026-02-06 00:09:47 - infrastructure.repositories.library_repository - INFO - Publishing event document.added to event bus
2026-02-06 00:09:47 - infrastructure.repositories.library_repository - INFO - Event document.added queued successfully
2026-02-06 00:09:47 - app.services.library_service - INFO - Added document 7dc83640-bcb1-44ea-b0c2-bc78004add90 with 1000 chunks to corpus 806c13c2-01af-4ef3-9094-6bab514d631e
INFO:     127.0.0.1:41536 - "POST /v1/libraries/806c13c2-01af-4ef3-9094-6bab514d631e/documents/with-embeddings HTTP/1.1" 201 Created
2026-02-06 00:09:49 - app.services.library_service - INFO - Adding document 'batch_267' with 1000 pre-computed chunks to corpus 806c13c2-01af-4ef3-9094-6bab514d631e
2026-02-06 00:16:42 - infrastructure.repositories.library_repository - INFO - Publishing event document.added to event bus
2026-02-06 00:16:42 - infrastructure.repositories.library_repository - INFO - Event document.added queued successfully
2026-02-06 00:16:42 - app.services.library_service - INFO - Added document 80c3ebc9-2e7e-4a0c-849a-5ee3cba10c25 with 1000 chunks to corpus 806c13c2-01af-4ef3-9094-6bab514d631e
INFO:     127.0.0.1:41536 - "POST /v1/libraries/806c13c2-01af-4ef3-9094-6bab514d631e/documents/with-embeddings HTTP/1.1" 201 Created
2026-02-06 00:16:45 - app.services.library_service - INFO - Adding document 'batch_268' with 1000 pre-computed chunks to corpus 806c13c2-01af-4ef3-9094-6bab514d631e
2026-02-06 00:23:39 - infrastructure.repositories.library_repository - INFO - Publishing event document.added to event bus
2026-02-06 00:23:39 - infrastructure.repositories.library_repository - INFO - Event document.added queued successfully
2026-02-06 00:23:39 - app.services.library_service - INFO - Added document 66778736-af0b-4f29-8e23-78d5ba9578af with 1000 chunks to corpus 806c13c2-01af-4ef3-9094-6bab514d631e
INFO:     127.0.0.1:41536 - "POST /v1/libraries/806c13c2-01af-4ef3-9094-6bab514d631e/documents/with-embeddings HTTP/1.1" 201 Created
2026-02-06 00:23:41 - app.services.library_service - INFO - Adding document 'batch_269' with 1000 pre-computed chunks to corpus 806c13c2-01af-4ef3-9094-6bab514d631e
2026-02-06 00:30:32 - infrastructure.repositories.library_repository - INFO - Publishing event document.added to event bus
2026-02-06 00:30:32 - infrastructure.repositories.library_repository - INFO - Event document.added queued successfully
2026-02-06 00:30:32 - app.services.library_service - INFO - Added document e11f66a3-af48-4062-9630-6e9da1eb083d with 1000 chunks to corpus 806c13c2-01af-4ef3-9094-6bab514d631e
INFO:     127.0.0.1:41536 - "POST /v1/libraries/806c13c2-01af-4ef3-9094-6bab514d631e/documents/with-embeddings HTTP/1.1" 201 Created
2026-02-06 00:30:34 - app.services.library_service - INFO - Adding document 'batch_270' with 1000 pre-computed chunks to corpus 806c13c2-01af-4ef3-9094-6bab514d631e
2026-02-06 00:37:28 - infrastructure.repositories.library_repository - INFO - Publishing event document.added to event bus
2026-02-06 00:37:28 - infrastructure.repositories.library_repository - INFO - Event document.added queued successfully
2026-02-06 00:37:28 - app.services.library_service - INFO - Added document d4d1b98c-06bc-4f9c-8d3b-40b43e0cf0e3 with 1000 chunks to corpus 806c13c2-01af-4ef3-9094-6bab514d631e
INFO:     127.0.0.1:41536 - "POST /v1/libraries/806c13c2-01af-4ef3-9094-6bab514d631e/documents/with-embeddings HTTP/1.1" 201 Created
2026-02-06 00:37:30 - app.services.library_service - INFO - Adding document 'batch_271' with 1000 pre-computed chunks to corpus 806c13c2-01af-4ef3-9094-6bab514d631e
2026-02-06 00:44:24 - infrastructure.repositories.library_repository - INFO - Publishing event document.added to event bus
2026-02-06 00:44:24 - infrastructure.repositories.library_repository - INFO - Event document.added queued successfully
2026-02-06 00:44:24 - app.services.library_service - INFO - Added document 4f1448f0-19af-4449-b17a-3fa050f2f969 with 1000 chunks to corpus 806c13c2-01af-4ef3-9094-6bab514d631e
INFO:     127.0.0.1:41536 - "POST /v1/libraries/806c13c2-01af-4ef3-9094-6bab514d631e/documents/with-embeddings HTTP/1.1" 201 Created
2026-02-06 00:44:27 - app.services.library_service - INFO - Adding document 'batch_272' with 1000 pre-computed chunks to corpus 806c13c2-01af-4ef3-9094-6bab514d631e
2026-02-06 00:51:22 - infrastructure.repositories.library_repository - INFO - Publishing event document.added to event bus
2026-02-06 00:51:22 - infrastructure.repositories.library_repository - INFO - Event document.added queued successfully
2026-02-06 00:51:22 - app.services.library_service - INFO - Added document 52f72f6f-6822-4d99-adee-70eab55ef2d9 with 1000 chunks to corpus 806c13c2-01af-4ef3-9094-6bab514d631e
INFO:     127.0.0.1:41536 - "POST /v1/libraries/806c13c2-01af-4ef3-9094-6bab514d631e/documents/with-embeddings HTTP/1.1" 201 Created
2026-02-06 00:51:24 - app.services.library_service - INFO - Adding document 'batch_273' with 1000 pre-computed chunks to corpus 806c13c2-01af-4ef3-9094-6bab514d631e
2026-02-06 00:58:15 - infrastructure.repositories.library_repository - INFO - Publishing event document.added to event bus
2026-02-06 00:58:15 - infrastructure.repositories.library_repository - INFO - Event document.added queued successfully
2026-02-06 00:58:15 - app.services.library_service - INFO - Added document a190035e-4caf-4ca7-bb0f-0ed1074c0d73 with 1000 chunks to corpus 806c13c2-01af-4ef3-9094-6bab514d631e
INFO:     127.0.0.1:41536 - "POST /v1/libraries/806c13c2-01af-4ef3-9094-6bab514d631e/documents/with-embeddings HTTP/1.1" 201 Created
2026-02-06 00:58:18 - app.services.library_service - INFO - Adding document 'batch_274' with 1000 pre-computed chunks to corpus 806c13c2-01af-4ef3-9094-6bab514d631e
2026-02-06 01:05:14 - infrastructure.repositories.library_repository - INFO - Publishing event document.added to event bus
2026-02-06 01:05:14 - infrastructure.repositories.library_repository - INFO - Event document.added queued successfully
2026-02-06 01:05:14 - app.services.library_service - INFO - Added document bf97681f-c8cc-4e11-9db7-74bdedb0e6b0 with 1000 chunks to corpus 806c13c2-01af-4ef3-9094-6bab514d631e
INFO:     127.0.0.1:41536 - "POST /v1/libraries/806c13c2-01af-4ef3-9094-6bab514d631e/documents/with-embeddings HTTP/1.1" 201 Created
2026-02-06 01:05:16 - app.services.library_service - INFO - Adding document 'batch_275' with 1000 pre-computed chunks to corpus 806c13c2-01af-4ef3-9094-6bab514d631e
2026-02-06 01:12:08 - infrastructure.repositories.library_repository - INFO - Publishing event document.added to event bus
2026-02-06 01:12:08 - infrastructure.repositories.library_repository - INFO - Event document.added queued successfully
2026-02-06 01:12:08 - app.services.library_service - INFO - Added document 6ea05ff3-60eb-454d-8566-937fd63005c8 with 1000 chunks to corpus 806c13c2-01af-4ef3-9094-6bab514d631e
INFO:     127.0.0.1:41536 - "POST /v1/libraries/806c13c2-01af-4ef3-9094-6bab514d631e/documents/with-embeddings HTTP/1.1" 201 Created
2026-02-06 01:12:11 - app.services.library_service - INFO - Adding document 'batch_276' with 1000 pre-computed chunks to corpus 806c13c2-01af-4ef3-9094-6bab514d631e
2026-02-06 01:19:05 - infrastructure.repositories.library_repository - INFO - Publishing event document.added to event bus
2026-02-06 01:19:05 - infrastructure.repositories.library_repository - INFO - Event document.added queued successfully
2026-02-06 01:19:05 - app.services.library_service - INFO - Added document fc3195c0-a52d-4b8a-80f9-e9f841b8d970 with 1000 chunks to corpus 806c13c2-01af-4ef3-9094-6bab514d631e
INFO:     127.0.0.1:41536 - "POST /v1/libraries/806c13c2-01af-4ef3-9094-6bab514d631e/documents/with-embeddings HTTP/1.1" 201 Created
2026-02-06 01:19:07 - app.services.library_service - INFO - Adding document 'batch_277' with 1000 pre-computed chunks to corpus 806c13c2-01af-4ef3-9094-6bab514d631e
2026-02-06 01:25:58 - infrastructure.repositories.library_repository - INFO - Publishing event document.added to event bus
2026-02-06 01:25:58 - infrastructure.repositories.library_repository - INFO - Event document.added queued successfully
2026-02-06 01:25:58 - app.services.library_service - INFO - Added document 7d38cc12-f8ac-468b-98ca-c914d6996742 with 1000 chunks to corpus 806c13c2-01af-4ef3-9094-6bab514d631e
INFO:     127.0.0.1:41536 - "POST /v1/libraries/806c13c2-01af-4ef3-9094-6bab514d631e/documents/with-embeddings HTTP/1.1" 201 Created
2026-02-06 01:26:00 - app.services.library_service - INFO - Adding document 'batch_278' with 1000 pre-computed chunks to corpus 806c13c2-01af-4ef3-9094-6bab514d631e
2026-02-06 01:32:53 - infrastructure.repositories.library_repository - INFO - Publishing event document.added to event bus
2026-02-06 01:32:53 - infrastructure.repositories.library_repository - INFO - Event document.added queued successfully
2026-02-06 01:32:53 - app.services.library_service - INFO - Added document 1f3ab8b0-a00a-44e0-a74f-f7ab9fc016a4 with 1000 chunks to corpus 806c13c2-01af-4ef3-9094-6bab514d631e
INFO:     127.0.0.1:41536 - "POST /v1/libraries/806c13c2-01af-4ef3-9094-6bab514d631e/documents/with-embeddings HTTP/1.1" 201 Created
2026-02-06 01:32:56 - app.services.library_service - INFO - Adding document 'batch_279' with 1000 pre-computed chunks to corpus 806c13c2-01af-4ef3-9094-6bab514d631e
2026-02-06 01:39:49 - infrastructure.repositories.library_repository - INFO - Publishing event document.added to event bus
2026-02-06 01:39:49 - infrastructure.repositories.library_repository - INFO - Event document.added queued successfully
2026-02-06 01:39:49 - app.services.library_service - INFO - Added document 08ebd19f-cb48-463b-aed6-a4c62665206d with 1000 chunks to corpus 806c13c2-01af-4ef3-9094-6bab514d631e
INFO:     127.0.0.1:41536 - "POST /v1/libraries/806c13c2-01af-4ef3-9094-6bab514d631e/documents/with-embeddings HTTP/1.1" 201 Created
2026-02-06 01:39:52 - app.services.library_service - INFO - Adding document 'batch_280' with 1000 pre-computed chunks to corpus 806c13c2-01af-4ef3-9094-6bab514d631e
2026-02-06 01:46:44 - infrastructure.repositories.library_repository - INFO - Publishing event document.added to event bus
2026-02-06 01:46:44 - infrastructure.repositories.library_repository - INFO - Event document.added queued successfully
2026-02-06 01:46:44 - app.services.library_service - INFO - Added document 63d563f7-aaf5-4e7b-8e97-070ab82f7fea with 1000 chunks to corpus 806c13c2-01af-4ef3-9094-6bab514d631e
INFO:     127.0.0.1:41536 - "POST /v1/libraries/806c13c2-01af-4ef3-9094-6bab514d631e/documents/with-embeddings HTTP/1.1" 201 Created
2026-02-06 01:46:49 - app.services.library_service - INFO - Adding document 'batch_281' with 1000 pre-computed chunks to corpus 806c13c2-01af-4ef3-9094-6bab514d631e
2026-02-06 01:53:41 - infrastructure.repositories.library_repository - INFO - Publishing event document.added to event bus
2026-02-06 01:53:41 - infrastructure.repositories.library_repository - INFO - Event document.added queued successfully
2026-02-06 01:53:41 - app.services.library_service - INFO - Added document 55776114-883b-48f0-9b58-2ed135dc82e2 with 1000 chunks to corpus 806c13c2-01af-4ef3-9094-6bab514d631e
INFO:     127.0.0.1:41536 - "POST /v1/libraries/806c13c2-01af-4ef3-9094-6bab514d631e/documents/with-embeddings HTTP/1.1" 201 Created
2026-02-06 01:53:43 - app.services.library_service - INFO - Adding document 'batch_282' with 1000 pre-computed chunks to corpus 806c13c2-01af-4ef3-9094-6bab514d631e
2026-02-06 02:00:37 - infrastructure.repositories.library_repository - INFO - Publishing event document.added to event bus
2026-02-06 02:00:37 - infrastructure.repositories.library_repository - INFO - Event document.added queued successfully
2026-02-06 02:00:37 - app.services.library_service - INFO - Added document ca121c47-8673-4d28-8f4a-8a2d45f35bcc with 1000 chunks to corpus 806c13c2-01af-4ef3-9094-6bab514d631e
INFO:     127.0.0.1:41536 - "POST /v1/libraries/806c13c2-01af-4ef3-9094-6bab514d631e/documents/with-embeddings HTTP/1.1" 201 Created
2026-02-06 02:00:39 - app.services.library_service - INFO - Adding document 'batch_283' with 1000 pre-computed chunks to corpus 806c13c2-01af-4ef3-9094-6bab514d631e
2026-02-06 02:07:35 - infrastructure.repositories.library_repository - INFO - Publishing event document.added to event bus
2026-02-06 02:07:35 - infrastructure.repositories.library_repository - INFO - Event document.added queued successfully
2026-02-06 02:07:35 - app.services.library_service - INFO - Added document a5d77e44-10ec-4721-be9f-5a159cdc5466 with 1000 chunks to corpus 806c13c2-01af-4ef3-9094-6bab514d631e
INFO:     127.0.0.1:41536 - "POST /v1/libraries/806c13c2-01af-4ef3-9094-6bab514d631e/documents/with-embeddings HTTP/1.1" 201 Created
2026-02-06 02:07:37 - app.services.library_service - INFO - Adding document 'batch_284' with 1000 pre-computed chunks to corpus 806c13c2-01af-4ef3-9094-6bab514d631e
2026-02-06 02:14:32 - infrastructure.repositories.library_repository - INFO - Publishing event document.added to event bus
2026-02-06 02:14:32 - infrastructure.repositories.library_repository - INFO - Event document.added queued successfully
2026-02-06 02:14:32 - app.services.library_service - INFO - Added document 830ff0e9-4723-48bc-a14e-f80572e18028 with 1000 chunks to corpus 806c13c2-01af-4ef3-9094-6bab514d631e
INFO:     127.0.0.1:41536 - "POST /v1/libraries/806c13c2-01af-4ef3-9094-6bab514d631e/documents/with-embeddings HTTP/1.1" 201 Created
2026-02-06 02:14:34 - app.services.library_service - INFO - Adding document 'batch_285' with 1000 pre-computed chunks to corpus 806c13c2-01af-4ef3-9094-6bab514d631e
2026-02-06 02:21:28 - infrastructure.repositories.library_repository - INFO - Publishing event document.added to event bus
2026-02-06 02:21:28 - infrastructure.repositories.library_repository - INFO - Event document.added queued successfully
2026-02-06 02:21:28 - app.services.library_service - INFO - Added document efd56b70-98c6-405a-a048-c0f1a6464ffb with 1000 chunks to corpus 806c13c2-01af-4ef3-9094-6bab514d631e
INFO:     127.0.0.1:41536 - "POST /v1/libraries/806c13c2-01af-4ef3-9094-6bab514d631e/documents/with-embeddings HTTP/1.1" 201 Created
2026-02-06 02:21:30 - app.services.library_service - INFO - Adding document 'batch_286' with 1000 pre-computed chunks to corpus 806c13c2-01af-4ef3-9094-6bab514d631e
2026-02-06 02:28:23 - infrastructure.repositories.library_repository - INFO - Publishing event document.added to event bus
2026-02-06 02:28:23 - infrastructure.repositories.library_repository - INFO - Event document.added queued successfully
2026-02-06 02:28:23 - app.services.library_service - INFO - Added document 620d855d-d4a2-467e-834b-9e7a47e1d963 with 1000 chunks to corpus 806c13c2-01af-4ef3-9094-6bab514d631e
INFO:     127.0.0.1:41536 - "POST /v1/libraries/806c13c2-01af-4ef3-9094-6bab514d631e/documents/with-embeddings HTTP/1.1" 201 Created
2026-02-06 02:28:25 - app.services.library_service - INFO - Adding document 'batch_287' with 1000 pre-computed chunks to corpus 806c13c2-01af-4ef3-9094-6bab514d631e
2026-02-06 02:35:18 - infrastructure.repositories.library_repository - INFO - Publishing event document.added to event bus
2026-02-06 02:35:18 - infrastructure.repositories.library_repository - INFO - Event document.added queued successfully
2026-02-06 02:35:18 - app.services.library_service - INFO - Added document 78c8ea5e-8a83-4192-a4f7-ffc865b2da9f with 1000 chunks to corpus 806c13c2-01af-4ef3-9094-6bab514d631e
INFO:     127.0.0.1:41536 - "POST /v1/libraries/806c13c2-01af-4ef3-9094-6bab514d631e/documents/with-embeddings HTTP/1.1" 201 Created
2026-02-06 02:35:20 - app.services.library_service - INFO - Adding document 'batch_288' with 1000 pre-computed chunks to corpus 806c13c2-01af-4ef3-9094-6bab514d631e
2026-02-06 02:42:16 - infrastructure.repositories.library_repository - INFO - Publishing event document.added to event bus
2026-02-06 02:42:16 - infrastructure.repositories.library_repository - INFO - Event document.added queued successfully
2026-02-06 02:42:16 - app.services.library_service - INFO - Added document 5d3e3221-985d-45a1-a7d3-aa564bec818e with 1000 chunks to corpus 806c13c2-01af-4ef3-9094-6bab514d631e
INFO:     127.0.0.1:41536 - "POST /v1/libraries/806c13c2-01af-4ef3-9094-6bab514d631e/documents/with-embeddings HTTP/1.1" 201 Created
2026-02-06 02:42:18 - app.services.library_service - INFO - Adding document 'batch_289' with 1000 pre-computed chunks to corpus 806c13c2-01af-4ef3-9094-6bab514d631e
2026-02-06 02:49:12 - infrastructure.repositories.library_repository - INFO - Publishing event document.added to event bus
2026-02-06 02:49:12 - infrastructure.repositories.library_repository - INFO - Event document.added queued successfully
2026-02-06 02:49:12 - app.services.library_service - INFO - Added document ed81c937-34a0-459f-af4f-49f611513bac with 1000 chunks to corpus 806c13c2-01af-4ef3-9094-6bab514d631e
INFO:     127.0.0.1:41536 - "POST /v1/libraries/806c13c2-01af-4ef3-9094-6bab514d631e/documents/with-embeddings HTTP/1.1" 201 Created
2026-02-06 02:49:14 - app.services.library_service - INFO - Adding document 'batch_290' with 1000 pre-computed chunks to corpus 806c13c2-01af-4ef3-9094-6bab514d631e
2026-02-06 02:56:08 - infrastructure.repositories.library_repository - INFO - Publishing event document.added to event bus
2026-02-06 02:56:08 - infrastructure.repositories.library_repository - INFO - Event document.added queued successfully
2026-02-06 02:56:08 - app.services.library_service - INFO - Added document edc4efb1-fe7d-46fe-98f4-3a66e59834a4 with 1000 chunks to corpus 806c13c2-01af-4ef3-9094-6bab514d631e
INFO:     127.0.0.1:41536 - "POST /v1/libraries/806c13c2-01af-4ef3-9094-6bab514d631e/documents/with-embeddings HTTP/1.1" 201 Created
2026-02-06 02:56:10 - app.services.library_service - INFO - Adding document 'batch_291' with 1000 pre-computed chunks to corpus 806c13c2-01af-4ef3-9094-6bab514d631e
2026-02-06 03:03:06 - infrastructure.repositories.library_repository - INFO - Publishing event document.added to event bus
2026-02-06 03:03:06 - infrastructure.repositories.library_repository - INFO - Event document.added queued successfully
2026-02-06 03:03:06 - app.services.library_service - INFO - Added document 8d8ab756-c3ec-4f77-99c7-21ec2cc811ca with 1000 chunks to corpus 806c13c2-01af-4ef3-9094-6bab514d631e
INFO:     127.0.0.1:41536 - "POST /v1/libraries/806c13c2-01af-4ef3-9094-6bab514d631e/documents/with-embeddings HTTP/1.1" 201 Created
2026-02-06 03:03:08 - app.services.library_service - INFO - Adding document 'batch_292' with 1000 pre-computed chunks to corpus 806c13c2-01af-4ef3-9094-6bab514d631e
2026-02-06 03:10:02 - infrastructure.repositories.library_repository - INFO - Publishing event document.added to event bus
2026-02-06 03:10:02 - infrastructure.repositories.library_repository - INFO - Event document.added queued successfully
2026-02-06 03:10:02 - app.services.library_service - INFO - Added document a466263f-d6f4-4ce1-8db0-d9aa89d66208 with 1000 chunks to corpus 806c13c2-01af-4ef3-9094-6bab514d631e
INFO:     127.0.0.1:41536 - "POST /v1/libraries/806c13c2-01af-4ef3-9094-6bab514d631e/documents/with-embeddings HTTP/1.1" 201 Created
2026-02-06 03:10:04 - app.services.library_service - INFO - Adding document 'batch_293' with 1000 pre-computed chunks to corpus 806c13c2-01af-4ef3-9094-6bab514d631e
2026-02-06 03:16:59 - infrastructure.repositories.library_repository - INFO - Publishing event document.added to event bus
2026-02-06 03:16:59 - infrastructure.repositories.library_repository - INFO - Event document.added queued successfully
2026-02-06 03:16:59 - app.services.library_service - INFO - Added document fda8883e-385d-4ef1-8f03-e35173034b25 with 1000 chunks to corpus 806c13c2-01af-4ef3-9094-6bab514d631e
INFO:     127.0.0.1:41536 - "POST /v1/libraries/806c13c2-01af-4ef3-9094-6bab514d631e/documents/with-embeddings HTTP/1.1" 201 Created
2026-02-06 03:17:01 - app.services.library_service - INFO - Adding document 'batch_294' with 1000 pre-computed chunks to corpus 806c13c2-01af-4ef3-9094-6bab514d631e
2026-02-06 03:23:55 - infrastructure.repositories.library_repository - INFO - Publishing event document.added to event bus
2026-02-06 03:23:55 - infrastructure.repositories.library_repository - INFO - Event document.added queued successfully
2026-02-06 03:23:55 - app.services.library_service - INFO - Added document ecbc7db6-3688-4afe-ad9e-27bf72342f76 with 1000 chunks to corpus 806c13c2-01af-4ef3-9094-6bab514d631e
INFO:     127.0.0.1:41536 - "POST /v1/libraries/806c13c2-01af-4ef3-9094-6bab514d631e/documents/with-embeddings HTTP/1.1" 201 Created
2026-02-06 03:23:57 - app.services.library_service - INFO - Adding document 'batch_295' with 1000 pre-computed chunks to corpus 806c13c2-01af-4ef3-9094-6bab514d631e
2026-02-06 03:30:50 - infrastructure.repositories.library_repository - INFO - Publishing event document.added to event bus
2026-02-06 03:30:50 - infrastructure.repositories.library_repository - INFO - Event document.added queued successfully
2026-02-06 03:30:50 - app.services.library_service - INFO - Added document 7a9b18a1-f247-454b-a641-e7df79817c5d with 1000 chunks to corpus 806c13c2-01af-4ef3-9094-6bab514d631e
INFO:     127.0.0.1:41536 - "POST /v1/libraries/806c13c2-01af-4ef3-9094-6bab514d631e/documents/with-embeddings HTTP/1.1" 201 Created
2026-02-06 03:30:52 - app.services.library_service - INFO - Adding document 'batch_296' with 1000 pre-computed chunks to corpus 806c13c2-01af-4ef3-9094-6bab514d631e
2026-02-06 03:37:46 - infrastructure.repositories.library_repository - INFO - Publishing event document.added to event bus
2026-02-06 03:37:46 - infrastructure.repositories.library_repository - INFO - Event document.added queued successfully
2026-02-06 03:37:46 - app.services.library_service - INFO - Added document ccd9cc29-9a37-4af8-903c-55e6526cda84 with 1000 chunks to corpus 806c13c2-01af-4ef3-9094-6bab514d631e
INFO:     127.0.0.1:41536 - "POST /v1/libraries/806c13c2-01af-4ef3-9094-6bab514d631e/documents/with-embeddings HTTP/1.1" 201 Created
2026-02-06 03:37:49 - app.services.library_service - INFO - Adding document 'batch_297' with 1000 pre-computed chunks to corpus 806c13c2-01af-4ef3-9094-6bab514d631e
2026-02-06 03:44:42 - infrastructure.repositories.library_repository - INFO - Publishing event document.added to event bus
2026-02-06 03:44:42 - infrastructure.repositories.library_repository - INFO - Event document.added queued successfully
2026-02-06 03:44:42 - app.services.library_service - INFO - Added document 7a55ce19-d599-4f2a-b661-8f99102dec4f with 1000 chunks to corpus 806c13c2-01af-4ef3-9094-6bab514d631e
INFO:     127.0.0.1:41536 - "POST /v1/libraries/806c13c2-01af-4ef3-9094-6bab514d631e/documents/with-embeddings HTTP/1.1" 201 Created
2026-02-06 03:44:45 - app.services.library_service - INFO - Adding document 'batch_298' with 1000 pre-computed chunks to corpus 806c13c2-01af-4ef3-9094-6bab514d631e
2026-02-06 03:51:40 - infrastructure.repositories.library_repository - INFO - Publishing event document.added to event bus
2026-02-06 03:51:40 - infrastructure.repositories.library_repository - INFO - Event document.added queued successfully
2026-02-06 03:51:40 - app.services.library_service - INFO - Added document 684379ae-3c37-44fc-a6ef-ae019e205c96 with 1000 chunks to corpus 806c13c2-01af-4ef3-9094-6bab514d631e
INFO:     127.0.0.1:41536 - "POST /v1/libraries/806c13c2-01af-4ef3-9094-6bab514d631e/documents/with-embeddings HTTP/1.1" 201 Created
2026-02-06 03:51:42 - app.services.library_service - INFO - Adding document 'batch_299' with 1000 pre-computed chunks to corpus 806c13c2-01af-4ef3-9094-6bab514d631e
2026-02-06 03:58:36 - infrastructure.repositories.library_repository - INFO - Publishing event document.added to event bus
2026-02-06 03:58:36 - infrastructure.repositories.library_repository - INFO - Event document.added queued successfully
2026-02-06 03:58:36 - app.services.library_service - INFO - Added document f2ea1c51-5b1c-4252-972a-e8cc18e357e9 with 1000 chunks to corpus 806c13c2-01af-4ef3-9094-6bab514d631e
INFO:     127.0.0.1:41536 - "POST /v1/libraries/806c13c2-01af-4ef3-9094-6bab514d631e/documents/with-embeddings HTTP/1.1" 201 Created
2026-02-06 03:58:38 - app.services.library_service - INFO - Adding document 'batch_300' with 1000 pre-computed chunks to corpus 806c13c2-01af-4ef3-9094-6bab514d631e
2026-02-06 04:05:32 - infrastructure.repositories.library_repository - INFO - Publishing event document.added to event bus
2026-02-06 04:05:32 - infrastructure.repositories.library_repository - INFO - Event document.added queued successfully
2026-02-06 04:05:32 - app.services.library_service - INFO - Added document 630e155e-d1c8-438a-9ec6-40fccd7fa7d1 with 1000 chunks to corpus 806c13c2-01af-4ef3-9094-6bab514d631e
INFO:     127.0.0.1:41536 - "POST /v1/libraries/806c13c2-01af-4ef3-9094-6bab514d631e/documents/with-embeddings HTTP/1.1" 201 Created
2026-02-06 04:05:34 - app.services.library_service - INFO - Adding document 'batch_301' with 1000 pre-computed chunks to corpus 806c13c2-01af-4ef3-9094-6bab514d631e
2026-02-06 04:12:28 - infrastructure.repositories.library_repository - INFO - Publishing event document.added to event bus
2026-02-06 04:12:28 - infrastructure.repositories.library_repository - INFO - Event document.added queued successfully
2026-02-06 04:12:28 - app.services.library_service - INFO - Added document ae80c199-a90b-4062-91bd-f2f245987e81 with 1000 chunks to corpus 806c13c2-01af-4ef3-9094-6bab514d631e
INFO:     127.0.0.1:41536 - "POST /v1/libraries/806c13c2-01af-4ef3-9094-6bab514d631e/documents/with-embeddings HTTP/1.1" 201 Created
2026-02-06 04:12:30 - app.services.library_service - INFO - Adding document 'batch_302' with 1000 pre-computed chunks to corpus 806c13c2-01af-4ef3-9094-6bab514d631e
2026-02-06 04:19:23 - infrastructure.repositories.library_repository - INFO - Publishing event document.added to event bus
2026-02-06 04:19:23 - infrastructure.repositories.library_repository - INFO - Event document.added queued successfully
2026-02-06 04:19:23 - app.services.library_service - INFO - Added document d4aa5ecd-dd5c-4723-9d64-46dcfa830561 with 1000 chunks to corpus 806c13c2-01af-4ef3-9094-6bab514d631e
INFO:     127.0.0.1:41536 - "POST /v1/libraries/806c13c2-01af-4ef3-9094-6bab514d631e/documents/with-embeddings HTTP/1.1" 201 Created
2026-02-06 04:19:25 - app.services.library_service - INFO - Adding document 'batch_303' with 1000 pre-computed chunks to corpus 806c13c2-01af-4ef3-9094-6bab514d631e
2026-02-06 04:26:18 - infrastructure.repositories.library_repository - INFO - Publishing event document.added to event bus
2026-02-06 04:26:18 - infrastructure.repositories.library_repository - INFO - Event document.added queued successfully
2026-02-06 04:26:18 - app.services.library_service - INFO - Added document 6c8cc0c4-9610-4438-8a33-68347fca9607 with 1000 chunks to corpus 806c13c2-01af-4ef3-9094-6bab514d631e
INFO:     127.0.0.1:41536 - "POST /v1/libraries/806c13c2-01af-4ef3-9094-6bab514d631e/documents/with-embeddings HTTP/1.1" 201 Created
2026-02-06 04:26:21 - app.services.library_service - INFO - Adding document 'batch_304' with 1000 pre-computed chunks to corpus 806c13c2-01af-4ef3-9094-6bab514d631e
2026-02-06 04:33:16 - infrastructure.repositories.library_repository - INFO - Publishing event document.added to event bus
2026-02-06 04:33:16 - infrastructure.repositories.library_repository - INFO - Event document.added queued successfully
2026-02-06 04:33:16 - app.services.library_service - INFO - Added document 61c85ea9-5ee6-4863-a5bd-276443e94350 with 1000 chunks to corpus 806c13c2-01af-4ef3-9094-6bab514d631e
INFO:     127.0.0.1:41536 - "POST /v1/libraries/806c13c2-01af-4ef3-9094-6bab514d631e/documents/with-embeddings HTTP/1.1" 201 Created
2026-02-06 04:33:18 - app.services.library_service - INFO - Adding document 'batch_305' with 1000 pre-computed chunks to corpus 806c13c2-01af-4ef3-9094-6bab514d631e
2026-02-06 04:40:14 - infrastructure.repositories.library_repository - INFO - Publishing event document.added to event bus
2026-02-06 04:40:14 - infrastructure.repositories.library_repository - INFO - Event document.added queued successfully
2026-02-06 04:40:14 - app.services.library_service - INFO - Added document 3ba4483c-ed8d-4b1c-9e50-0713cd2ef68b with 1000 chunks to corpus 806c13c2-01af-4ef3-9094-6bab514d631e
INFO:     127.0.0.1:41536 - "POST /v1/libraries/806c13c2-01af-4ef3-9094-6bab514d631e/documents/with-embeddings HTTP/1.1" 201 Created
2026-02-06 04:40:16 - app.services.library_service - INFO - Adding document 'batch_306' with 1000 pre-computed chunks to corpus 806c13c2-01af-4ef3-9094-6bab514d631e
2026-02-06 04:47:12 - infrastructure.repositories.library_repository - INFO - Publishing event document.added to event bus
2026-02-06 04:47:12 - infrastructure.repositories.library_repository - INFO - Event document.added queued successfully
2026-02-06 04:47:12 - app.services.library_service - INFO - Added document 2cb0126a-35cf-4374-9cc0-326bba60ee55 with 1000 chunks to corpus 806c13c2-01af-4ef3-9094-6bab514d631e
INFO:     127.0.0.1:41536 - "POST /v1/libraries/806c13c2-01af-4ef3-9094-6bab514d631e/documents/with-embeddings HTTP/1.1" 201 Created
2026-02-06 04:47:14 - app.services.library_service - INFO - Adding document 'batch_307' with 1000 pre-computed chunks to corpus 806c13c2-01af-4ef3-9094-6bab514d631e
2026-02-06 04:54:08 - infrastructure.repositories.library_repository - INFO - Publishing event document.added to event bus
2026-02-06 04:54:08 - infrastructure.repositories.library_repository - INFO - Event document.added queued successfully
2026-02-06 04:54:08 - app.services.library_service - INFO - Added document 39f28a6c-5306-4129-a04b-3c6fe4a19216 with 1000 chunks to corpus 806c13c2-01af-4ef3-9094-6bab514d631e
INFO:     127.0.0.1:41536 - "POST /v1/libraries/806c13c2-01af-4ef3-9094-6bab514d631e/documents/with-embeddings HTTP/1.1" 201 Created
2026-02-06 04:54:10 - app.services.library_service - INFO - Adding document 'batch_308' with 1000 pre-computed chunks to corpus 806c13c2-01af-4ef3-9094-6bab514d631e
2026-02-06 05:01:06 - infrastructure.repositories.library_repository - INFO - Publishing event document.added to event bus
2026-02-06 05:01:06 - infrastructure.repositories.library_repository - INFO - Event document.added queued successfully
2026-02-06 05:01:06 - app.services.library_service - INFO - Added document 8f692e19-d86a-4306-acf6-57d15301d071 with 1000 chunks to corpus 806c13c2-01af-4ef3-9094-6bab514d631e
INFO:     127.0.0.1:41536 - "POST /v1/libraries/806c13c2-01af-4ef3-9094-6bab514d631e/documents/with-embeddings HTTP/1.1" 201 Created
2026-02-06 05:01:11 - app.services.library_service - INFO - Adding document 'batch_309' with 1000 pre-computed chunks to corpus 806c13c2-01af-4ef3-9094-6bab514d631e
2026-02-06 05:08:07 - infrastructure.repositories.library_repository - INFO - Publishing event document.added to event bus
2026-02-06 05:08:07 - infrastructure.repositories.library_repository - INFO - Event document.added queued successfully
2026-02-06 05:08:07 - app.services.library_service - INFO - Added document 9dc0db9d-2ea6-4178-8fcc-d413e30bf03e with 1000 chunks to corpus 806c13c2-01af-4ef3-9094-6bab514d631e
INFO:     127.0.0.1:41536 - "POST /v1/libraries/806c13c2-01af-4ef3-9094-6bab514d631e/documents/with-embeddings HTTP/1.1" 201 Created
2026-02-06 05:08:09 - app.services.library_service - INFO - Adding document 'batch_310' with 1000 pre-computed chunks to corpus 806c13c2-01af-4ef3-9094-6bab514d631e
2026-02-06 05:15:03 - infrastructure.repositories.library_repository - INFO - Publishing event document.added to event bus
2026-02-06 05:15:03 - infrastructure.repositories.library_repository - INFO - Event document.added queued successfully
2026-02-06 05:15:03 - app.services.library_service - INFO - Added document 08e61550-af90-4be6-a797-d92ac4cae025 with 1000 chunks to corpus 806c13c2-01af-4ef3-9094-6bab514d631e
INFO:     127.0.0.1:41536 - "POST /v1/libraries/806c13c2-01af-4ef3-9094-6bab514d631e/documents/with-embeddings HTTP/1.1" 201 Created
2026-02-06 05:15:06 - app.services.library_service - INFO - Adding document 'batch_311' with 1000 pre-computed chunks to corpus 806c13c2-01af-4ef3-9094-6bab514d631e
2026-02-06 05:22:03 - infrastructure.repositories.library_repository - INFO - Publishing event document.added to event bus
2026-02-06 05:22:03 - infrastructure.repositories.library_repository - INFO - Event document.added queued successfully
2026-02-06 05:22:03 - app.services.library_service - INFO - Added document 4c8b2fb5-7e03-49c7-a957-b80a1f6ab338 with 1000 chunks to corpus 806c13c2-01af-4ef3-9094-6bab514d631e
INFO:     127.0.0.1:41536 - "POST /v1/libraries/806c13c2-01af-4ef3-9094-6bab514d631e/documents/with-embeddings HTTP/1.1" 201 Created
2026-02-06 05:22:05 - app.services.library_service - INFO - Adding document 'batch_312' with 1000 pre-computed chunks to corpus 806c13c2-01af-4ef3-9094-6bab514d631e
2026-02-06 05:26:08 - urllib3.connectionpool - WARNING - Retrying (Retry(total=2, connect=None, read=None, redirect=None, status=None)) after connection broken by 'SSLEOFError(8, 'EOF occurred in violation of protocol (_ssl.c:2393)')': /api/4510829230030848/envelope/
2026-02-06 05:29:00 - infrastructure.repositories.library_repository - INFO - Publishing event document.added to event bus
2026-02-06 05:29:00 - infrastructure.repositories.library_repository - INFO - Event document.added queued successfully
2026-02-06 05:29:00 - app.services.library_service - INFO - Added document 0de2e96a-24a4-41dd-a637-cb2d09b35f1f with 1000 chunks to corpus 806c13c2-01af-4ef3-9094-6bab514d631e
INFO:     127.0.0.1:41536 - "POST /v1/libraries/806c13c2-01af-4ef3-9094-6bab514d631e/documents/with-embeddings HTTP/1.1" 201 Created
2026-02-06 05:29:02 - app.services.library_service - INFO - Adding document 'batch_313' with 1000 pre-computed chunks to corpus 806c13c2-01af-4ef3-9094-6bab514d631e
2026-02-06 05:35:59 - infrastructure.repositories.library_repository - INFO - Publishing event document.added to event bus
2026-02-06 05:35:59 - infrastructure.repositories.library_repository - INFO - Event document.added queued successfully
2026-02-06 05:35:59 - app.services.library_service - INFO - Added document b930363d-405f-4d3f-b49d-591e28d0321b with 1000 chunks to corpus 806c13c2-01af-4ef3-9094-6bab514d631e
INFO:     127.0.0.1:41536 - "POST /v1/libraries/806c13c2-01af-4ef3-9094-6bab514d631e/documents/with-embeddings HTTP/1.1" 201 Created
2026-02-06 05:36:01 - app.services.library_service - INFO - Adding document 'batch_314' with 1000 pre-computed chunks to corpus 806c13c2-01af-4ef3-9094-6bab514d631e
2026-02-06 05:42:57 - infrastructure.repositories.library_repository - INFO - Publishing event document.added to event bus
2026-02-06 05:42:57 - infrastructure.repositories.library_repository - INFO - Event document.added queued successfully
2026-02-06 05:42:57 - app.services.library_service - INFO - Added document 2bfc9e78-5bcb-4d10-9a67-42e94b474bf2 with 1000 chunks to corpus 806c13c2-01af-4ef3-9094-6bab514d631e
INFO:     127.0.0.1:41536 - "POST /v1/libraries/806c13c2-01af-4ef3-9094-6bab514d631e/documents/with-embeddings HTTP/1.1" 201 Created
2026-02-06 05:42:59 - app.services.library_service - INFO - Adding document 'batch_315' with 1000 pre-computed chunks to corpus 806c13c2-01af-4ef3-9094-6bab514d631e
2026-02-06 05:49:53 - infrastructure.repositories.library_repository - INFO - Publishing event document.added to event bus
2026-02-06 05:49:53 - infrastructure.repositories.library_repository - INFO - Event document.added queued successfully
2026-02-06 05:49:53 - app.services.library_service - INFO - Added document 1030788e-a927-47c3-9b7c-b181bd946946 with 1000 chunks to corpus 806c13c2-01af-4ef3-9094-6bab514d631e
INFO:     127.0.0.1:41536 - "POST /v1/libraries/806c13c2-01af-4ef3-9094-6bab514d631e/documents/with-embeddings HTTP/1.1" 201 Created
2026-02-06 05:49:56 - app.services.library_service - INFO - Adding document 'batch_316' with 1000 pre-computed chunks to corpus 806c13c2-01af-4ef3-9094-6bab514d631e
2026-02-06 05:56:52 - infrastructure.repositories.library_repository - INFO - Publishing event document.added to event bus
2026-02-06 05:56:52 - infrastructure.repositories.library_repository - INFO - Event document.added queued successfully
2026-02-06 05:56:52 - app.services.library_service - INFO - Added document c86d1508-e4d3-4ebf-8b39-a63e7f28c42b with 1000 chunks to corpus 806c13c2-01af-4ef3-9094-6bab514d631e
INFO:     127.0.0.1:41536 - "POST /v1/libraries/806c13c2-01af-4ef3-9094-6bab514d631e/documents/with-embeddings HTTP/1.1" 201 Created
2026-02-06 05:56:54 - app.services.library_service - INFO - Adding document 'batch_317' with 1000 pre-computed chunks to corpus 806c13c2-01af-4ef3-9094-6bab514d631e
2026-02-06 06:03:50 - infrastructure.repositories.library_repository - INFO - Publishing event document.added to event bus
2026-02-06 06:03:50 - infrastructure.repositories.library_repository - INFO - Event document.added queued successfully
2026-02-06 06:03:50 - app.services.library_service - INFO - Added document 1a7a37f4-a89d-456b-9368-e16c3c23d2ca with 1000 chunks to corpus 806c13c2-01af-4ef3-9094-6bab514d631e
INFO:     127.0.0.1:41536 - "POST /v1/libraries/806c13c2-01af-4ef3-9094-6bab514d631e/documents/with-embeddings HTTP/1.1" 201 Created
2026-02-06 06:03:53 - app.services.library_service - INFO - Adding document 'batch_318' with 1000 pre-computed chunks to corpus 806c13c2-01af-4ef3-9094-6bab514d631e
2026-02-06 06:10:49 - infrastructure.repositories.library_repository - INFO - Publishing event document.added to event bus
2026-02-06 06:10:49 - infrastructure.repositories.library_repository - INFO - Event document.added queued successfully
2026-02-06 06:10:49 - app.services.library_service - INFO - Added document 9cbe8820-f513-46cf-8feb-09744ca3ba01 with 1000 chunks to corpus 806c13c2-01af-4ef3-9094-6bab514d631e
INFO:     127.0.0.1:41536 - "POST /v1/libraries/806c13c2-01af-4ef3-9094-6bab514d631e/documents/with-embeddings HTTP/1.1" 201 Created
2026-02-06 06:10:51 - app.services.library_service - INFO - Adding document 'batch_319' with 1000 pre-computed chunks to corpus 806c13c2-01af-4ef3-9094-6bab514d631e
2026-02-06 06:17:47 - infrastructure.repositories.library_repository - INFO - Publishing event document.added to event bus
2026-02-06 06:17:47 - infrastructure.repositories.library_repository - INFO - Event document.added queued successfully
2026-02-06 06:17:47 - app.services.library_service - INFO - Added document 20cfb6e1-c452-4336-97ff-d8fe31a3543d with 1000 chunks to corpus 806c13c2-01af-4ef3-9094-6bab514d631e
INFO:     127.0.0.1:41536 - "POST /v1/libraries/806c13c2-01af-4ef3-9094-6bab514d631e/documents/with-embeddings HTTP/1.1" 201 Created
2026-02-06 06:17:50 - app.services.library_service - INFO - Adding document 'batch_320' with 1000 pre-computed chunks to corpus 806c13c2-01af-4ef3-9094-6bab514d631e
2026-02-06 06:24:43 - infrastructure.repositories.library_repository - INFO - Publishing event document.added to event bus
2026-02-06 06:24:43 - infrastructure.repositories.library_repository - INFO - Event document.added queued successfully
2026-02-06 06:24:43 - app.services.library_service - INFO - Added document 66a54f9f-f604-494a-a101-1c9b77f10112 with 1000 chunks to corpus 806c13c2-01af-4ef3-9094-6bab514d631e
INFO:     127.0.0.1:41536 - "POST /v1/libraries/806c13c2-01af-4ef3-9094-6bab514d631e/documents/with-embeddings HTTP/1.1" 201 Created
2026-02-06 06:24:46 - app.services.library_service - INFO - Adding document 'batch_321' with 1000 pre-computed chunks to corpus 806c13c2-01af-4ef3-9094-6bab514d631e
2026-02-06 06:31:40 - infrastructure.repositories.library_repository - INFO - Publishing event document.added to event bus
2026-02-06 06:31:40 - infrastructure.repositories.library_repository - INFO - Event document.added queued successfully
2026-02-06 06:31:40 - app.services.library_service - INFO - Added document b1767d74-34e1-4b52-b558-37f6d057b9d9 with 1000 chunks to corpus 806c13c2-01af-4ef3-9094-6bab514d631e
INFO:     127.0.0.1:41536 - "POST /v1/libraries/806c13c2-01af-4ef3-9094-6bab514d631e/documents/with-embeddings HTTP/1.1" 201 Created
2026-02-06 06:31:42 - app.services.library_service - INFO - Adding document 'batch_322' with 1000 pre-computed chunks to corpus 806c13c2-01af-4ef3-9094-6bab514d631e
2026-02-06 06:38:39 - infrastructure.repositories.library_repository - INFO - Publishing event document.added to event bus
2026-02-06 06:38:39 - infrastructure.repositories.library_repository - INFO - Event document.added queued successfully
2026-02-06 06:38:39 - app.services.library_service - INFO - Added document 58949101-bc71-42dd-8725-f807e3c22431 with 1000 chunks to corpus 806c13c2-01af-4ef3-9094-6bab514d631e
INFO:     127.0.0.1:41536 - "POST /v1/libraries/806c13c2-01af-4ef3-9094-6bab514d631e/documents/with-embeddings HTTP/1.1" 201 Created
2026-02-06 06:38:41 - app.services.library_service - INFO - Adding document 'batch_323' with 1000 pre-computed chunks to corpus 806c13c2-01af-4ef3-9094-6bab514d631e
2026-02-06 06:45:36 - infrastructure.repositories.library_repository - INFO - Publishing event document.added to event bus
2026-02-06 06:45:36 - infrastructure.repositories.library_repository - INFO - Event document.added queued successfully
2026-02-06 06:45:36 - app.services.library_service - INFO - Added document 6afb8617-644e-4b06-8793-708511fb8623 with 1000 chunks to corpus 806c13c2-01af-4ef3-9094-6bab514d631e
INFO:     127.0.0.1:41536 - "POST /v1/libraries/806c13c2-01af-4ef3-9094-6bab514d631e/documents/with-embeddings HTTP/1.1" 201 Created
2026-02-06 06:45:38 - app.services.library_service - INFO - Adding document 'batch_324' with 1000 pre-computed chunks to corpus 806c13c2-01af-4ef3-9094-6bab514d631e
2026-02-06 06:52:33 - infrastructure.repositories.library_repository - INFO - Publishing event document.added to event bus
2026-02-06 06:52:33 - infrastructure.repositories.library_repository - INFO - Event document.added queued successfully
2026-02-06 06:52:33 - app.services.library_service - INFO - Added document d35798ed-4be9-4be4-a53e-7cc2daf4881b with 1000 chunks to corpus 806c13c2-01af-4ef3-9094-6bab514d631e
INFO:     127.0.0.1:41536 - "POST /v1/libraries/806c13c2-01af-4ef3-9094-6bab514d631e/documents/with-embeddings HTTP/1.1" 201 Created
2026-02-06 06:52:35 - app.services.library_service - INFO - Adding document 'batch_325' with 1000 pre-computed chunks to corpus 806c13c2-01af-4ef3-9094-6bab514d631e
2026-02-06 06:59:31 - infrastructure.repositories.library_repository - INFO - Publishing event document.added to event bus
2026-02-06 06:59:31 - infrastructure.repositories.library_repository - INFO - Event document.added queued successfully
2026-02-06 06:59:31 - app.services.library_service - INFO - Added document b434c31d-94e7-4f5d-8a3c-5f35717f5043 with 1000 chunks to corpus 806c13c2-01af-4ef3-9094-6bab514d631e
INFO:     127.0.0.1:41536 - "POST /v1/libraries/806c13c2-01af-4ef3-9094-6bab514d631e/documents/with-embeddings HTTP/1.1" 201 Created
2026-02-06 06:59:34 - app.services.library_service - INFO - Adding document 'batch_326' with 1000 pre-computed chunks to corpus 806c13c2-01af-4ef3-9094-6bab514d631e
2026-02-06 07:06:27 - infrastructure.repositories.library_repository - INFO - Publishing event document.added to event bus
2026-02-06 07:06:27 - infrastructure.repositories.library_repository - INFO - Event document.added queued successfully
2026-02-06 07:06:27 - app.services.library_service - INFO - Added document e6230d7b-9bc4-4a4a-a9d0-50c73b478330 with 1000 chunks to corpus 806c13c2-01af-4ef3-9094-6bab514d631e
INFO:     127.0.0.1:41536 - "POST /v1/libraries/806c13c2-01af-4ef3-9094-6bab514d631e/documents/with-embeddings HTTP/1.1" 201 Created
2026-02-06 07:06:30 - app.services.library_service - INFO - Adding document 'batch_327' with 1000 pre-computed chunks to corpus 806c13c2-01af-4ef3-9094-6bab514d631e
2026-02-06 07:13:26 - infrastructure.repositories.library_repository - INFO - Publishing event document.added to event bus
2026-02-06 07:13:26 - infrastructure.repositories.library_repository - INFO - Event document.added queued successfully
2026-02-06 07:13:26 - app.services.library_service - INFO - Added document a4c79e35-edbb-4c75-82a8-b427a7167473 with 1000 chunks to corpus 806c13c2-01af-4ef3-9094-6bab514d631e
INFO:     127.0.0.1:41536 - "POST /v1/libraries/806c13c2-01af-4ef3-9094-6bab514d631e/documents/with-embeddings HTTP/1.1" 201 Created
2026-02-06 07:13:28 - app.services.library_service - INFO - Adding document 'batch_328' with 1000 pre-computed chunks to corpus 806c13c2-01af-4ef3-9094-6bab514d631e
2026-02-06 07:20:25 - infrastructure.repositories.library_repository - INFO - Publishing event document.added to event bus
2026-02-06 07:20:25 - infrastructure.repositories.library_repository - INFO - Event document.added queued successfully
2026-02-06 07:20:25 - app.services.library_service - INFO - Added document d972568d-5190-4565-a180-69650c3e37e2 with 1000 chunks to corpus 806c13c2-01af-4ef3-9094-6bab514d631e
INFO:     127.0.0.1:41536 - "POST /v1/libraries/806c13c2-01af-4ef3-9094-6bab514d631e/documents/with-embeddings HTTP/1.1" 201 Created
2026-02-06 07:20:27 - app.services.library_service - INFO - Adding document 'batch_329' with 1000 pre-computed chunks to corpus 806c13c2-01af-4ef3-9094-6bab514d631e
2026-02-06 07:27:21 - infrastructure.repositories.library_repository - INFO - Publishing event document.added to event bus
2026-02-06 07:27:21 - infrastructure.repositories.library_repository - INFO - Event document.added queued successfully
2026-02-06 07:27:21 - app.services.library_service - INFO - Added document 34289567-0c38-4a58-98b6-4763696d8a4d with 1000 chunks to corpus 806c13c2-01af-4ef3-9094-6bab514d631e
INFO:     127.0.0.1:41536 - "POST /v1/libraries/806c13c2-01af-4ef3-9094-6bab514d631e/documents/with-embeddings HTTP/1.1" 201 Created
2026-02-06 07:27:23 - app.services.library_service - INFO - Adding document 'batch_330' with 1000 pre-computed chunks to corpus 806c13c2-01af-4ef3-9094-6bab514d631e
2026-02-06 07:34:17 - infrastructure.repositories.library_repository - INFO - Publishing event document.added to event bus
2026-02-06 07:34:17 - infrastructure.repositories.library_repository - INFO - Event document.added queued successfully
2026-02-06 07:34:17 - app.services.library_service - INFO - Added document b7e01981-96d3-49a8-bb75-19840bf2134d with 1000 chunks to corpus 806c13c2-01af-4ef3-9094-6bab514d631e
INFO:     127.0.0.1:41536 - "POST /v1/libraries/806c13c2-01af-4ef3-9094-6bab514d631e/documents/with-embeddings HTTP/1.1" 201 Created
2026-02-06 07:34:20 - app.services.library_service - INFO - Adding document 'batch_331' with 1000 pre-computed chunks to corpus 806c13c2-01af-4ef3-9094-6bab514d631e
2026-02-06 07:41:17 - infrastructure.repositories.library_repository - INFO - Publishing event document.added to event bus
2026-02-06 07:41:17 - infrastructure.repositories.library_repository - INFO - Event document.added queued successfully
2026-02-06 07:41:17 - app.services.library_service - INFO - Added document 02ede1b8-f490-4525-98c1-e88222d9519d with 1000 chunks to corpus 806c13c2-01af-4ef3-9094-6bab514d631e
INFO:     127.0.0.1:41536 - "POST /v1/libraries/806c13c2-01af-4ef3-9094-6bab514d631e/documents/with-embeddings HTTP/1.1" 201 Created
2026-02-06 07:41:19 - app.services.library_service - INFO - Adding document 'batch_332' with 1000 pre-computed chunks to corpus 806c13c2-01af-4ef3-9094-6bab514d631e
2026-02-06 07:48:13 - infrastructure.repositories.library_repository - INFO - Publishing event document.added to event bus
2026-02-06 07:48:13 - infrastructure.repositories.library_repository - INFO - Event document.added queued successfully
2026-02-06 07:48:13 - app.services.library_service - INFO - Added document e7f93905-8f07-4813-8dd9-5fec9411e0ee with 1000 chunks to corpus 806c13c2-01af-4ef3-9094-6bab514d631e
INFO:     127.0.0.1:41536 - "POST /v1/libraries/806c13c2-01af-4ef3-9094-6bab514d631e/documents/with-embeddings HTTP/1.1" 201 Created
2026-02-06 07:48:16 - app.services.library_service - INFO - Adding document 'batch_333' with 1000 pre-computed chunks to corpus 806c13c2-01af-4ef3-9094-6bab514d631e
2026-02-06 07:55:12 - infrastructure.repositories.library_repository - INFO - Publishing event document.added to event bus
2026-02-06 07:55:12 - infrastructure.repositories.library_repository - INFO - Event document.added queued successfully
2026-02-06 07:55:12 - app.services.library_service - INFO - Added document 6cb0d482-e856-437e-9c55-53d9dde38f0a with 1000 chunks to corpus 806c13c2-01af-4ef3-9094-6bab514d631e
INFO:     127.0.0.1:41536 - "POST /v1/libraries/806c13c2-01af-4ef3-9094-6bab514d631e/documents/with-embeddings HTTP/1.1" 201 Created
2026-02-06 07:55:14 - app.services.library_service - INFO - Adding document 'batch_334' with 1000 pre-computed chunks to corpus 806c13c2-01af-4ef3-9094-6bab514d631e
2026-02-06 08:02:10 - infrastructure.repositories.library_repository - INFO - Publishing event document.added to event bus
2026-02-06 08:02:10 - infrastructure.repositories.library_repository - INFO - Event document.added queued successfully
2026-02-06 08:02:10 - app.services.library_service - INFO - Added document fea44711-87c0-42f2-8523-bad2fe378ff5 with 1000 chunks to corpus 806c13c2-01af-4ef3-9094-6bab514d631e
INFO:     127.0.0.1:41536 - "POST /v1/libraries/806c13c2-01af-4ef3-9094-6bab514d631e/documents/with-embeddings HTTP/1.1" 201 Created
2026-02-06 08:02:13 - app.services.library_service - INFO - Adding document 'batch_335' with 1000 pre-computed chunks to corpus 806c13c2-01af-4ef3-9094-6bab514d631e
2026-02-06 08:09:08 - infrastructure.repositories.library_repository - INFO - Publishing event document.added to event bus
2026-02-06 08:09:08 - infrastructure.repositories.library_repository - INFO - Event document.added queued successfully
2026-02-06 08:09:08 - app.services.library_service - INFO - Added document 2c9fb599-c0f5-45e8-99e3-7c7a93808188 with 1000 chunks to corpus 806c13c2-01af-4ef3-9094-6bab514d631e
INFO:     127.0.0.1:41536 - "POST /v1/libraries/806c13c2-01af-4ef3-9094-6bab514d631e/documents/with-embeddings HTTP/1.1" 201 Created
2026-02-06 08:09:11 - app.services.library_service - INFO - Adding document 'batch_336' with 1000 pre-computed chunks to corpus 806c13c2-01af-4ef3-9094-6bab514d631e
2026-02-06 08:16:08 - infrastructure.repositories.library_repository - INFO - Publishing event document.added to event bus
2026-02-06 08:16:08 - infrastructure.repositories.library_repository - INFO - Event document.added queued successfully
2026-02-06 08:16:08 - app.services.library_service - INFO - Added document 670395f7-f08b-4316-9c08-10bd5c7910d9 with 1000 chunks to corpus 806c13c2-01af-4ef3-9094-6bab514d631e
INFO:     127.0.0.1:41536 - "POST /v1/libraries/806c13c2-01af-4ef3-9094-6bab514d631e/documents/with-embeddings HTTP/1.1" 201 Created
2026-02-06 08:16:10 - app.services.library_service - INFO - Adding document 'batch_337' with 1000 pre-computed chunks to corpus 806c13c2-01af-4ef3-9094-6bab514d631e
2026-02-06 08:23:09 - infrastructure.repositories.library_repository - INFO - Publishing event document.added to event bus
2026-02-06 08:23:09 - infrastructure.repositories.library_repository - INFO - Event document.added queued successfully
2026-02-06 08:23:09 - app.services.library_service - INFO - Added document 0350974e-e657-42b0-b008-26c1d1b45de8 with 1000 chunks to corpus 806c13c2-01af-4ef3-9094-6bab514d631e
INFO:     127.0.0.1:41536 - "POST /v1/libraries/806c13c2-01af-4ef3-9094-6bab514d631e/documents/with-embeddings HTTP/1.1" 201 Created
2026-02-06 08:23:11 - app.services.library_service - INFO - Adding document 'batch_338' with 1000 pre-computed chunks to corpus 806c13c2-01af-4ef3-9094-6bab514d631e
2026-02-06 08:30:07 - infrastructure.repositories.library_repository - INFO - Publishing event document.added to event bus
2026-02-06 08:30:07 - infrastructure.repositories.library_repository - INFO - Event document.added queued successfully
2026-02-06 08:30:07 - app.services.library_service - INFO - Added document d951a939-19cd-4940-a40f-24d3e9ef9225 with 1000 chunks to corpus 806c13c2-01af-4ef3-9094-6bab514d631e
INFO:     127.0.0.1:41536 - "POST /v1/libraries/806c13c2-01af-4ef3-9094-6bab514d631e/documents/with-embeddings HTTP/1.1" 201 Created
2026-02-06 08:30:09 - app.services.library_service - INFO - Adding document 'batch_339' with 1000 pre-computed chunks to corpus 806c13c2-01af-4ef3-9094-6bab514d631e
2026-02-06 08:37:06 - infrastructure.repositories.library_repository - INFO - Publishing event document.added to event bus
2026-02-06 08:37:06 - infrastructure.repositories.library_repository - INFO - Event document.added queued successfully
2026-02-06 08:37:06 - app.services.library_service - INFO - Added document 196a218f-80db-4fd8-8ebf-9b98bfbcbfdf with 1000 chunks to corpus 806c13c2-01af-4ef3-9094-6bab514d631e
INFO:     127.0.0.1:41536 - "POST /v1/libraries/806c13c2-01af-4ef3-9094-6bab514d631e/documents/with-embeddings HTTP/1.1" 201 Created
2026-02-06 08:37:12 - app.services.library_service - INFO - Adding document 'batch_340' with 1000 pre-computed chunks to corpus 806c13c2-01af-4ef3-9094-6bab514d631e
2026-02-06 08:44:09 - infrastructure.repositories.library_repository - INFO - Publishing event document.added to event bus
2026-02-06 08:44:09 - infrastructure.repositories.library_repository - INFO - Event document.added queued successfully
2026-02-06 08:44:09 - app.services.library_service - INFO - Added document 4d2c3fe2-abcc-4392-b5c3-207faeb18168 with 1000 chunks to corpus 806c13c2-01af-4ef3-9094-6bab514d631e
INFO:     127.0.0.1:41536 - "POST /v1/libraries/806c13c2-01af-4ef3-9094-6bab514d631e/documents/with-embeddings HTTP/1.1" 201 Created
2026-02-06 08:44:11 - app.services.library_service - INFO - Adding document 'batch_341' with 1000 pre-computed chunks to corpus 806c13c2-01af-4ef3-9094-6bab514d631e
2026-02-06 08:51:07 - infrastructure.repositories.library_repository - INFO - Publishing event document.added to event bus
2026-02-06 08:51:07 - infrastructure.repositories.library_repository - INFO - Event document.added queued successfully
2026-02-06 08:51:07 - app.services.library_service - INFO - Added document ffb8c0ba-120f-41c6-9d40-9bc91b21ed86 with 1000 chunks to corpus 806c13c2-01af-4ef3-9094-6bab514d631e
INFO:     127.0.0.1:41536 - "POST /v1/libraries/806c13c2-01af-4ef3-9094-6bab514d631e/documents/with-embeddings HTTP/1.1" 201 Created
2026-02-06 08:51:10 - app.services.library_service - INFO - Adding document 'batch_342' with 1000 pre-computed chunks to corpus 806c13c2-01af-4ef3-9094-6bab514d631e
2026-02-06 08:58:08 - infrastructure.repositories.library_repository - INFO - Publishing event document.added to event bus
2026-02-06 08:58:08 - infrastructure.repositories.library_repository - INFO - Event document.added queued successfully
2026-02-06 08:58:08 - app.services.library_service - INFO - Added document 7c0c089c-664b-448b-a511-8ae2376f30f7 with 1000 chunks to corpus 806c13c2-01af-4ef3-9094-6bab514d631e
INFO:     127.0.0.1:41536 - "POST /v1/libraries/806c13c2-01af-4ef3-9094-6bab514d631e/documents/with-embeddings HTTP/1.1" 201 Created
2026-02-06 08:58:10 - app.services.library_service - INFO - Adding document 'batch_343' with 1000 pre-computed chunks to corpus 806c13c2-01af-4ef3-9094-6bab514d631e
2026-02-06 09:05:06 - infrastructure.repositories.library_repository - INFO - Publishing event document.added to event bus
2026-02-06 09:05:06 - infrastructure.repositories.library_repository - INFO - Event document.added queued successfully
2026-02-06 09:05:06 - app.services.library_service - INFO - Added document 968847de-c6f7-4e12-8a35-e0f7713c64ed with 1000 chunks to corpus 806c13c2-01af-4ef3-9094-6bab514d631e
INFO:     127.0.0.1:41536 - "POST /v1/libraries/806c13c2-01af-4ef3-9094-6bab514d631e/documents/with-embeddings HTTP/1.1" 201 Created
2026-02-06 09:05:08 - app.services.library_service - INFO - Adding document 'batch_344' with 1000 pre-computed chunks to corpus 806c13c2-01af-4ef3-9094-6bab514d631e
2026-02-06 09:12:03 - infrastructure.repositories.library_repository - INFO - Publishing event document.added to event bus
2026-02-06 09:12:03 - infrastructure.repositories.library_repository - INFO - Event document.added queued successfully
2026-02-06 09:12:03 - app.services.library_service - INFO - Added document d883f560-3da3-4d5d-ba2c-9b4c39d084be with 1000 chunks to corpus 806c13c2-01af-4ef3-9094-6bab514d631e
INFO:     127.0.0.1:41536 - "POST /v1/libraries/806c13c2-01af-4ef3-9094-6bab514d631e/documents/with-embeddings HTTP/1.1" 201 Created
2026-02-06 09:12:06 - app.services.library_service - INFO - Adding document 'batch_345' with 1000 pre-computed chunks to corpus 806c13c2-01af-4ef3-9094-6bab514d631e
2026-02-06 09:19:00 - infrastructure.repositories.library_repository - INFO - Publishing event document.added to event bus
2026-02-06 09:19:00 - infrastructure.repositories.library_repository - INFO - Event document.added queued successfully
2026-02-06 09:19:00 - app.services.library_service - INFO - Added document ef62d462-2077-4862-8576-fe565d6b6035 with 1000 chunks to corpus 806c13c2-01af-4ef3-9094-6bab514d631e
INFO:     127.0.0.1:41536 - "POST /v1/libraries/806c13c2-01af-4ef3-9094-6bab514d631e/documents/with-embeddings HTTP/1.1" 201 Created
2026-02-06 09:19:02 - app.services.library_service - INFO - Adding document 'batch_346' with 1000 pre-computed chunks to corpus 806c13c2-01af-4ef3-9094-6bab514d631e
2026-02-06 09:25:57 - infrastructure.repositories.library_repository - INFO - Publishing event document.added to event bus
2026-02-06 09:25:57 - infrastructure.repositories.library_repository - INFO - Event document.added queued successfully
2026-02-06 09:25:57 - app.services.library_service - INFO - Added document 8071d435-008b-41dd-9d71-5f8e9e126b13 with 1000 chunks to corpus 806c13c2-01af-4ef3-9094-6bab514d631e
INFO:     127.0.0.1:41536 - "POST /v1/libraries/806c13c2-01af-4ef3-9094-6bab514d631e/documents/with-embeddings HTTP/1.1" 201 Created
2026-02-06 09:25:59 - app.services.library_service - INFO - Adding document 'batch_347' with 1000 pre-computed chunks to corpus 806c13c2-01af-4ef3-9094-6bab514d631e
2026-02-06 09:32:57 - infrastructure.repositories.library_repository - INFO - Publishing event document.added to event bus
2026-02-06 09:32:57 - infrastructure.repositories.library_repository - INFO - Event document.added queued successfully
2026-02-06 09:32:57 - app.services.library_service - INFO - Added document 9ec59168-17d1-4c66-b871-e2150d343449 with 1000 chunks to corpus 806c13c2-01af-4ef3-9094-6bab514d631e
INFO:     127.0.0.1:41536 - "POST /v1/libraries/806c13c2-01af-4ef3-9094-6bab514d631e/documents/with-embeddings HTTP/1.1" 201 Created
2026-02-06 09:33:00 - app.services.library_service - INFO - Adding document 'batch_348' with 1000 pre-computed chunks to corpus 806c13c2-01af-4ef3-9094-6bab514d631e
2026-02-06 09:39:55 - infrastructure.repositories.library_repository - INFO - Publishing event document.added to event bus
2026-02-06 09:39:55 - infrastructure.repositories.library_repository - INFO - Event document.added queued successfully
2026-02-06 09:39:55 - app.services.library_service - INFO - Added document 6de17b22-7157-4cd2-ace7-d13bd9c68592 with 1000 chunks to corpus 806c13c2-01af-4ef3-9094-6bab514d631e
INFO:     127.0.0.1:41536 - "POST /v1/libraries/806c13c2-01af-4ef3-9094-6bab514d631e/documents/with-embeddings HTTP/1.1" 201 Created
2026-02-06 09:39:58 - app.services.library_service - INFO - Adding document 'batch_349' with 1000 pre-computed chunks to corpus 806c13c2-01af-4ef3-9094-6bab514d631e
2026-02-06 09:46:51 - infrastructure.repositories.library_repository - INFO - Publishing event document.added to event bus
2026-02-06 09:46:51 - infrastructure.repositories.library_repository - INFO - Event document.added queued successfully
2026-02-06 09:46:51 - app.services.library_service - INFO - Added document e3e7586b-7d69-46ca-a4ec-c5c66b41dd17 with 1000 chunks to corpus 806c13c2-01af-4ef3-9094-6bab514d631e
INFO:     127.0.0.1:41536 - "POST /v1/libraries/806c13c2-01af-4ef3-9094-6bab514d631e/documents/with-embeddings HTTP/1.1" 201 Created
2026-02-06 09:46:53 - app.services.library_service - INFO - Adding document 'batch_350' with 1000 pre-computed chunks to corpus 806c13c2-01af-4ef3-9094-6bab514d631e
2026-02-06 09:53:50 - infrastructure.repositories.library_repository - INFO - Publishing event document.added to event bus
2026-02-06 09:53:50 - infrastructure.repositories.library_repository - INFO - Event document.added queued successfully
2026-02-06 09:53:50 - app.services.library_service - INFO - Added document 2e8439da-6e1e-46f4-956d-293d0e8ec00d with 1000 chunks to corpus 806c13c2-01af-4ef3-9094-6bab514d631e
INFO:     127.0.0.1:41536 - "POST /v1/libraries/806c13c2-01af-4ef3-9094-6bab514d631e/documents/with-embeddings HTTP/1.1" 201 Created
2026-02-06 09:53:52 - app.services.library_service - INFO - Adding document 'batch_351' with 1000 pre-computed chunks to corpus 806c13c2-01af-4ef3-9094-6bab514d631e
2026-02-06 10:00:49 - infrastructure.repositories.library_repository - INFO - Publishing event document.added to event bus
2026-02-06 10:00:49 - infrastructure.repositories.library_repository - INFO - Event document.added queued successfully
2026-02-06 10:00:49 - app.services.library_service - INFO - Added document c61c6b9d-0e54-463f-b7ed-611aad3c9d53 with 1000 chunks to corpus 806c13c2-01af-4ef3-9094-6bab514d631e
INFO:     127.0.0.1:41536 - "POST /v1/libraries/806c13c2-01af-4ef3-9094-6bab514d631e/documents/with-embeddings HTTP/1.1" 201 Created
2026-02-06 10:00:51 - app.services.library_service - INFO - Adding document 'batch_352' with 1000 pre-computed chunks to corpus 806c13c2-01af-4ef3-9094-6bab514d631e
2026-02-06 10:07:45 - infrastructure.repositories.library_repository - INFO - Publishing event document.added to event bus
2026-02-06 10:07:45 - infrastructure.repositories.library_repository - INFO - Event document.added queued successfully
2026-02-06 10:07:45 - app.services.library_service - INFO - Added document 6c81b9a6-cdb2-4451-b83c-796fa95c4536 with 1000 chunks to corpus 806c13c2-01af-4ef3-9094-6bab514d631e
INFO:     127.0.0.1:41536 - "POST /v1/libraries/806c13c2-01af-4ef3-9094-6bab514d631e/documents/with-embeddings HTTP/1.1" 201 Created
2026-02-06 10:07:48 - app.services.library_service - INFO - Adding document 'batch_353' with 1000 pre-computed chunks to corpus 806c13c2-01af-4ef3-9094-6bab514d631e
2026-02-06 10:14:42 - infrastructure.repositories.library_repository - INFO - Publishing event document.added to event bus
2026-02-06 10:14:42 - infrastructure.repositories.library_repository - INFO - Event document.added queued successfully
2026-02-06 10:14:42 - app.services.library_service - INFO - Added document 3ac18ff4-8547-4ee5-9442-a3c72ea8d199 with 1000 chunks to corpus 806c13c2-01af-4ef3-9094-6bab514d631e
INFO:     127.0.0.1:41536 - "POST /v1/libraries/806c13c2-01af-4ef3-9094-6bab514d631e/documents/with-embeddings HTTP/1.1" 201 Created
2026-02-06 10:14:44 - app.services.library_service - INFO - Adding document 'batch_354' with 1000 pre-computed chunks to corpus 806c13c2-01af-4ef3-9094-6bab514d631e
2026-02-06 10:21:41 - infrastructure.repositories.library_repository - INFO - Publishing event document.added to event bus
2026-02-06 10:21:41 - infrastructure.repositories.library_repository - INFO - Event document.added queued successfully
2026-02-06 10:21:41 - app.services.library_service - INFO - Added document 485c76da-a6af-46ac-893a-23d140e6a850 with 1000 chunks to corpus 806c13c2-01af-4ef3-9094-6bab514d631e
INFO:     127.0.0.1:41536 - "POST /v1/libraries/806c13c2-01af-4ef3-9094-6bab514d631e/documents/with-embeddings HTTP/1.1" 201 Created
2026-02-06 10:21:43 - app.services.library_service - INFO - Adding document 'batch_355' with 1000 pre-computed chunks to corpus 806c13c2-01af-4ef3-9094-6bab514d631e
2026-02-06 10:28:38 - infrastructure.repositories.library_repository - INFO - Publishing event document.added to event bus
2026-02-06 10:28:38 - infrastructure.repositories.library_repository - INFO - Event document.added queued successfully
2026-02-06 10:28:38 - app.services.library_service - INFO - Added document 424e2fa5-e783-46f1-88f6-51bf5c7a1e49 with 1000 chunks to corpus 806c13c2-01af-4ef3-9094-6bab514d631e
INFO:     127.0.0.1:41536 - "POST /v1/libraries/806c13c2-01af-4ef3-9094-6bab514d631e/documents/with-embeddings HTTP/1.1" 201 Created
2026-02-06 10:28:41 - app.services.library_service - INFO - Adding document 'batch_356' with 1000 pre-computed chunks to corpus 806c13c2-01af-4ef3-9094-6bab514d631e
2026-02-06 10:35:38 - infrastructure.repositories.library_repository - INFO - Publishing event document.added to event bus
2026-02-06 10:35:38 - infrastructure.repositories.library_repository - INFO - Event document.added queued successfully
2026-02-06 10:35:38 - app.services.library_service - INFO - Added document af04a263-c32c-4c12-825a-d0e62118bd9b with 1000 chunks to corpus 806c13c2-01af-4ef3-9094-6bab514d631e
INFO:     127.0.0.1:41536 - "POST /v1/libraries/806c13c2-01af-4ef3-9094-6bab514d631e/documents/with-embeddings HTTP/1.1" 201 Created
2026-02-06 10:35:40 - app.services.library_service - INFO - Adding document 'batch_357' with 1000 pre-computed chunks to corpus 806c13c2-01af-4ef3-9094-6bab514d631e
2026-02-06 10:42:37 - infrastructure.repositories.library_repository - INFO - Publishing event document.added to event bus
2026-02-06 10:42:37 - infrastructure.repositories.library_repository - INFO - Event document.added queued successfully
2026-02-06 10:42:37 - app.services.library_service - INFO - Added document da725d0e-c86d-4093-90b6-20e5f47bf93b with 1000 chunks to corpus 806c13c2-01af-4ef3-9094-6bab514d631e
INFO:     127.0.0.1:41536 - "POST /v1/libraries/806c13c2-01af-4ef3-9094-6bab514d631e/documents/with-embeddings HTTP/1.1" 201 Created
2026-02-06 10:42:39 - app.services.library_service - INFO - Adding document 'batch_358' with 1000 pre-computed chunks to corpus 806c13c2-01af-4ef3-9094-6bab514d631e
2026-02-06 10:49:35 - infrastructure.repositories.library_repository - INFO - Publishing event document.added to event bus
2026-02-06 10:49:35 - infrastructure.repositories.library_repository - INFO - Event document.added queued successfully
2026-02-06 10:49:35 - app.services.library_service - INFO - Added document 194c48f2-a77f-4e1c-94e1-09a30697c371 with 1000 chunks to corpus 806c13c2-01af-4ef3-9094-6bab514d631e
INFO:     127.0.0.1:41536 - "POST /v1/libraries/806c13c2-01af-4ef3-9094-6bab514d631e/documents/with-embeddings HTTP/1.1" 201 Created
2026-02-06 10:49:37 - app.services.library_service - INFO - Adding document 'batch_359' with 1000 pre-computed chunks to corpus 806c13c2-01af-4ef3-9094-6bab514d631e
2026-02-06 10:56:32 - infrastructure.repositories.library_repository - INFO - Publishing event document.added to event bus
2026-02-06 10:56:32 - infrastructure.repositories.library_repository - INFO - Event document.added queued successfully
2026-02-06 10:56:32 - app.services.library_service - INFO - Added document c4cd0295-14b1-421c-985e-9a198045a4af with 1000 chunks to corpus 806c13c2-01af-4ef3-9094-6bab514d631e
INFO:     127.0.0.1:41536 - "POST /v1/libraries/806c13c2-01af-4ef3-9094-6bab514d631e/documents/with-embeddings HTTP/1.1" 201 Created
2026-02-06 10:56:34 - app.services.library_service - INFO - Adding document 'batch_360' with 1000 pre-computed chunks to corpus 806c13c2-01af-4ef3-9094-6bab514d631e
2026-02-06 11:03:31 - infrastructure.repositories.library_repository - INFO - Publishing event document.added to event bus
2026-02-06 11:03:31 - infrastructure.repositories.library_repository - INFO - Event document.added queued successfully
2026-02-06 11:03:31 - app.services.library_service - INFO - Added document e0dde1e5-2fec-44f4-b3a7-ac992cb9139d with 1000 chunks to corpus 806c13c2-01af-4ef3-9094-6bab514d631e
INFO:     127.0.0.1:41536 - "POST /v1/libraries/806c13c2-01af-4ef3-9094-6bab514d631e/documents/with-embeddings HTTP/1.1" 201 Created
2026-02-06 11:03:33 - app.services.library_service - INFO - Adding document 'batch_361' with 1000 pre-computed chunks to corpus 806c13c2-01af-4ef3-9094-6bab514d631e
2026-02-06 11:10:29 - infrastructure.repositories.library_repository - INFO - Publishing event document.added to event bus
2026-02-06 11:10:29 - infrastructure.repositories.library_repository - INFO - Event document.added queued successfully
2026-02-06 11:10:29 - app.services.library_service - INFO - Added document 378a70de-4fec-4cf8-9c53-dbf03fbed597 with 1000 chunks to corpus 806c13c2-01af-4ef3-9094-6bab514d631e
INFO:     127.0.0.1:41536 - "POST /v1/libraries/806c13c2-01af-4ef3-9094-6bab514d631e/documents/with-embeddings HTTP/1.1" 201 Created
2026-02-06 11:10:31 - app.services.library_service - INFO - Adding document 'batch_362' with 1000 pre-computed chunks to corpus 806c13c2-01af-4ef3-9094-6bab514d631e
2026-02-06 11:17:26 - infrastructure.repositories.library_repository - INFO - Publishing event document.added to event bus
2026-02-06 11:17:26 - infrastructure.repositories.library_repository - INFO - Event document.added queued successfully
2026-02-06 11:17:26 - app.services.library_service - INFO - Added document 1d554697-51da-4f88-81c7-97b849a1d592 with 1000 chunks to corpus 806c13c2-01af-4ef3-9094-6bab514d631e
INFO:     127.0.0.1:41536 - "POST /v1/libraries/806c13c2-01af-4ef3-9094-6bab514d631e/documents/with-embeddings HTTP/1.1" 201 Created
2026-02-06 11:17:28 - app.services.library_service - INFO - Adding document 'batch_363' with 1000 pre-computed chunks to corpus 806c13c2-01af-4ef3-9094-6bab514d631e
2026-02-06 11:24:23 - infrastructure.repositories.library_repository - INFO - Publishing event document.added to event bus
2026-02-06 11:24:23 - infrastructure.repositories.library_repository - INFO - Event document.added queued successfully
2026-02-06 11:24:23 - app.services.library_service - INFO - Added document dbcabe8a-d8ec-491a-91e8-cd9d63c9837c with 1000 chunks to corpus 806c13c2-01af-4ef3-9094-6bab514d631e
INFO:     127.0.0.1:41536 - "POST /v1/libraries/806c13c2-01af-4ef3-9094-6bab514d631e/documents/with-embeddings HTTP/1.1" 201 Created
2026-02-06 11:24:26 - app.services.library_service - INFO - Adding document 'batch_364' with 1000 pre-computed chunks to corpus 806c13c2-01af-4ef3-9094-6bab514d631e
2026-02-06 11:31:21 - infrastructure.repositories.library_repository - INFO - Publishing event document.added to event bus
2026-02-06 11:31:21 - infrastructure.repositories.library_repository - INFO - Event document.added queued successfully
2026-02-06 11:31:21 - app.services.library_service - INFO - Added document df296eee-39d9-489e-8f14-a9e68be7e38d with 1000 chunks to corpus 806c13c2-01af-4ef3-9094-6bab514d631e
INFO:     127.0.0.1:41536 - "POST /v1/libraries/806c13c2-01af-4ef3-9094-6bab514d631e/documents/with-embeddings HTTP/1.1" 201 Created
2026-02-06 11:31:23 - app.services.library_service - INFO - Adding document 'batch_365' with 1000 pre-computed chunks to corpus 806c13c2-01af-4ef3-9094-6bab514d631e
2026-02-06 11:38:20 - infrastructure.repositories.library_repository - INFO - Publishing event document.added to event bus
2026-02-06 11:38:20 - infrastructure.repositories.library_repository - INFO - Event document.added queued successfully
2026-02-06 11:38:20 - app.services.library_service - INFO - Added document 771d4667-bbc3-485b-9cd5-2bd7a983baef with 1000 chunks to corpus 806c13c2-01af-4ef3-9094-6bab514d631e
INFO:     127.0.0.1:41536 - "POST /v1/libraries/806c13c2-01af-4ef3-9094-6bab514d631e/documents/with-embeddings HTTP/1.1" 201 Created
2026-02-06 11:38:23 - app.services.library_service - INFO - Adding document 'batch_366' with 1000 pre-computed chunks to corpus 806c13c2-01af-4ef3-9094-6bab514d631e
2026-02-06 11:45:20 - infrastructure.repositories.library_repository - INFO - Publishing event document.added to event bus
2026-02-06 11:45:20 - infrastructure.repositories.library_repository - INFO - Event document.added queued successfully
2026-02-06 11:45:20 - app.services.library_service - INFO - Added document 5c3e2742-4da5-4628-ac16-0f9e77b1310c with 1000 chunks to corpus 806c13c2-01af-4ef3-9094-6bab514d631e
INFO:     127.0.0.1:41536 - "POST /v1/libraries/806c13c2-01af-4ef3-9094-6bab514d631e/documents/with-embeddings HTTP/1.1" 201 Created
2026-02-06 11:45:22 - app.services.library_service - INFO - Adding document 'batch_367' with 1000 pre-computed chunks to corpus 806c13c2-01af-4ef3-9094-6bab514d631e
2026-02-06 11:52:17 - infrastructure.repositories.library_repository - INFO - Publishing event document.added to event bus
2026-02-06 11:52:17 - infrastructure.repositories.library_repository - INFO - Event document.added queued successfully
2026-02-06 11:52:17 - app.services.library_service - INFO - Added document 1f22914d-4add-4102-9a93-dfd207abc95d with 1000 chunks to corpus 806c13c2-01af-4ef3-9094-6bab514d631e
INFO:     127.0.0.1:41536 - "POST /v1/libraries/806c13c2-01af-4ef3-9094-6bab514d631e/documents/with-embeddings HTTP/1.1" 201 Created
2026-02-06 11:52:19 - app.services.library_service - INFO - Adding document 'batch_368' with 1000 pre-computed chunks to corpus 806c13c2-01af-4ef3-9094-6bab514d631e
2026-02-06 11:59:15 - infrastructure.repositories.library_repository - INFO - Publishing event document.added to event bus
2026-02-06 11:59:15 - infrastructure.repositories.library_repository - INFO - Event document.added queued successfully
2026-02-06 11:59:15 - app.services.library_service - INFO - Added document 6546e532-564f-40af-a82f-1f2d3d5598d9 with 1000 chunks to corpus 806c13c2-01af-4ef3-9094-6bab514d631e
INFO:     127.0.0.1:41536 - "POST /v1/libraries/806c13c2-01af-4ef3-9094-6bab514d631e/documents/with-embeddings HTTP/1.1" 201 Created
2026-02-06 11:59:17 - app.services.library_service - INFO - Adding document 'batch_369' with 1000 pre-computed chunks to corpus 806c13c2-01af-4ef3-9094-6bab514d631e
2026-02-06 12:06:14 - infrastructure.repositories.library_repository - INFO - Publishing event document.added to event bus
2026-02-06 12:06:14 - infrastructure.repositories.library_repository - INFO - Event document.added queued successfully
2026-02-06 12:06:14 - app.services.library_service - INFO - Added document fb789adc-ee2c-4c9d-8981-5bb827ec2744 with 1000 chunks to corpus 806c13c2-01af-4ef3-9094-6bab514d631e
INFO:     127.0.0.1:41536 - "POST /v1/libraries/806c13c2-01af-4ef3-9094-6bab514d631e/documents/with-embeddings HTTP/1.1" 201 Created
2026-02-06 12:06:16 - app.services.library_service - INFO - Adding document 'batch_370' with 1000 pre-computed chunks to corpus 806c13c2-01af-4ef3-9094-6bab514d631e
2026-02-06 12:13:13 - infrastructure.repositories.library_repository - INFO - Publishing event document.added to event bus
2026-02-06 12:13:13 - infrastructure.repositories.library_repository - INFO - Event document.added queued successfully
2026-02-06 12:13:13 - app.services.library_service - INFO - Added document 11c8f962-70b8-4835-b451-017fca2c0dfe with 1000 chunks to corpus 806c13c2-01af-4ef3-9094-6bab514d631e
INFO:     127.0.0.1:41536 - "POST /v1/libraries/806c13c2-01af-4ef3-9094-6bab514d631e/documents/with-embeddings HTTP/1.1" 201 Created
2026-02-06 12:13:16 - app.services.library_service - INFO - Adding document 'batch_371' with 1000 pre-computed chunks to corpus 806c13c2-01af-4ef3-9094-6bab514d631e
2026-02-06 12:20:14 - infrastructure.repositories.library_repository - INFO - Publishing event document.added to event bus
2026-02-06 12:20:14 - infrastructure.repositories.library_repository - INFO - Event document.added queued successfully
2026-02-06 12:20:14 - app.services.library_service - INFO - Added document 251c30dd-f29f-4c61-b0c3-0787947cd4db with 1000 chunks to corpus 806c13c2-01af-4ef3-9094-6bab514d631e
INFO:     127.0.0.1:41536 - "POST /v1/libraries/806c13c2-01af-4ef3-9094-6bab514d631e/documents/with-embeddings HTTP/1.1" 201 Created
2026-02-06 12:20:16 - app.services.library_service - INFO - Adding document 'batch_372' with 1000 pre-computed chunks to corpus 806c13c2-01af-4ef3-9094-6bab514d631e
2026-02-06 12:27:12 - infrastructure.repositories.library_repository - INFO - Publishing event document.added to event bus
2026-02-06 12:27:12 - infrastructure.repositories.library_repository - INFO - Event document.added queued successfully
2026-02-06 12:27:12 - app.services.library_service - INFO - Added document 527cd0e1-2533-428f-8d57-187bc8af6a15 with 1000 chunks to corpus 806c13c2-01af-4ef3-9094-6bab514d631e
INFO:     127.0.0.1:41536 - "POST /v1/libraries/806c13c2-01af-4ef3-9094-6bab514d631e/documents/with-embeddings HTTP/1.1" 201 Created
2026-02-06 12:27:14 - app.services.library_service - INFO - Adding document 'batch_373' with 1000 pre-computed chunks to corpus 806c13c2-01af-4ef3-9094-6bab514d631e
2026-02-06 12:34:13 - infrastructure.repositories.library_repository - INFO - Publishing event document.added to event bus
2026-02-06 12:34:13 - infrastructure.repositories.library_repository - INFO - Event document.added queued successfully
2026-02-06 12:34:13 - app.services.library_service - INFO - Added document d7350e2a-5c87-4f4d-b051-4e8a9beec593 with 1000 chunks to corpus 806c13c2-01af-4ef3-9094-6bab514d631e
INFO:     127.0.0.1:41536 - "POST /v1/libraries/806c13c2-01af-4ef3-9094-6bab514d631e/documents/with-embeddings HTTP/1.1" 201 Created
2026-02-06 12:34:16 - app.services.library_service - INFO - Adding document 'batch_374' with 1000 pre-computed chunks to corpus 806c13c2-01af-4ef3-9094-6bab514d631e
2026-02-06 12:41:12 - infrastructure.repositories.library_repository - INFO - Publishing event document.added to event bus
2026-02-06 12:41:12 - infrastructure.repositories.library_repository - INFO - Event document.added queued successfully
2026-02-06 12:41:12 - app.services.library_service - INFO - Added document 53a1d3af-0040-4189-a688-06d217168201 with 1000 chunks to corpus 806c13c2-01af-4ef3-9094-6bab514d631e
INFO:     127.0.0.1:41536 - "POST /v1/libraries/806c13c2-01af-4ef3-9094-6bab514d631e/documents/with-embeddings HTTP/1.1" 201 Created
2026-02-06 12:41:15 - app.services.library_service - INFO - Adding document 'batch_375' with 1000 pre-computed chunks to corpus 806c13c2-01af-4ef3-9094-6bab514d631e
2026-02-06 12:48:11 - infrastructure.repositories.library_repository - INFO - Publishing event document.added to event bus
2026-02-06 12:48:11 - infrastructure.repositories.library_repository - INFO - Event document.added queued successfully
2026-02-06 12:48:11 - app.services.library_service - INFO - Added document d93226ca-b815-4605-9033-8880fe2df3ea with 1000 chunks to corpus 806c13c2-01af-4ef3-9094-6bab514d631e
INFO:     127.0.0.1:41536 - "POST /v1/libraries/806c13c2-01af-4ef3-9094-6bab514d631e/documents/with-embeddings HTTP/1.1" 201 Created
2026-02-06 12:48:13 - app.services.library_service - INFO - Adding document 'batch_376' with 1000 pre-computed chunks to corpus 806c13c2-01af-4ef3-9094-6bab514d631e
2026-02-06 12:55:09 - infrastructure.repositories.library_repository - INFO - Publishing event document.added to event bus
2026-02-06 12:55:09 - infrastructure.repositories.library_repository - INFO - Event document.added queued successfully
2026-02-06 12:55:09 - app.services.library_service - INFO - Added document f149f845-8ca1-40e8-939b-c7c2f65618e8 with 1000 chunks to corpus 806c13c2-01af-4ef3-9094-6bab514d631e
INFO:     127.0.0.1:41536 - "POST /v1/libraries/806c13c2-01af-4ef3-9094-6bab514d631e/documents/with-embeddings HTTP/1.1" 201 Created
2026-02-06 12:55:12 - app.services.library_service - INFO - Adding document 'batch_377' with 1000 pre-computed chunks to corpus 806c13c2-01af-4ef3-9094-6bab514d631e
2026-02-06 13:02:08 - infrastructure.repositories.library_repository - INFO - Publishing event document.added to event bus
2026-02-06 13:02:08 - infrastructure.repositories.library_repository - INFO - Event document.added queued successfully
2026-02-06 13:02:08 - app.services.library_service - INFO - Added document 5990fc8b-cf30-4f85-b83a-a2701fd55eaa with 1000 chunks to corpus 806c13c2-01af-4ef3-9094-6bab514d631e
INFO:     127.0.0.1:41536 - "POST /v1/libraries/806c13c2-01af-4ef3-9094-6bab514d631e/documents/with-embeddings HTTP/1.1" 201 Created
2026-02-06 13:02:10 - app.services.library_service - INFO - Adding document 'batch_378' with 1000 pre-computed chunks to corpus 806c13c2-01af-4ef3-9094-6bab514d631e
2026-02-06 13:09:06 - infrastructure.repositories.library_repository - INFO - Publishing event document.added to event bus
2026-02-06 13:09:06 - infrastructure.repositories.library_repository - INFO - Event document.added queued successfully
2026-02-06 13:09:06 - app.services.library_service - INFO - Added document 091bfc87-dd23-47db-a086-3e6ad6bdc967 with 1000 chunks to corpus 806c13c2-01af-4ef3-9094-6bab514d631e
INFO:     127.0.0.1:41536 - "POST /v1/libraries/806c13c2-01af-4ef3-9094-6bab514d631e/documents/with-embeddings HTTP/1.1" 201 Created
2026-02-06 13:09:08 - app.services.library_service - INFO - Adding document 'batch_379' with 1000 pre-computed chunks to corpus 806c13c2-01af-4ef3-9094-6bab514d631e
2026-02-06 13:16:07 - infrastructure.repositories.library_repository - INFO - Publishing event document.added to event bus
2026-02-06 13:16:07 - infrastructure.repositories.library_repository - INFO - Event document.added queued successfully
2026-02-06 13:16:07 - app.services.library_service - INFO - Added document 8ee2ca84-1a52-417e-9cbe-b50febcbbce0 with 1000 chunks to corpus 806c13c2-01af-4ef3-9094-6bab514d631e
INFO:     127.0.0.1:41536 - "POST /v1/libraries/806c13c2-01af-4ef3-9094-6bab514d631e/documents/with-embeddings HTTP/1.1" 201 Created
2026-02-06 13:16:09 - app.services.library_service - INFO - Adding document 'batch_380' with 1000 pre-computed chunks to corpus 806c13c2-01af-4ef3-9094-6bab514d631e
2026-02-06 13:23:06 - infrastructure.repositories.library_repository - INFO - Publishing event document.added to event bus
2026-02-06 13:23:06 - infrastructure.repositories.library_repository - INFO - Event document.added queued successfully
2026-02-06 13:23:06 - app.services.library_service - INFO - Added document 6c01471b-c398-481c-bfc4-b9becd4234d5 with 1000 chunks to corpus 806c13c2-01af-4ef3-9094-6bab514d631e
INFO:     127.0.0.1:41536 - "POST /v1/libraries/806c13c2-01af-4ef3-9094-6bab514d631e/documents/with-embeddings HTTP/1.1" 201 Created
2026-02-06 13:23:08 - app.services.library_service - INFO - Adding document 'batch_381' with 1000 pre-computed chunks to corpus 806c13c2-01af-4ef3-9094-6bab514d631e
2026-02-06 13:30:06 - infrastructure.repositories.library_repository - INFO - Publishing event document.added to event bus
2026-02-06 13:30:06 - infrastructure.repositories.library_repository - INFO - Event document.added queued successfully
2026-02-06 13:30:06 - app.services.library_service - INFO - Added document 00af0531-8a13-4671-bce2-4aca239e4006 with 1000 chunks to corpus 806c13c2-01af-4ef3-9094-6bab514d631e
INFO:     127.0.0.1:41536 - "POST /v1/libraries/806c13c2-01af-4ef3-9094-6bab514d631e/documents/with-embeddings HTTP/1.1" 201 Created
2026-02-06 13:30:08 - app.services.library_service - INFO - Adding document 'batch_382' with 1000 pre-computed chunks to corpus 806c13c2-01af-4ef3-9094-6bab514d631e
2026-02-06 13:37:04 - infrastructure.repositories.library_repository - INFO - Publishing event document.added to event bus
2026-02-06 13:37:04 - infrastructure.repositories.library_repository - INFO - Event document.added queued successfully
2026-02-06 13:37:04 - app.services.library_service - INFO - Added document 25381d97-f4af-439b-b177-68b5c7c11432 with 1000 chunks to corpus 806c13c2-01af-4ef3-9094-6bab514d631e
INFO:     127.0.0.1:41536 - "POST /v1/libraries/806c13c2-01af-4ef3-9094-6bab514d631e/documents/with-embeddings HTTP/1.1" 201 Created
2026-02-06 13:37:06 - app.services.library_service - INFO - Adding document 'batch_383' with 1000 pre-computed chunks to corpus 806c13c2-01af-4ef3-9094-6bab514d631e
2026-02-06 13:44:03 - infrastructure.repositories.library_repository - INFO - Publishing event document.added to event bus
2026-02-06 13:44:03 - infrastructure.repositories.library_repository - INFO - Event document.added queued successfully
2026-02-06 13:44:03 - app.services.library_service - INFO - Added document a27da7a8-dedf-4428-b65e-9761962c93d5 with 1000 chunks to corpus 806c13c2-01af-4ef3-9094-6bab514d631e
INFO:     127.0.0.1:41536 - "POST /v1/libraries/806c13c2-01af-4ef3-9094-6bab514d631e/documents/with-embeddings HTTP/1.1" 201 Created
2026-02-06 13:44:06 - app.services.library_service - INFO - Adding document 'batch_384' with 1000 pre-computed chunks to corpus 806c13c2-01af-4ef3-9094-6bab514d631e
2026-02-06 13:51:03 - infrastructure.repositories.library_repository - INFO - Publishing event document.added to event bus
2026-02-06 13:51:03 - infrastructure.repositories.library_repository - INFO - Event document.added queued successfully
2026-02-06 13:51:03 - app.services.library_service - INFO - Added document 30174cc5-c419-4142-b7f5-ee7a67bbd61b with 1000 chunks to corpus 806c13c2-01af-4ef3-9094-6bab514d631e
INFO:     127.0.0.1:41536 - "POST /v1/libraries/806c13c2-01af-4ef3-9094-6bab514d631e/documents/with-embeddings HTTP/1.1" 201 Created
2026-02-06 13:51:05 - app.services.library_service - INFO - Adding document 'batch_385' with 1000 pre-computed chunks to corpus 806c13c2-01af-4ef3-9094-6bab514d631e
2026-02-06 13:57:59 - infrastructure.repositories.library_repository - INFO - Publishing event document.added to event bus
2026-02-06 13:57:59 - infrastructure.repositories.library_repository - INFO - Event document.added queued successfully
2026-02-06 13:57:59 - app.services.library_service - INFO - Added document 8de4eebe-4f0f-44c6-9b95-f223af0473dd with 1000 chunks to corpus 806c13c2-01af-4ef3-9094-6bab514d631e
INFO:     127.0.0.1:41536 - "POST /v1/libraries/806c13c2-01af-4ef3-9094-6bab514d631e/documents/with-embeddings HTTP/1.1" 201 Created
2026-02-06 13:58:01 - app.services.library_service - INFO - Adding document 'batch_386' with 1000 pre-computed chunks to corpus 806c13c2-01af-4ef3-9094-6bab514d631e
2026-02-06 14:04:56 - infrastructure.repositories.library_repository - INFO - Publishing event document.added to event bus
2026-02-06 14:04:56 - infrastructure.repositories.library_repository - INFO - Event document.added queued successfully
2026-02-06 14:04:56 - app.services.library_service - INFO - Added document 12a02191-987f-4016-ad30-a6e7897ef1cd with 1000 chunks to corpus 806c13c2-01af-4ef3-9094-6bab514d631e
INFO:     127.0.0.1:41536 - "POST /v1/libraries/806c13c2-01af-4ef3-9094-6bab514d631e/documents/with-embeddings HTTP/1.1" 201 Created
2026-02-06 14:04:58 - app.services.library_service - INFO - Adding document 'batch_387' with 1000 pre-computed chunks to corpus 806c13c2-01af-4ef3-9094-6bab514d631e
2026-02-06 14:11:55 - infrastructure.repositories.library_repository - INFO - Publishing event document.added to event bus
2026-02-06 14:11:55 - infrastructure.repositories.library_repository - INFO - Event document.added queued successfully
2026-02-06 14:11:55 - app.services.library_service - INFO - Added document 142bf41c-f274-476a-a571-d680a9f6402f with 1000 chunks to corpus 806c13c2-01af-4ef3-9094-6bab514d631e
INFO:     127.0.0.1:41536 - "POST /v1/libraries/806c13c2-01af-4ef3-9094-6bab514d631e/documents/with-embeddings HTTP/1.1" 201 Created
2026-02-06 14:11:58 - app.services.library_service - INFO - Adding document 'batch_388' with 1000 pre-computed chunks to corpus 806c13c2-01af-4ef3-9094-6bab514d631e
2026-02-06 14:18:55 - infrastructure.repositories.library_repository - INFO - Publishing event document.added to event bus
2026-02-06 14:18:55 - infrastructure.repositories.library_repository - INFO - Event document.added queued successfully
2026-02-06 14:18:55 - app.services.library_service - INFO - Added document 5a96bd5e-869c-4bde-a1b2-b3be6939c4e2 with 1000 chunks to corpus 806c13c2-01af-4ef3-9094-6bab514d631e
INFO:     127.0.0.1:41536 - "POST /v1/libraries/806c13c2-01af-4ef3-9094-6bab514d631e/documents/with-embeddings HTTP/1.1" 201 Created
2026-02-06 14:18:57 - app.services.library_service - INFO - Adding document 'batch_389' with 1000 pre-computed chunks to corpus 806c13c2-01af-4ef3-9094-6bab514d631e
2026-02-06 14:25:53 - infrastructure.repositories.library_repository - INFO - Publishing event document.added to event bus
2026-02-06 14:25:53 - infrastructure.repositories.library_repository - INFO - Event document.added queued successfully
2026-02-06 14:25:53 - app.services.library_service - INFO - Added document 69361183-1d7d-42d8-952c-e0269c8f5ebf with 1000 chunks to corpus 806c13c2-01af-4ef3-9094-6bab514d631e
INFO:     127.0.0.1:41536 - "POST /v1/libraries/806c13c2-01af-4ef3-9094-6bab514d631e/documents/with-embeddings HTTP/1.1" 201 Created
2026-02-06 14:25:55 - app.services.library_service - INFO - Adding document 'batch_390' with 1000 pre-computed chunks to corpus 806c13c2-01af-4ef3-9094-6bab514d631e
2026-02-06 14:32:53 - infrastructure.repositories.library_repository - INFO - Publishing event document.added to event bus
2026-02-06 14:32:53 - infrastructure.repositories.library_repository - INFO - Event document.added queued successfully
2026-02-06 14:32:53 - app.services.library_service - INFO - Added document 68b10aa7-bd34-42a9-b7b0-abab405f746d with 1000 chunks to corpus 806c13c2-01af-4ef3-9094-6bab514d631e
INFO:     127.0.0.1:41536 - "POST /v1/libraries/806c13c2-01af-4ef3-9094-6bab514d631e/documents/with-embeddings HTTP/1.1" 201 Created
2026-02-06 14:32:55 - app.services.library_service - INFO - Adding document 'batch_391' with 1000 pre-computed chunks to corpus 806c13c2-01af-4ef3-9094-6bab514d631e
2026-02-06 14:39:53 - infrastructure.repositories.library_repository - INFO - Publishing event document.added to event bus
2026-02-06 14:39:53 - infrastructure.repositories.library_repository - INFO - Event document.added queued successfully
2026-02-06 14:39:53 - app.services.library_service - INFO - Added document 36802a67-3dc2-4717-80be-bb0f50721a72 with 1000 chunks to corpus 806c13c2-01af-4ef3-9094-6bab514d631e
INFO:     127.0.0.1:41536 - "POST /v1/libraries/806c13c2-01af-4ef3-9094-6bab514d631e/documents/with-embeddings HTTP/1.1" 201 Created
2026-02-06 14:39:56 - app.services.library_service - INFO - Adding document 'batch_392' with 1000 pre-computed chunks to corpus 806c13c2-01af-4ef3-9094-6bab514d631e
2026-02-06 14:46:53 - infrastructure.repositories.library_repository - INFO - Publishing event document.added to event bus
2026-02-06 14:46:53 - infrastructure.repositories.library_repository - INFO - Event document.added queued successfully
2026-02-06 14:46:53 - app.services.library_service - INFO - Added document a87932f5-ee9f-47a2-a4b8-5a9a0688d74b with 1000 chunks to corpus 806c13c2-01af-4ef3-9094-6bab514d631e
INFO:     127.0.0.1:41536 - "POST /v1/libraries/806c13c2-01af-4ef3-9094-6bab514d631e/documents/with-embeddings HTTP/1.1" 201 Created
2026-02-06 14:46:55 - app.services.library_service - INFO - Adding document 'batch_393' with 1000 pre-computed chunks to corpus 806c13c2-01af-4ef3-9094-6bab514d631e
2026-02-06 14:53:53 - infrastructure.repositories.library_repository - INFO - Publishing event document.added to event bus
2026-02-06 14:53:53 - infrastructure.repositories.library_repository - INFO - Event document.added queued successfully
2026-02-06 14:53:53 - app.services.library_service - INFO - Added document 16c80893-466f-4e21-b136-84772d788c1a with 1000 chunks to corpus 806c13c2-01af-4ef3-9094-6bab514d631e
INFO:     127.0.0.1:41536 - "POST /v1/libraries/806c13c2-01af-4ef3-9094-6bab514d631e/documents/with-embeddings HTTP/1.1" 201 Created
2026-02-06 14:53:55 - app.services.library_service - INFO - Adding document 'batch_394' with 1000 pre-computed chunks to corpus 806c13c2-01af-4ef3-9094-6bab514d631e
2026-02-06 15:00:52 - infrastructure.repositories.library_repository - INFO - Publishing event document.added to event bus
2026-02-06 15:00:52 - infrastructure.repositories.library_repository - INFO - Event document.added queued successfully
2026-02-06 15:00:52 - app.services.library_service - INFO - Added document ebb2bf46-1403-4412-b9eb-f0b209c8def4 with 1000 chunks to corpus 806c13c2-01af-4ef3-9094-6bab514d631e
INFO:     127.0.0.1:41536 - "POST /v1/libraries/806c13c2-01af-4ef3-9094-6bab514d631e/documents/with-embeddings HTTP/1.1" 201 Created
2026-02-06 15:00:54 - app.services.library_service - INFO - Adding document 'batch_395' with 1000 pre-computed chunks to corpus 806c13c2-01af-4ef3-9094-6bab514d631e
2026-02-06 15:07:52 - infrastructure.repositories.library_repository - INFO - Publishing event document.added to event bus
2026-02-06 15:07:52 - infrastructure.repositories.library_repository - INFO - Event document.added queued successfully
2026-02-06 15:07:52 - app.services.library_service - INFO - Added document 21e00451-caae-495e-bc12-aea9b2b0bd12 with 1000 chunks to corpus 806c13c2-01af-4ef3-9094-6bab514d631e
INFO:     127.0.0.1:41536 - "POST /v1/libraries/806c13c2-01af-4ef3-9094-6bab514d631e/documents/with-embeddings HTTP/1.1" 201 Created
2026-02-06 15:07:54 - app.services.library_service - INFO - Adding document 'batch_396' with 1000 pre-computed chunks to corpus 806c13c2-01af-4ef3-9094-6bab514d631e
2026-02-06 15:14:52 - infrastructure.repositories.library_repository - INFO - Publishing event document.added to event bus
2026-02-06 15:14:52 - infrastructure.repositories.library_repository - INFO - Event document.added queued successfully
2026-02-06 15:14:52 - app.services.library_service - INFO - Added document 8257c467-b43c-44cf-9fc5-39836f9d19a0 with 1000 chunks to corpus 806c13c2-01af-4ef3-9094-6bab514d631e
INFO:     127.0.0.1:41536 - "POST /v1/libraries/806c13c2-01af-4ef3-9094-6bab514d631e/documents/with-embeddings HTTP/1.1" 201 Created
2026-02-06 15:14:54 - app.services.library_service - INFO - Adding document 'batch_397' with 1000 pre-computed chunks to corpus 806c13c2-01af-4ef3-9094-6bab514d631e
2026-02-06 15:21:50 - infrastructure.repositories.library_repository - INFO - Publishing event document.added to event bus
2026-02-06 15:21:50 - infrastructure.repositories.library_repository - INFO - Event document.added queued successfully
2026-02-06 15:21:50 - app.services.library_service - INFO - Added document 8e3c3211-752b-48fe-8946-8271a8f1eff6 with 1000 chunks to corpus 806c13c2-01af-4ef3-9094-6bab514d631e
INFO:     127.0.0.1:41536 - "POST /v1/libraries/806c13c2-01af-4ef3-9094-6bab514d631e/documents/with-embeddings HTTP/1.1" 201 Created
2026-02-06 15:21:53 - app.services.library_service - INFO - Adding document 'batch_398' with 1000 pre-computed chunks to corpus 806c13c2-01af-4ef3-9094-6bab514d631e
2026-02-06 15:28:50 - infrastructure.repositories.library_repository - INFO - Publishing event document.added to event bus
2026-02-06 15:28:50 - infrastructure.repositories.library_repository - INFO - Event document.added queued successfully
2026-02-06 15:28:50 - app.services.library_service - INFO - Added document 26aafaa5-3613-4821-9a3b-74022df9d7dd with 1000 chunks to corpus 806c13c2-01af-4ef3-9094-6bab514d631e
INFO:     127.0.0.1:41536 - "POST /v1/libraries/806c13c2-01af-4ef3-9094-6bab514d631e/documents/with-embeddings HTTP/1.1" 201 Created
2026-02-06 15:28:52 - app.services.library_service - INFO - Adding document 'batch_399' with 1000 pre-computed chunks to corpus 806c13c2-01af-4ef3-9094-6bab514d631e
2026-02-06 15:35:50 - infrastructure.repositories.library_repository - INFO - Publishing event document.added to event bus
2026-02-06 15:35:50 - infrastructure.repositories.library_repository - INFO - Event document.added queued successfully
2026-02-06 15:35:50 - app.services.library_service - INFO - Added document 99c848f8-5790-49fd-b623-e8cf48f2f79d with 1000 chunks to corpus 806c13c2-01af-4ef3-9094-6bab514d631e
INFO:     127.0.0.1:41536 - "POST /v1/libraries/806c13c2-01af-4ef3-9094-6bab514d631e/documents/with-embeddings HTTP/1.1" 201 Created
2026-02-06 15:35:52 - app.services.library_service - INFO - Adding document 'batch_400' with 1000 pre-computed chunks to corpus 806c13c2-01af-4ef3-9094-6bab514d631e
2026-02-06 15:42:51 - infrastructure.repositories.library_repository - INFO - Publishing event document.added to event bus
2026-02-06 15:42:51 - infrastructure.repositories.library_repository - INFO - Event document.added queued successfully
2026-02-06 15:42:51 - app.services.library_service - INFO - Added document 94adb697-b39d-40ba-adcd-d540bd0a9924 with 1000 chunks to corpus 806c13c2-01af-4ef3-9094-6bab514d631e
INFO:     127.0.0.1:41536 - "POST /v1/libraries/806c13c2-01af-4ef3-9094-6bab514d631e/documents/with-embeddings HTTP/1.1" 201 Created
2026-02-06 15:42:53 - app.services.library_service - INFO - Adding document 'batch_401' with 1000 pre-computed chunks to corpus 806c13c2-01af-4ef3-9094-6bab514d631e
2026-02-06 15:49:51 - infrastructure.repositories.library_repository - INFO - Publishing event document.added to event bus
2026-02-06 15:49:51 - infrastructure.repositories.library_repository - INFO - Event document.added queued successfully
2026-02-06 15:49:51 - app.services.library_service - INFO - Added document 47c4eb1d-df68-422d-90f4-9eed7709228c with 1000 chunks to corpus 806c13c2-01af-4ef3-9094-6bab514d631e
INFO:     127.0.0.1:41536 - "POST /v1/libraries/806c13c2-01af-4ef3-9094-6bab514d631e/documents/with-embeddings HTTP/1.1" 201 Created
2026-02-06 15:49:53 - app.services.library_service - INFO - Adding document 'batch_402' with 1000 pre-computed chunks to corpus 806c13c2-01af-4ef3-9094-6bab514d631e
2026-02-06 15:56:50 - infrastructure.repositories.library_repository - INFO - Publishing event document.added to event bus
2026-02-06 15:56:50 - infrastructure.repositories.library_repository - INFO - Event document.added queued successfully
2026-02-06 15:56:50 - app.services.library_service - INFO - Added document 436bac3b-dc1e-415d-af6d-bdc0ad149486 with 1000 chunks to corpus 806c13c2-01af-4ef3-9094-6bab514d631e
INFO:     127.0.0.1:41536 - "POST /v1/libraries/806c13c2-01af-4ef3-9094-6bab514d631e/documents/with-embeddings HTTP/1.1" 201 Created
2026-02-06 15:56:52 - app.services.library_service - INFO - Adding document 'batch_403' with 1000 pre-computed chunks to corpus 806c13c2-01af-4ef3-9094-6bab514d631e
2026-02-06 16:03:49 - infrastructure.repositories.library_repository - INFO - Publishing event document.added to event bus
2026-02-06 16:03:49 - infrastructure.repositories.library_repository - INFO - Event document.added queued successfully
2026-02-06 16:03:49 - app.services.library_service - INFO - Added document ae93ce95-3e15-4171-89c0-4e61075e03bb with 1000 chunks to corpus 806c13c2-01af-4ef3-9094-6bab514d631e
INFO:     127.0.0.1:41536 - "POST /v1/libraries/806c13c2-01af-4ef3-9094-6bab514d631e/documents/with-embeddings HTTP/1.1" 201 Created
2026-02-06 16:03:51 - app.services.library_service - INFO - Adding document 'batch_404' with 1000 pre-computed chunks to corpus 806c13c2-01af-4ef3-9094-6bab514d631e
2026-02-06 16:10:49 - infrastructure.repositories.library_repository - INFO - Publishing event document.added to event bus
2026-02-06 16:10:49 - infrastructure.repositories.library_repository - INFO - Event document.added queued successfully
2026-02-06 16:10:49 - app.services.library_service - INFO - Added document 94e64f88-648e-4552-81ed-19092c2b05c6 with 1000 chunks to corpus 806c13c2-01af-4ef3-9094-6bab514d631e
INFO:     127.0.0.1:41536 - "POST /v1/libraries/806c13c2-01af-4ef3-9094-6bab514d631e/documents/with-embeddings HTTP/1.1" 201 Created
2026-02-06 16:10:52 - app.services.library_service - INFO - Adding document 'batch_405' with 1000 pre-computed chunks to corpus 806c13c2-01af-4ef3-9094-6bab514d631e
2026-02-06 16:17:50 - infrastructure.repositories.library_repository - INFO - Publishing event document.added to event bus
2026-02-06 16:17:50 - infrastructure.repositories.library_repository - INFO - Event document.added queued successfully
2026-02-06 16:17:50 - app.services.library_service - INFO - Added document 10b2ac85-f114-4f0c-8e82-b685177696f0 with 1000 chunks to corpus 806c13c2-01af-4ef3-9094-6bab514d631e
INFO:     127.0.0.1:41536 - "POST /v1/libraries/806c13c2-01af-4ef3-9094-6bab514d631e/documents/with-embeddings HTTP/1.1" 201 Created
2026-02-06 16:17:52 - app.services.library_service - INFO - Adding document 'batch_406' with 1000 pre-computed chunks to corpus 806c13c2-01af-4ef3-9094-6bab514d631e
2026-02-06 16:24:49 - infrastructure.repositories.library_repository - INFO - Publishing event document.added to event bus
2026-02-06 16:24:49 - infrastructure.repositories.library_repository - INFO - Event document.added queued successfully
2026-02-06 16:24:49 - app.services.library_service - INFO - Added document eb563c6f-1999-4af5-8ca7-2428d1a7bb05 with 1000 chunks to corpus 806c13c2-01af-4ef3-9094-6bab514d631e
INFO:     127.0.0.1:41536 - "POST /v1/libraries/806c13c2-01af-4ef3-9094-6bab514d631e/documents/with-embeddings HTTP/1.1" 201 Created
2026-02-06 16:24:51 - app.services.library_service - INFO - Adding document 'batch_407' with 1000 pre-computed chunks to corpus 806c13c2-01af-4ef3-9094-6bab514d631e
2026-02-06 16:31:50 - infrastructure.repositories.library_repository - INFO - Publishing event document.added to event bus
2026-02-06 16:31:50 - infrastructure.repositories.library_repository - INFO - Event document.added queued successfully
2026-02-06 16:31:50 - app.services.library_service - INFO - Added document bb1b15b7-ee0d-464e-970a-2d4c10d2b820 with 1000 chunks to corpus 806c13c2-01af-4ef3-9094-6bab514d631e
INFO:     127.0.0.1:41536 - "POST /v1/libraries/806c13c2-01af-4ef3-9094-6bab514d631e/documents/with-embeddings HTTP/1.1" 201 Created
2026-02-06 16:31:52 - app.services.library_service - INFO - Adding document 'batch_408' with 1000 pre-computed chunks to corpus 806c13c2-01af-4ef3-9094-6bab514d631e
2026-02-06 16:38:48 - infrastructure.repositories.library_repository - INFO - Publishing event document.added to event bus
2026-02-06 16:38:48 - infrastructure.repositories.library_repository - INFO - Event document.added queued successfully
2026-02-06 16:38:48 - app.services.library_service - INFO - Added document 0b1df459-4990-4d7e-aed4-362b9694c1bb with 1000 chunks to corpus 806c13c2-01af-4ef3-9094-6bab514d631e
INFO:     127.0.0.1:41536 - "POST /v1/libraries/806c13c2-01af-4ef3-9094-6bab514d631e/documents/with-embeddings HTTP/1.1" 201 Created
2026-02-06 16:38:51 - app.services.library_service - INFO - Adding document 'batch_409' with 1000 pre-computed chunks to corpus 806c13c2-01af-4ef3-9094-6bab514d631e
2026-02-06 16:45:48 - infrastructure.repositories.library_repository - INFO - Publishing event document.added to event bus
2026-02-06 16:45:48 - infrastructure.repositories.library_repository - INFO - Event document.added queued successfully
2026-02-06 16:45:48 - app.services.library_service - INFO - Added document e8cf98e9-b516-478a-981d-9760c9c8b775 with 1000 chunks to corpus 806c13c2-01af-4ef3-9094-6bab514d631e
INFO:     127.0.0.1:41536 - "POST /v1/libraries/806c13c2-01af-4ef3-9094-6bab514d631e/documents/with-embeddings HTTP/1.1" 201 Created
2026-02-06 16:45:51 - app.services.library_service - INFO - Adding document 'batch_410' with 1000 pre-computed chunks to corpus 806c13c2-01af-4ef3-9094-6bab514d631e
2026-02-06 16:52:53 - infrastructure.repositories.library_repository - INFO - Publishing event document.added to event bus
2026-02-06 16:52:53 - infrastructure.repositories.library_repository - INFO - Event document.added queued successfully
2026-02-06 16:52:53 - app.services.library_service - INFO - Added document c4da2596-eb0d-4ba0-a36c-e88d6573a9b4 with 1000 chunks to corpus 806c13c2-01af-4ef3-9094-6bab514d631e
INFO:     127.0.0.1:41536 - "POST /v1/libraries/806c13c2-01af-4ef3-9094-6bab514d631e/documents/with-embeddings HTTP/1.1" 201 Created
2026-02-06 16:52:56 - app.services.library_service - INFO - Adding document 'batch_411' with 1000 pre-computed chunks to corpus 806c13c2-01af-4ef3-9094-6bab514d631e
2026-02-06 16:59:55 - infrastructure.repositories.library_repository - INFO - Publishing event document.added to event bus
2026-02-06 16:59:55 - infrastructure.repositories.library_repository - INFO - Event document.added queued successfully
2026-02-06 16:59:55 - app.services.library_service - INFO - Added document 3e3679e9-6a6b-4d97-a9c4-8d66d65e6af1 with 1000 chunks to corpus 806c13c2-01af-4ef3-9094-6bab514d631e
INFO:     127.0.0.1:41536 - "POST /v1/libraries/806c13c2-01af-4ef3-9094-6bab514d631e/documents/with-embeddings HTTP/1.1" 201 Created
2026-02-06 16:59:57 - app.services.library_service - INFO - Adding document 'batch_412' with 1000 pre-computed chunks to corpus 806c13c2-01af-4ef3-9094-6bab514d631e
2026-02-06 17:06:55 - infrastructure.repositories.library_repository - INFO - Publishing event document.added to event bus
2026-02-06 17:06:55 - infrastructure.repositories.library_repository - INFO - Event document.added queued successfully
2026-02-06 17:06:55 - app.services.library_service - INFO - Added document 148e926f-b8f8-4f18-be9c-1dcc108617ab with 1000 chunks to corpus 806c13c2-01af-4ef3-9094-6bab514d631e
INFO:     127.0.0.1:41536 - "POST /v1/libraries/806c13c2-01af-4ef3-9094-6bab514d631e/documents/with-embeddings HTTP/1.1" 201 Created
2026-02-06 17:06:57 - app.services.library_service - INFO - Adding document 'batch_413' with 1000 pre-computed chunks to corpus 806c13c2-01af-4ef3-9094-6bab514d631e
2026-02-06 17:13:55 - infrastructure.repositories.library_repository - INFO - Publishing event document.added to event bus
2026-02-06 17:13:55 - infrastructure.repositories.library_repository - INFO - Event document.added queued successfully
2026-02-06 17:13:55 - app.services.library_service - INFO - Added document 8362c38e-9969-4f81-8aa8-f0c1be2ea4b2 with 1000 chunks to corpus 806c13c2-01af-4ef3-9094-6bab514d631e
INFO:     127.0.0.1:41536 - "POST /v1/libraries/806c13c2-01af-4ef3-9094-6bab514d631e/documents/with-embeddings HTTP/1.1" 201 Created
2026-02-06 17:13:57 - app.services.library_service - INFO - Adding document 'batch_414' with 1000 pre-computed chunks to corpus 806c13c2-01af-4ef3-9094-6bab514d631e
2026-02-06 17:20:56 - infrastructure.repositories.library_repository - INFO - Publishing event document.added to event bus
2026-02-06 17:20:56 - infrastructure.repositories.library_repository - INFO - Event document.added queued successfully
2026-02-06 17:20:56 - app.services.library_service - INFO - Added document 47b2180b-d0e6-4339-999d-90bc1bf6f2a3 with 1000 chunks to corpus 806c13c2-01af-4ef3-9094-6bab514d631e
INFO:     127.0.0.1:41536 - "POST /v1/libraries/806c13c2-01af-4ef3-9094-6bab514d631e/documents/with-embeddings HTTP/1.1" 201 Created
2026-02-06 17:20:58 - app.services.library_service - INFO - Adding document 'batch_415' with 1000 pre-computed chunks to corpus 806c13c2-01af-4ef3-9094-6bab514d631e
2026-02-06 17:27:55 - infrastructure.repositories.library_repository - INFO - Publishing event document.added to event bus
2026-02-06 17:27:55 - infrastructure.repositories.library_repository - INFO - Event document.added queued successfully
2026-02-06 17:27:55 - app.services.library_service - INFO - Added document b2ec101f-60cf-404b-bceb-e798fae3c7ba with 1000 chunks to corpus 806c13c2-01af-4ef3-9094-6bab514d631e
INFO:     127.0.0.1:41536 - "POST /v1/libraries/806c13c2-01af-4ef3-9094-6bab514d631e/documents/with-embeddings HTTP/1.1" 201 Created
2026-02-06 17:27:57 - app.services.library_service - INFO - Adding document 'batch_416' with 1000 pre-computed chunks to corpus 806c13c2-01af-4ef3-9094-6bab514d631e
2026-02-06 17:34:54 - infrastructure.repositories.library_repository - INFO - Publishing event document.added to event bus
2026-02-06 17:34:54 - infrastructure.repositories.library_repository - INFO - Event document.added queued successfully
2026-02-06 17:34:54 - app.services.library_service - INFO - Added document d61df526-2deb-4982-bfd2-4cab6a3afee6 with 1000 chunks to corpus 806c13c2-01af-4ef3-9094-6bab514d631e
INFO:     127.0.0.1:41536 - "POST /v1/libraries/806c13c2-01af-4ef3-9094-6bab514d631e/documents/with-embeddings HTTP/1.1" 201 Created
2026-02-06 17:34:57 - app.services.library_service - INFO - Adding document 'batch_417' with 1000 pre-computed chunks to corpus 806c13c2-01af-4ef3-9094-6bab514d631e
2026-02-06 17:41:55 - infrastructure.repositories.library_repository - INFO - Publishing event document.added to event bus
2026-02-06 17:41:55 - infrastructure.repositories.library_repository - INFO - Event document.added queued successfully
2026-02-06 17:41:55 - app.services.library_service - INFO - Added document 72471506-d9eb-40f8-a7b0-2278cfc01890 with 1000 chunks to corpus 806c13c2-01af-4ef3-9094-6bab514d631e
INFO:     127.0.0.1:41536 - "POST /v1/libraries/806c13c2-01af-4ef3-9094-6bab514d631e/documents/with-embeddings HTTP/1.1" 201 Created
2026-02-06 17:41:57 - app.services.library_service - INFO - Adding document 'batch_418' with 1000 pre-computed chunks to corpus 806c13c2-01af-4ef3-9094-6bab514d631e
2026-02-06 17:48:55 - infrastructure.repositories.library_repository - INFO - Publishing event document.added to event bus
2026-02-06 17:48:55 - infrastructure.repositories.library_repository - INFO - Event document.added queued successfully
2026-02-06 17:48:55 - app.services.library_service - INFO - Added document 42a3b64a-46a6-48a3-95ad-ca91c113fb14 with 1000 chunks to corpus 806c13c2-01af-4ef3-9094-6bab514d631e
INFO:     127.0.0.1:41536 - "POST /v1/libraries/806c13c2-01af-4ef3-9094-6bab514d631e/documents/with-embeddings HTTP/1.1" 201 Created
2026-02-06 17:48:57 - app.services.library_service - INFO - Adding document 'batch_419' with 1000 pre-computed chunks to corpus 806c13c2-01af-4ef3-9094-6bab514d631e
2026-02-06 17:55:57 - infrastructure.repositories.library_repository - INFO - Publishing event document.added to event bus
2026-02-06 17:55:57 - infrastructure.repositories.library_repository - INFO - Event document.added queued successfully
2026-02-06 17:55:57 - app.services.library_service - INFO - Added document 8af84f4d-8b2f-4453-85ee-e1d0b6e48e16 with 1000 chunks to corpus 806c13c2-01af-4ef3-9094-6bab514d631e
INFO:     127.0.0.1:41536 - "POST /v1/libraries/806c13c2-01af-4ef3-9094-6bab514d631e/documents/with-embeddings HTTP/1.1" 201 Created
2026-02-06 17:55:59 - app.services.library_service - INFO - Adding document 'batch_420' with 1000 pre-computed chunks to corpus 806c13c2-01af-4ef3-9094-6bab514d631e
2026-02-06 18:02:57 - infrastructure.repositories.library_repository - INFO - Publishing event document.added to event bus
2026-02-06 18:02:57 - infrastructure.repositories.library_repository - INFO - Event document.added queued successfully
2026-02-06 18:02:57 - app.services.library_service - INFO - Added document c23b3a26-838f-444d-b5fb-c6231a9ffecd with 1000 chunks to corpus 806c13c2-01af-4ef3-9094-6bab514d631e
INFO:     127.0.0.1:41536 - "POST /v1/libraries/806c13c2-01af-4ef3-9094-6bab514d631e/documents/with-embeddings HTTP/1.1" 201 Created
2026-02-06 18:03:00 - app.services.library_service - INFO - Adding document 'batch_421' with 1000 pre-computed chunks to corpus 806c13c2-01af-4ef3-9094-6bab514d631e
2026-02-06 18:09:58 - infrastructure.repositories.library_repository - INFO - Publishing event document.added to event bus
2026-02-06 18:09:58 - infrastructure.repositories.library_repository - INFO - Event document.added queued successfully
2026-02-06 18:09:58 - app.services.library_service - INFO - Added document cd6c4abb-af90-40c3-82cd-45ba767bc905 with 1000 chunks to corpus 806c13c2-01af-4ef3-9094-6bab514d631e
INFO:     127.0.0.1:41536 - "POST /v1/libraries/806c13c2-01af-4ef3-9094-6bab514d631e/documents/with-embeddings HTTP/1.1" 201 Created
2026-02-06 18:10:01 - app.services.library_service - INFO - Adding document 'batch_422' with 1000 pre-computed chunks to corpus 806c13c2-01af-4ef3-9094-6bab514d631e
2026-02-06 18:17:00 - infrastructure.repositories.library_repository - INFO - Publishing event document.added to event bus
2026-02-06 18:17:00 - infrastructure.repositories.library_repository - INFO - Event document.added queued successfully
2026-02-06 18:17:00 - app.services.library_service - INFO - Added document e72eb975-42b6-4840-9ddc-3a0b5cbd4309 with 1000 chunks to corpus 806c13c2-01af-4ef3-9094-6bab514d631e
INFO:     127.0.0.1:41536 - "POST /v1/libraries/806c13c2-01af-4ef3-9094-6bab514d631e/documents/with-embeddings HTTP/1.1" 201 Created
2026-02-06 18:17:02 - app.services.library_service - INFO - Adding document 'batch_423' with 1000 pre-computed chunks to corpus 806c13c2-01af-4ef3-9094-6bab514d631e
2026-02-06 18:24:00 - infrastructure.repositories.library_repository - INFO - Publishing event document.added to event bus
2026-02-06 18:24:00 - infrastructure.repositories.library_repository - INFO - Event document.added queued successfully
2026-02-06 18:24:00 - app.services.library_service - INFO - Added document 7e150e7e-099e-4202-aa0e-3236eeb0f477 with 1000 chunks to corpus 806c13c2-01af-4ef3-9094-6bab514d631e
INFO:     127.0.0.1:41536 - "POST /v1/libraries/806c13c2-01af-4ef3-9094-6bab514d631e/documents/with-embeddings HTTP/1.1" 201 Created
2026-02-06 18:24:03 - app.services.library_service - INFO - Adding document 'batch_424' with 1000 pre-computed chunks to corpus 806c13c2-01af-4ef3-9094-6bab514d631e
2026-02-06 18:31:01 - infrastructure.repositories.library_repository - INFO - Publishing event document.added to event bus
2026-02-06 18:31:01 - infrastructure.repositories.library_repository - INFO - Event document.added queued successfully
2026-02-06 18:31:01 - app.services.library_service - INFO - Added document 0a4528cc-d203-4168-a553-e958dab86652 with 1000 chunks to corpus 806c13c2-01af-4ef3-9094-6bab514d631e
INFO:     127.0.0.1:41536 - "POST /v1/libraries/806c13c2-01af-4ef3-9094-6bab514d631e/documents/with-embeddings HTTP/1.1" 201 Created
2026-02-06 18:31:03 - app.services.library_service - INFO - Adding document 'batch_425' with 1000 pre-computed chunks to corpus 806c13c2-01af-4ef3-9094-6bab514d631e
2026-02-06 18:38:02 - infrastructure.repositories.library_repository - INFO - Publishing event document.added to event bus
2026-02-06 18:38:02 - infrastructure.repositories.library_repository - INFO - Event document.added queued successfully
2026-02-06 18:38:02 - app.services.library_service - INFO - Added document 48edc392-7f92-4ed8-a9df-32c631324d57 with 1000 chunks to corpus 806c13c2-01af-4ef3-9094-6bab514d631e
INFO:     127.0.0.1:41536 - "POST /v1/libraries/806c13c2-01af-4ef3-9094-6bab514d631e/documents/with-embeddings HTTP/1.1" 201 Created
2026-02-06 18:38:04 - app.services.library_service - INFO - Adding document 'batch_426' with 1000 pre-computed chunks to corpus 806c13c2-01af-4ef3-9094-6bab514d631e
2026-02-06 18:45:03 - infrastructure.repositories.library_repository - INFO - Publishing event document.added to event bus
2026-02-06 18:45:03 - infrastructure.repositories.library_repository - INFO - Event document.added queued successfully
2026-02-06 18:45:03 - app.services.library_service - INFO - Added document d657679a-86f4-4530-936f-281581c8d4b1 with 1000 chunks to corpus 806c13c2-01af-4ef3-9094-6bab514d631e
INFO:     127.0.0.1:41536 - "POST /v1/libraries/806c13c2-01af-4ef3-9094-6bab514d631e/documents/with-embeddings HTTP/1.1" 201 Created
2026-02-06 18:45:05 - app.services.library_service - INFO - Adding document 'batch_427' with 1000 pre-computed chunks to corpus 806c13c2-01af-4ef3-9094-6bab514d631e
2026-02-06 18:52:03 - infrastructure.repositories.library_repository - INFO - Publishing event document.added to event bus
2026-02-06 18:52:03 - infrastructure.repositories.library_repository - INFO - Event document.added queued successfully
2026-02-06 18:52:03 - app.services.library_service - INFO - Added document 136620c0-09dc-4cbf-9fcc-d9fca5a53bd1 with 1000 chunks to corpus 806c13c2-01af-4ef3-9094-6bab514d631e
INFO:     127.0.0.1:41536 - "POST /v1/libraries/806c13c2-01af-4ef3-9094-6bab514d631e/documents/with-embeddings HTTP/1.1" 201 Created
2026-02-06 18:52:05 - app.services.library_service - INFO - Adding document 'batch_428' with 1000 pre-computed chunks to corpus 806c13c2-01af-4ef3-9094-6bab514d631e
2026-02-06 18:59:03 - infrastructure.repositories.library_repository - INFO - Publishing event document.added to event bus
2026-02-06 18:59:03 - infrastructure.repositories.library_repository - INFO - Event document.added queued successfully
2026-02-06 18:59:03 - app.services.library_service - INFO - Added document d167ae10-fd67-439c-81ee-564bff024417 with 1000 chunks to corpus 806c13c2-01af-4ef3-9094-6bab514d631e
INFO:     127.0.0.1:41536 - "POST /v1/libraries/806c13c2-01af-4ef3-9094-6bab514d631e/documents/with-embeddings HTTP/1.1" 201 Created
2026-02-06 18:59:05 - app.services.library_service - INFO - Adding document 'batch_429' with 1000 pre-computed chunks to corpus 806c13c2-01af-4ef3-9094-6bab514d631e
2026-02-06 19:06:04 - infrastructure.repositories.library_repository - INFO - Publishing event document.added to event bus
2026-02-06 19:06:04 - infrastructure.repositories.library_repository - INFO - Event document.added queued successfully
2026-02-06 19:06:04 - app.services.library_service - INFO - Added document 902d87ce-986c-49de-b65c-4aa13d5128e5 with 1000 chunks to corpus 806c13c2-01af-4ef3-9094-6bab514d631e
INFO:     127.0.0.1:41536 - "POST /v1/libraries/806c13c2-01af-4ef3-9094-6bab514d631e/documents/with-embeddings HTTP/1.1" 201 Created
2026-02-06 19:06:06 - app.services.library_service - INFO - Adding document 'batch_430' with 1000 pre-computed chunks to corpus 806c13c2-01af-4ef3-9094-6bab514d631e
2026-02-06 19:13:06 - infrastructure.repositories.library_repository - INFO - Publishing event document.added to event bus
2026-02-06 19:13:06 - infrastructure.repositories.library_repository - INFO - Event document.added queued successfully
2026-02-06 19:13:06 - app.services.library_service - INFO - Added document f90554c6-66d8-47e4-825f-47aca7b289de with 1000 chunks to corpus 806c13c2-01af-4ef3-9094-6bab514d631e
INFO:     127.0.0.1:41536 - "POST /v1/libraries/806c13c2-01af-4ef3-9094-6bab514d631e/documents/with-embeddings HTTP/1.1" 201 Created
2026-02-06 19:13:08 - app.services.library_service - INFO - Adding document 'batch_431' with 1000 pre-computed chunks to corpus 806c13c2-01af-4ef3-9094-6bab514d631e
2026-02-06 19:20:07 - infrastructure.repositories.library_repository - INFO - Publishing event document.added to event bus
2026-02-06 19:20:07 - infrastructure.repositories.library_repository - INFO - Event document.added queued successfully
2026-02-06 19:20:07 - app.services.library_service - INFO - Added document 371e7dd1-baf6-4dcf-b7b5-d2445d293769 with 1000 chunks to corpus 806c13c2-01af-4ef3-9094-6bab514d631e
INFO:     127.0.0.1:41536 - "POST /v1/libraries/806c13c2-01af-4ef3-9094-6bab514d631e/documents/with-embeddings HTTP/1.1" 201 Created
2026-02-06 19:20:09 - app.services.library_service - INFO - Adding document 'batch_432' with 1000 pre-computed chunks to corpus 806c13c2-01af-4ef3-9094-6bab514d631e
2026-02-06 19:27:08 - infrastructure.repositories.library_repository - INFO - Publishing event document.added to event bus
2026-02-06 19:27:08 - infrastructure.repositories.library_repository - INFO - Event document.added queued successfully
2026-02-06 19:27:08 - app.services.library_service - INFO - Added document 5e7ebce9-9578-4d25-825c-429c5fe0badb with 1000 chunks to corpus 806c13c2-01af-4ef3-9094-6bab514d631e
INFO:     127.0.0.1:41536 - "POST /v1/libraries/806c13c2-01af-4ef3-9094-6bab514d631e/documents/with-embeddings HTTP/1.1" 201 Created
2026-02-06 19:27:10 - app.services.library_service - INFO - Adding document 'batch_433' with 1000 pre-computed chunks to corpus 806c13c2-01af-4ef3-9094-6bab514d631e
2026-02-06 19:34:09 - infrastructure.repositories.library_repository - INFO - Publishing event document.added to event bus
2026-02-06 19:34:09 - infrastructure.repositories.library_repository - INFO - Event document.added queued successfully
2026-02-06 19:34:09 - app.services.library_service - INFO - Added document eea7f2ef-efa5-4129-b426-6b95a05926d3 with 1000 chunks to corpus 806c13c2-01af-4ef3-9094-6bab514d631e
INFO:     127.0.0.1:41536 - "POST /v1/libraries/806c13c2-01af-4ef3-9094-6bab514d631e/documents/with-embeddings HTTP/1.1" 201 Created
2026-02-06 19:34:12 - app.services.library_service - INFO - Adding document 'batch_434' with 1000 pre-computed chunks to corpus 806c13c2-01af-4ef3-9094-6bab514d631e
2026-02-06 19:41:11 - infrastructure.repositories.library_repository - INFO - Publishing event document.added to event bus
2026-02-06 19:41:11 - infrastructure.repositories.library_repository - INFO - Event document.added queued successfully
2026-02-06 19:41:11 - app.services.library_service - INFO - Added document 365b4dca-e3c7-4d78-b09a-504468e891a4 with 1000 chunks to corpus 806c13c2-01af-4ef3-9094-6bab514d631e
INFO:     127.0.0.1:41536 - "POST /v1/libraries/806c13c2-01af-4ef3-9094-6bab514d631e/documents/with-embeddings HTTP/1.1" 201 Created
2026-02-06 19:41:13 - app.services.library_service - INFO - Adding document 'batch_435' with 1000 pre-computed chunks to corpus 806c13c2-01af-4ef3-9094-6bab514d631e
2026-02-06 19:48:12 - infrastructure.repositories.library_repository - INFO - Publishing event document.added to event bus
2026-02-06 19:48:12 - infrastructure.repositories.library_repository - INFO - Event document.added queued successfully
2026-02-06 19:48:12 - app.services.library_service - INFO - Added document 7cb298cd-0fcf-4198-9012-17f26d710eff with 1000 chunks to corpus 806c13c2-01af-4ef3-9094-6bab514d631e
INFO:     127.0.0.1:41536 - "POST /v1/libraries/806c13c2-01af-4ef3-9094-6bab514d631e/documents/with-embeddings HTTP/1.1" 201 Created
2026-02-06 19:48:15 - app.services.library_service - INFO - Adding document 'batch_436' with 1000 pre-computed chunks to corpus 806c13c2-01af-4ef3-9094-6bab514d631e
2026-02-06 19:55:13 - infrastructure.repositories.library_repository - INFO - Publishing event document.added to event bus
2026-02-06 19:55:13 - infrastructure.repositories.library_repository - INFO - Event document.added queued successfully
2026-02-06 19:55:13 - app.services.library_service - INFO - Added document 730c5679-9381-403e-afbc-2e2a5d596a3b with 1000 chunks to corpus 806c13c2-01af-4ef3-9094-6bab514d631e
INFO:     127.0.0.1:41536 - "POST /v1/libraries/806c13c2-01af-4ef3-9094-6bab514d631e/documents/with-embeddings HTTP/1.1" 201 Created
2026-02-06 19:55:15 - app.services.library_service - INFO - Adding document 'batch_437' with 1000 pre-computed chunks to corpus 806c13c2-01af-4ef3-9094-6bab514d631e
2026-02-06 20:02:13 - infrastructure.repositories.library_repository - INFO - Publishing event document.added to event bus
2026-02-06 20:02:13 - infrastructure.repositories.library_repository - INFO - Event document.added queued successfully
2026-02-06 20:02:13 - app.services.library_service - INFO - Added document 00beb26a-9ec7-46aa-b1ab-ab204cf15df3 with 1000 chunks to corpus 806c13c2-01af-4ef3-9094-6bab514d631e
INFO:     127.0.0.1:41536 - "POST /v1/libraries/806c13c2-01af-4ef3-9094-6bab514d631e/documents/with-embeddings HTTP/1.1" 201 Created
2026-02-06 20:02:15 - app.services.library_service - INFO - Adding document 'batch_438' with 1000 pre-computed chunks to corpus 806c13c2-01af-4ef3-9094-6bab514d631e
2026-02-06 20:09:13 - infrastructure.repositories.library_repository - INFO - Publishing event document.added to event bus
2026-02-06 20:09:13 - infrastructure.repositories.library_repository - INFO - Event document.added queued successfully
2026-02-06 20:09:13 - app.services.library_service - INFO - Added document 914050c6-f4dc-4300-a057-fd819d9f0bda with 1000 chunks to corpus 806c13c2-01af-4ef3-9094-6bab514d631e
INFO:     127.0.0.1:41536 - "POST /v1/libraries/806c13c2-01af-4ef3-9094-6bab514d631e/documents/with-embeddings HTTP/1.1" 201 Created
2026-02-06 20:09:15 - app.services.library_service - INFO - Adding document 'batch_439' with 1000 pre-computed chunks to corpus 806c13c2-01af-4ef3-9094-6bab514d631e
2026-02-06 20:16:13 - infrastructure.repositories.library_repository - INFO - Publishing event document.added to event bus
2026-02-06 20:16:13 - infrastructure.repositories.library_repository - INFO - Event document.added queued successfully
2026-02-06 20:16:13 - app.services.library_service - INFO - Added document f0529b98-14c4-4ddf-b288-fb18dee3f4a9 with 1000 chunks to corpus 806c13c2-01af-4ef3-9094-6bab514d631e
INFO:     127.0.0.1:41536 - "POST /v1/libraries/806c13c2-01af-4ef3-9094-6bab514d631e/documents/with-embeddings HTTP/1.1" 201 Created
2026-02-06 20:16:15 - app.services.library_service - INFO - Adding document 'batch_440' with 1000 pre-computed chunks to corpus 806c13c2-01af-4ef3-9094-6bab514d631e
2026-02-06 20:23:11 - infrastructure.repositories.library_repository - INFO - Publishing event document.added to event bus
2026-02-06 20:23:11 - infrastructure.repositories.library_repository - INFO - Event document.added queued successfully
2026-02-06 20:23:11 - app.services.library_service - INFO - Added document 7d123727-48b5-45f7-b364-c089a4e5d661 with 1000 chunks to corpus 806c13c2-01af-4ef3-9094-6bab514d631e
INFO:     127.0.0.1:41536 - "POST /v1/libraries/806c13c2-01af-4ef3-9094-6bab514d631e/documents/with-embeddings HTTP/1.1" 201 Created
2026-02-06 20:23:13 - app.services.library_service - INFO - Adding document 'batch_441' with 1000 pre-computed chunks to corpus 806c13c2-01af-4ef3-9094-6bab514d631e
2026-02-06 20:30:12 - infrastructure.repositories.library_repository - INFO - Publishing event document.added to event bus
2026-02-06 20:30:12 - infrastructure.repositories.library_repository - INFO - Event document.added queued successfully
2026-02-06 20:30:12 - app.services.library_service - INFO - Added document 6ed6bb7e-ce15-45b7-93f4-5e65078244e7 with 1000 chunks to corpus 806c13c2-01af-4ef3-9094-6bab514d631e
INFO:     127.0.0.1:41536 - "POST /v1/libraries/806c13c2-01af-4ef3-9094-6bab514d631e/documents/with-embeddings HTTP/1.1" 201 Created
2026-02-06 20:30:15 - app.services.library_service - INFO - Adding document 'batch_442' with 1000 pre-computed chunks to corpus 806c13c2-01af-4ef3-9094-6bab514d631e
2026-02-06 20:37:16 - infrastructure.repositories.library_repository - INFO - Publishing event document.added to event bus
2026-02-06 20:37:16 - infrastructure.repositories.library_repository - INFO - Event document.added queued successfully
2026-02-06 20:37:16 - app.services.library_service - INFO - Added document e6764b83-8d35-4963-940d-dfcb6b6ed3d5 with 1000 chunks to corpus 806c13c2-01af-4ef3-9094-6bab514d631e
INFO:     127.0.0.1:41536 - "POST /v1/libraries/806c13c2-01af-4ef3-9094-6bab514d631e/documents/with-embeddings HTTP/1.1" 201 Created
2026-02-06 20:37:18 - app.services.library_service - INFO - Adding document 'batch_443' with 1000 pre-computed chunks to corpus 806c13c2-01af-4ef3-9094-6bab514d631e
2026-02-06 20:44:16 - infrastructure.repositories.library_repository - INFO - Publishing event document.added to event bus
2026-02-06 20:44:16 - infrastructure.repositories.library_repository - INFO - Event document.added queued successfully
2026-02-06 20:44:16 - app.services.library_service - INFO - Added document 53ef45fe-6219-4801-8c39-f6f146e4aaf0 with 1000 chunks to corpus 806c13c2-01af-4ef3-9094-6bab514d631e
INFO:     127.0.0.1:41536 - "POST /v1/libraries/806c13c2-01af-4ef3-9094-6bab514d631e/documents/with-embeddings HTTP/1.1" 201 Created
2026-02-06 20:44:18 - app.services.library_service - INFO - Adding document 'batch_444' with 1000 pre-computed chunks to corpus 806c13c2-01af-4ef3-9094-6bab514d631e
2026-02-06 20:51:17 - infrastructure.repositories.library_repository - INFO - Publishing event document.added to event bus
2026-02-06 20:51:17 - infrastructure.repositories.library_repository - INFO - Event document.added queued successfully
2026-02-06 20:51:17 - app.services.library_service - INFO - Added document 36051b1d-804d-426a-b166-458bb31f49c8 with 1000 chunks to corpus 806c13c2-01af-4ef3-9094-6bab514d631e
INFO:     127.0.0.1:41536 - "POST /v1/libraries/806c13c2-01af-4ef3-9094-6bab514d631e/documents/with-embeddings HTTP/1.1" 201 Created
2026-02-06 20:51:19 - app.services.library_service - INFO - Adding document 'batch_445' with 1000 pre-computed chunks to corpus 806c13c2-01af-4ef3-9094-6bab514d631e
2026-02-06 20:58:18 - infrastructure.repositories.library_repository - INFO - Publishing event document.added to event bus
2026-02-06 20:58:18 - infrastructure.repositories.library_repository - INFO - Event document.added queued successfully
2026-02-06 20:58:18 - app.services.library_service - INFO - Added document 9c867d62-ffce-4d18-987c-d129e4a80777 with 1000 chunks to corpus 806c13c2-01af-4ef3-9094-6bab514d631e
INFO:     127.0.0.1:41536 - "POST /v1/libraries/806c13c2-01af-4ef3-9094-6bab514d631e/documents/with-embeddings HTTP/1.1" 201 Created
2026-02-06 20:58:21 - app.services.library_service - INFO - Adding document 'batch_446' with 1000 pre-computed chunks to corpus 806c13c2-01af-4ef3-9094-6bab514d631e
2026-02-06 21:05:21 - infrastructure.repositories.library_repository - INFO - Publishing event document.added to event bus
2026-02-06 21:05:21 - infrastructure.repositories.library_repository - INFO - Event document.added queued successfully
2026-02-06 21:05:21 - app.services.library_service - INFO - Added document 64b7e824-926f-447a-a821-62747543f6d5 with 1000 chunks to corpus 806c13c2-01af-4ef3-9094-6bab514d631e
INFO:     127.0.0.1:41536 - "POST /v1/libraries/806c13c2-01af-4ef3-9094-6bab514d631e/documents/with-embeddings HTTP/1.1" 201 Created
2026-02-06 21:05:23 - app.services.library_service - INFO - Adding document 'batch_447' with 1000 pre-computed chunks to corpus 806c13c2-01af-4ef3-9094-6bab514d631e
2026-02-06 21:12:21 - infrastructure.repositories.library_repository - INFO - Publishing event document.added to event bus
2026-02-06 21:12:21 - infrastructure.repositories.library_repository - INFO - Event document.added queued successfully
2026-02-06 21:12:21 - app.services.library_service - INFO - Added document 03707d83-f75e-494c-ba9a-904e468ab38b with 1000 chunks to corpus 806c13c2-01af-4ef3-9094-6bab514d631e
INFO:     127.0.0.1:41536 - "POST /v1/libraries/806c13c2-01af-4ef3-9094-6bab514d631e/documents/with-embeddings HTTP/1.1" 201 Created
2026-02-06 21:12:23 - app.services.library_service - INFO - Adding document 'batch_448' with 1000 pre-computed chunks to corpus 806c13c2-01af-4ef3-9094-6bab514d631e
2026-02-06 21:19:21 - infrastructure.repositories.library_repository - INFO - Publishing event document.added to event bus
2026-02-06 21:19:21 - infrastructure.repositories.library_repository - INFO - Event document.added queued successfully
2026-02-06 21:19:21 - app.services.library_service - INFO - Added document 622c3aeb-a7cb-4c8d-a9ee-d0156eb3a928 with 1000 chunks to corpus 806c13c2-01af-4ef3-9094-6bab514d631e
INFO:     127.0.0.1:41536 - "POST /v1/libraries/806c13c2-01af-4ef3-9094-6bab514d631e/documents/with-embeddings HTTP/1.1" 201 Created
2026-02-06 21:19:23 - app.services.library_service - INFO - Adding document 'batch_449' with 1000 pre-computed chunks to corpus 806c13c2-01af-4ef3-9094-6bab514d631e
2026-02-06 21:26:21 - infrastructure.repositories.library_repository - INFO - Publishing event document.added to event bus
2026-02-06 21:26:21 - infrastructure.repositories.library_repository - INFO - Event document.added queued successfully
2026-02-06 21:26:21 - app.services.library_service - INFO - Added document bb9f3c04-fa34-4a92-8fe8-855bd62452be with 1000 chunks to corpus 806c13c2-01af-4ef3-9094-6bab514d631e
INFO:     127.0.0.1:41536 - "POST /v1/libraries/806c13c2-01af-4ef3-9094-6bab514d631e/documents/with-embeddings HTTP/1.1" 201 Created
2026-02-06 21:26:23 - app.services.library_service - INFO - Adding document 'batch_450' with 1000 pre-computed chunks to corpus 806c13c2-01af-4ef3-9094-6bab514d631e
2026-02-06 21:33:28 - infrastructure.repositories.library_repository - INFO - Publishing event document.added to event bus
2026-02-06 21:33:28 - infrastructure.repositories.library_repository - INFO - Event document.added queued successfully
2026-02-06 21:33:28 - app.services.library_service - INFO - Added document 2e188cd3-db90-4548-a2a0-eb69f88f41af with 1000 chunks to corpus 806c13c2-01af-4ef3-9094-6bab514d631e
INFO:     127.0.0.1:41536 - "POST /v1/libraries/806c13c2-01af-4ef3-9094-6bab514d631e/documents/with-embeddings HTTP/1.1" 201 Created
2026-02-06 21:33:30 - app.services.library_service - INFO - Adding document 'batch_451' with 1000 pre-computed chunks to corpus 806c13c2-01af-4ef3-9094-6bab514d631e
2026-02-06 21:40:30 - infrastructure.repositories.library_repository - INFO - Publishing event document.added to event bus
2026-02-06 21:40:30 - infrastructure.repositories.library_repository - INFO - Event document.added queued successfully
2026-02-06 21:40:30 - app.services.library_service - INFO - Added document efd1100d-b5af-4371-aa07-f70c50af4186 with 1000 chunks to corpus 806c13c2-01af-4ef3-9094-6bab514d631e
INFO:     127.0.0.1:41536 - "POST /v1/libraries/806c13c2-01af-4ef3-9094-6bab514d631e/documents/with-embeddings HTTP/1.1" 201 Created
2026-02-06 21:40:32 - app.services.library_service - INFO - Adding document 'batch_452' with 1000 pre-computed chunks to corpus 806c13c2-01af-4ef3-9094-6bab514d631e
2026-02-06 21:47:30 - infrastructure.repositories.library_repository - INFO - Publishing event document.added to event bus
2026-02-06 21:47:30 - infrastructure.repositories.library_repository - INFO - Event document.added queued successfully
2026-02-06 21:47:30 - app.services.library_service - INFO - Added document 1e2ebe60-b6ca-4aa9-931c-0d3503d76c5c with 1000 chunks to corpus 806c13c2-01af-4ef3-9094-6bab514d631e
INFO:     127.0.0.1:41536 - "POST /v1/libraries/806c13c2-01af-4ef3-9094-6bab514d631e/documents/with-embeddings HTTP/1.1" 201 Created
2026-02-06 21:47:32 - app.services.library_service - INFO - Adding document 'batch_453' with 1000 pre-computed chunks to corpus 806c13c2-01af-4ef3-9094-6bab514d631e
2026-02-06 21:54:34 - infrastructure.repositories.library_repository - INFO - Publishing event document.added to event bus
2026-02-06 21:54:34 - infrastructure.repositories.library_repository - INFO - Event document.added queued successfully
2026-02-06 21:54:34 - app.services.library_service - INFO - Added document ab0b6a0c-1c17-4a87-87e9-b909e90b52ca with 1000 chunks to corpus 806c13c2-01af-4ef3-9094-6bab514d631e
INFO:     127.0.0.1:41536 - "POST /v1/libraries/806c13c2-01af-4ef3-9094-6bab514d631e/documents/with-embeddings HTTP/1.1" 201 Created
2026-02-06 21:54:36 - app.services.library_service - INFO - Adding document 'batch_454' with 1000 pre-computed chunks to corpus 806c13c2-01af-4ef3-9094-6bab514d631e
2026-02-06 22:01:36 - infrastructure.repositories.library_repository - INFO - Publishing event document.added to event bus
2026-02-06 22:01:36 - infrastructure.repositories.library_repository - INFO - Event document.added queued successfully
2026-02-06 22:01:36 - app.services.library_service - INFO - Added document a68e992a-bcf6-41e0-984c-985cea5df25b with 1000 chunks to corpus 806c13c2-01af-4ef3-9094-6bab514d631e
INFO:     127.0.0.1:41536 - "POST /v1/libraries/806c13c2-01af-4ef3-9094-6bab514d631e/documents/with-embeddings HTTP/1.1" 201 Created
2026-02-06 22:01:38 - app.services.library_service - INFO - Adding document 'batch_455' with 1000 pre-computed chunks to corpus 806c13c2-01af-4ef3-9094-6bab514d631e
2026-02-06 22:08:36 - infrastructure.repositories.library_repository - INFO - Publishing event document.added to event bus
2026-02-06 22:08:36 - infrastructure.repositories.library_repository - INFO - Event document.added queued successfully
2026-02-06 22:08:36 - app.services.library_service - INFO - Added document e1baad14-eb60-45a5-8307-cb78fe347cbd with 1000 chunks to corpus 806c13c2-01af-4ef3-9094-6bab514d631e
INFO:     127.0.0.1:41536 - "POST /v1/libraries/806c13c2-01af-4ef3-9094-6bab514d631e/documents/with-embeddings HTTP/1.1" 201 Created
2026-02-06 22:08:38 - app.services.library_service - INFO - Adding document 'batch_456' with 1000 pre-computed chunks to corpus 806c13c2-01af-4ef3-9094-6bab514d631e
2026-02-06 22:15:36 - infrastructure.repositories.library_repository - INFO - Publishing event document.added to event bus
2026-02-06 22:15:36 - infrastructure.repositories.library_repository - INFO - Event document.added queued successfully
2026-02-06 22:15:36 - app.services.library_service - INFO - Added document 7cdb122b-2ea4-407c-a707-a654d63d95c4 with 1000 chunks to corpus 806c13c2-01af-4ef3-9094-6bab514d631e
INFO:     127.0.0.1:41536 - "POST /v1/libraries/806c13c2-01af-4ef3-9094-6bab514d631e/documents/with-embeddings HTTP/1.1" 201 Created
2026-02-06 22:15:38 - app.services.library_service - INFO - Adding document 'batch_457' with 1000 pre-computed chunks to corpus 806c13c2-01af-4ef3-9094-6bab514d631e
2026-02-06 22:22:39 - infrastructure.repositories.library_repository - INFO - Publishing event document.added to event bus
2026-02-06 22:22:39 - infrastructure.repositories.library_repository - INFO - Event document.added queued successfully
2026-02-06 22:22:39 - app.services.library_service - INFO - Added document 961e46d0-f3d0-48a5-8993-ed5a57bc98cd with 1000 chunks to corpus 806c13c2-01af-4ef3-9094-6bab514d631e
INFO:     127.0.0.1:41536 - "POST /v1/libraries/806c13c2-01af-4ef3-9094-6bab514d631e/documents/with-embeddings HTTP/1.1" 201 Created
2026-02-06 22:22:42 - app.services.library_service - INFO - Adding document 'batch_458' with 1000 pre-computed chunks to corpus 806c13c2-01af-4ef3-9094-6bab514d631e
2026-02-06 22:29:42 - infrastructure.repositories.library_repository - INFO - Publishing event document.added to event bus
2026-02-06 22:29:42 - infrastructure.repositories.library_repository - INFO - Event document.added queued successfully
2026-02-06 22:29:42 - app.services.library_service - INFO - Added document 505b1a65-92da-4438-8991-2863405203ef with 1000 chunks to corpus 806c13c2-01af-4ef3-9094-6bab514d631e
INFO:     127.0.0.1:41536 - "POST /v1/libraries/806c13c2-01af-4ef3-9094-6bab514d631e/documents/with-embeddings HTTP/1.1" 201 Created
2026-02-06 22:29:44 - app.services.library_service - INFO - Adding document 'batch_459' with 1000 pre-computed chunks to corpus 806c13c2-01af-4ef3-9094-6bab514d631e
2026-02-06 22:36:45 - infrastructure.repositories.library_repository - INFO - Publishing event document.added to event bus
2026-02-06 22:36:45 - infrastructure.repositories.library_repository - INFO - Event document.added queued successfully
2026-02-06 22:36:45 - app.services.library_service - INFO - Added document b603e86f-51f1-417c-b152-20dcbed5e4eb with 1000 chunks to corpus 806c13c2-01af-4ef3-9094-6bab514d631e
INFO:     127.0.0.1:41536 - "POST /v1/libraries/806c13c2-01af-4ef3-9094-6bab514d631e/documents/with-embeddings HTTP/1.1" 201 Created
2026-02-06 22:36:47 - app.services.library_service - INFO - Adding document 'batch_460' with 1000 pre-computed chunks to corpus 806c13c2-01af-4ef3-9094-6bab514d631e
2026-02-06 22:43:46 - infrastructure.repositories.library_repository - INFO - Publishing event document.added to event bus
2026-02-06 22:43:46 - infrastructure.repositories.library_repository - INFO - Event document.added queued successfully
2026-02-06 22:43:46 - app.services.library_service - INFO - Added document 0a8a7b17-c182-42b3-b7d9-2ae27f4605aa with 1000 chunks to corpus 806c13c2-01af-4ef3-9094-6bab514d631e
INFO:     127.0.0.1:41536 - "POST /v1/libraries/806c13c2-01af-4ef3-9094-6bab514d631e/documents/with-embeddings HTTP/1.1" 201 Created
2026-02-06 22:43:48 - app.services.library_service - INFO - Adding document 'batch_461' with 1000 pre-computed chunks to corpus 806c13c2-01af-4ef3-9094-6bab514d631e
2026-02-06 22:50:47 - infrastructure.repositories.library_repository - INFO - Publishing event document.added to event bus
2026-02-06 22:50:47 - infrastructure.repositories.library_repository - INFO - Event document.added queued successfully
2026-02-06 22:50:47 - app.services.library_service - INFO - Added document 8dbd287d-e53a-4312-9419-bb24196cd49e with 1000 chunks to corpus 806c13c2-01af-4ef3-9094-6bab514d631e
INFO:     127.0.0.1:41536 - "POST /v1/libraries/806c13c2-01af-4ef3-9094-6bab514d631e/documents/with-embeddings HTTP/1.1" 201 Created
2026-02-06 22:50:49 - app.services.library_service - INFO - Adding document 'batch_462' with 1000 pre-computed chunks to corpus 806c13c2-01af-4ef3-9094-6bab514d631e
2026-02-06 22:57:49 - infrastructure.repositories.library_repository - INFO - Publishing event document.added to event bus
2026-02-06 22:57:49 - infrastructure.repositories.library_repository - INFO - Event document.added queued successfully
2026-02-06 22:57:49 - app.services.library_service - INFO - Added document 347a161c-f620-479c-8a76-dbf263b764af with 1000 chunks to corpus 806c13c2-01af-4ef3-9094-6bab514d631e
INFO:     127.0.0.1:41536 - "POST /v1/libraries/806c13c2-01af-4ef3-9094-6bab514d631e/documents/with-embeddings HTTP/1.1" 201 Created
2026-02-06 22:57:52 - app.services.library_service - INFO - Adding document 'batch_463' with 1000 pre-computed chunks to corpus 806c13c2-01af-4ef3-9094-6bab514d631e
2026-02-06 23:04:53 - infrastructure.repositories.library_repository - INFO - Publishing event document.added to event bus
2026-02-06 23:04:53 - infrastructure.repositories.library_repository - INFO - Event document.added queued successfully
2026-02-06 23:04:53 - app.services.library_service - INFO - Added document 079a1862-bf05-41b3-9456-f471acaafe21 with 1000 chunks to corpus 806c13c2-01af-4ef3-9094-6bab514d631e
INFO:     127.0.0.1:41536 - "POST /v1/libraries/806c13c2-01af-4ef3-9094-6bab514d631e/documents/with-embeddings HTTP/1.1" 201 Created
2026-02-06 23:04:55 - app.services.library_service - INFO - Adding document 'batch_464' with 1000 pre-computed chunks to corpus 806c13c2-01af-4ef3-9094-6bab514d631e
2026-02-06 23:11:56 - infrastructure.repositories.library_repository - INFO - Publishing event document.added to event bus
2026-02-06 23:11:56 - infrastructure.repositories.library_repository - INFO - Event document.added queued successfully
2026-02-06 23:11:56 - app.services.library_service - INFO - Added document 54f80989-95da-4446-bdba-11b4fc1f618c with 1000 chunks to corpus 806c13c2-01af-4ef3-9094-6bab514d631e
INFO:     127.0.0.1:41536 - "POST /v1/libraries/806c13c2-01af-4ef3-9094-6bab514d631e/documents/with-embeddings HTTP/1.1" 201 Created
2026-02-06 23:11:58 - app.services.library_service - INFO - Adding document 'batch_465' with 1000 pre-computed chunks to corpus 806c13c2-01af-4ef3-9094-6bab514d631e
2026-02-06 23:18:58 - infrastructure.repositories.library_repository - INFO - Publishing event document.added to event bus
2026-02-06 23:18:58 - infrastructure.repositories.library_repository - INFO - Event document.added queued successfully
2026-02-06 23:18:58 - app.services.library_service - INFO - Added document 13e48d62-5601-47cb-8c69-399d914c1906 with 1000 chunks to corpus 806c13c2-01af-4ef3-9094-6bab514d631e
INFO:     127.0.0.1:41536 - "POST /v1/libraries/806c13c2-01af-4ef3-9094-6bab514d631e/documents/with-embeddings HTTP/1.1" 201 Created
2026-02-06 23:19:01 - app.services.library_service - INFO - Adding document 'batch_466' with 1000 pre-computed chunks to corpus 806c13c2-01af-4ef3-9094-6bab514d631e
2026-02-06 23:26:03 - infrastructure.repositories.library_repository - INFO - Publishing event document.added to event bus
2026-02-06 23:26:03 - infrastructure.repositories.library_repository - INFO - Event document.added queued successfully
2026-02-06 23:26:03 - app.services.library_service - INFO - Added document 12e029fb-226c-43a4-a125-20c3268ac18f with 1000 chunks to corpus 806c13c2-01af-4ef3-9094-6bab514d631e
INFO:     127.0.0.1:41536 - "POST /v1/libraries/806c13c2-01af-4ef3-9094-6bab514d631e/documents/with-embeddings HTTP/1.1" 201 Created
2026-02-06 23:26:05 - app.services.library_service - INFO - Adding document 'batch_467' with 1000 pre-computed chunks to corpus 806c13c2-01af-4ef3-9094-6bab514d631e
2026-02-06 23:33:06 - infrastructure.repositories.library_repository - INFO - Publishing event document.added to event bus
2026-02-06 23:33:06 - infrastructure.repositories.library_repository - INFO - Event document.added queued successfully
2026-02-06 23:33:06 - app.services.library_service - INFO - Added document 6b7ab544-9cd0-485e-a199-6a0347070dba with 1000 chunks to corpus 806c13c2-01af-4ef3-9094-6bab514d631e
INFO:     127.0.0.1:41536 - "POST /v1/libraries/806c13c2-01af-4ef3-9094-6bab514d631e/documents/with-embeddings HTTP/1.1" 201 Created
2026-02-06 23:33:08 - app.services.library_service - INFO - Adding document 'batch_468' with 1000 pre-computed chunks to corpus 806c13c2-01af-4ef3-9094-6bab514d631e
2026-02-06 23:40:07 - infrastructure.repositories.library_repository - INFO - Publishing event document.added to event bus
2026-02-06 23:40:07 - infrastructure.repositories.library_repository - INFO - Event document.added queued successfully
2026-02-06 23:40:07 - app.services.library_service - INFO - Added document 26740bac-5e24-4152-b3d2-21f3d9bc3824 with 1000 chunks to corpus 806c13c2-01af-4ef3-9094-6bab514d631e
INFO:     127.0.0.1:41536 - "POST /v1/libraries/806c13c2-01af-4ef3-9094-6bab514d631e/documents/with-embeddings HTTP/1.1" 201 Created
2026-02-06 23:40:09 - app.services.library_service - INFO - Adding document 'batch_469' with 1000 pre-computed chunks to corpus 806c13c2-01af-4ef3-9094-6bab514d631e
2026-02-06 23:47:09 - infrastructure.repositories.library_repository - INFO - Publishing event document.added to event bus
2026-02-06 23:47:09 - infrastructure.repositories.library_repository - INFO - Event document.added queued successfully
2026-02-06 23:47:09 - app.services.library_service - INFO - Added document 5270ade5-37c0-4a3e-aedb-93ecc0dc60ab with 1000 chunks to corpus 806c13c2-01af-4ef3-9094-6bab514d631e
INFO:     127.0.0.1:41536 - "POST /v1/libraries/806c13c2-01af-4ef3-9094-6bab514d631e/documents/with-embeddings HTTP/1.1" 201 Created
2026-02-06 23:47:11 - app.services.library_service - INFO - Adding document 'batch_470' with 1000 pre-computed chunks to corpus 806c13c2-01af-4ef3-9094-6bab514d631e
2026-02-06 23:54:11 - infrastructure.repositories.library_repository - INFO - Publishing event document.added to event bus
2026-02-06 23:54:11 - infrastructure.repositories.library_repository - INFO - Event document.added queued successfully
2026-02-06 23:54:11 - app.services.library_service - INFO - Added document 581bdcd2-31f3-4871-8c6c-51e6db63a7a4 with 1000 chunks to corpus 806c13c2-01af-4ef3-9094-6bab514d631e
INFO:     127.0.0.1:41536 - "POST /v1/libraries/806c13c2-01af-4ef3-9094-6bab514d631e/documents/with-embeddings HTTP/1.1" 201 Created
2026-02-06 23:54:14 - app.services.library_service - INFO - Adding document 'batch_471' with 1000 pre-computed chunks to corpus 806c13c2-01af-4ef3-9094-6bab514d631e
2026-02-07 00:01:13 - infrastructure.repositories.library_repository - INFO - Publishing event document.added to event bus
2026-02-07 00:01:13 - infrastructure.repositories.library_repository - INFO - Event document.added queued successfully
2026-02-07 00:01:13 - app.services.library_service - INFO - Added document 573033cb-36da-4ad6-9d3a-c58f9f921cac with 1000 chunks to corpus 806c13c2-01af-4ef3-9094-6bab514d631e
INFO:     127.0.0.1:41536 - "POST /v1/libraries/806c13c2-01af-4ef3-9094-6bab514d631e/documents/with-embeddings HTTP/1.1" 201 Created
2026-02-07 00:01:15 - app.services.library_service - INFO - Adding document 'batch_472' with 1000 pre-computed chunks to corpus 806c13c2-01af-4ef3-9094-6bab514d631e
2026-02-07 00:08:14 - infrastructure.repositories.library_repository - INFO - Publishing event document.added to event bus
2026-02-07 00:08:14 - infrastructure.repositories.library_repository - INFO - Event document.added queued successfully
2026-02-07 00:08:14 - app.services.library_service - INFO - Added document ab40ec47-e5eb-4c5f-a1ec-32d7daa4518d with 1000 chunks to corpus 806c13c2-01af-4ef3-9094-6bab514d631e
INFO:     127.0.0.1:41536 - "POST /v1/libraries/806c13c2-01af-4ef3-9094-6bab514d631e/documents/with-embeddings HTTP/1.1" 201 Created
2026-02-07 00:08:16 - app.services.library_service - INFO - Adding document 'batch_473' with 1000 pre-computed chunks to corpus 806c13c2-01af-4ef3-9094-6bab514d631e
2026-02-07 00:15:18 - infrastructure.repositories.library_repository - INFO - Publishing event document.added to event bus
2026-02-07 00:15:18 - infrastructure.repositories.library_repository - INFO - Event document.added queued successfully
2026-02-07 00:15:18 - app.services.library_service - INFO - Added document e4840a20-6738-464d-9187-f536e28ef241 with 1000 chunks to corpus 806c13c2-01af-4ef3-9094-6bab514d631e
INFO:     127.0.0.1:41536 - "POST /v1/libraries/806c13c2-01af-4ef3-9094-6bab514d631e/documents/with-embeddings HTTP/1.1" 201 Created
2026-02-07 00:15:20 - app.services.library_service - INFO - Adding document 'batch_474' with 1000 pre-computed chunks to corpus 806c13c2-01af-4ef3-9094-6bab514d631e
2026-02-07 00:22:23 - infrastructure.repositories.library_repository - INFO - Publishing event document.added to event bus
2026-02-07 00:22:23 - infrastructure.repositories.library_repository - INFO - Event document.added queued successfully
2026-02-07 00:22:23 - app.services.library_service - INFO - Added document 9769dada-b7ad-42f7-8a40-9823b52e63e5 with 1000 chunks to corpus 806c13c2-01af-4ef3-9094-6bab514d631e
INFO:     127.0.0.1:41536 - "POST /v1/libraries/806c13c2-01af-4ef3-9094-6bab514d631e/documents/with-embeddings HTTP/1.1" 201 Created
2026-02-07 00:22:25 - app.services.library_service - INFO - Adding document 'batch_475' with 1000 pre-computed chunks to corpus 806c13c2-01af-4ef3-9094-6bab514d631e
2026-02-07 00:29:24 - infrastructure.repositories.library_repository - INFO - Publishing event document.added to event bus
2026-02-07 00:29:24 - infrastructure.repositories.library_repository - INFO - Event document.added queued successfully
2026-02-07 00:29:24 - app.services.library_service - INFO - Added document beeae125-cefd-496c-ad41-fe92040e31a9 with 1000 chunks to corpus 806c13c2-01af-4ef3-9094-6bab514d631e
INFO:     127.0.0.1:41536 - "POST /v1/libraries/806c13c2-01af-4ef3-9094-6bab514d631e/documents/with-embeddings HTTP/1.1" 201 Created
2026-02-07 00:29:26 - app.services.library_service - INFO - Adding document 'batch_476' with 1000 pre-computed chunks to corpus 806c13c2-01af-4ef3-9094-6bab514d631e
2026-02-07 00:36:26 - infrastructure.repositories.library_repository - INFO - Publishing event document.added to event bus
2026-02-07 00:36:26 - infrastructure.repositories.library_repository - INFO - Event document.added queued successfully
2026-02-07 00:36:26 - app.services.library_service - INFO - Added document 9d908dba-1afe-4b3d-b034-6c037d65975f with 1000 chunks to corpus 806c13c2-01af-4ef3-9094-6bab514d631e
INFO:     127.0.0.1:41536 - "POST /v1/libraries/806c13c2-01af-4ef3-9094-6bab514d631e/documents/with-embeddings HTTP/1.1" 201 Created
2026-02-07 00:36:29 - app.services.library_service - INFO - Adding document 'batch_477' with 1000 pre-computed chunks to corpus 806c13c2-01af-4ef3-9094-6bab514d631e
2026-02-07 00:43:29 - infrastructure.repositories.library_repository - INFO - Publishing event document.added to event bus
2026-02-07 00:43:29 - infrastructure.repositories.library_repository - INFO - Event document.added queued successfully
2026-02-07 00:43:29 - app.services.library_service - INFO - Added document d443a52b-ff48-42aa-9f78-5a14a524bb79 with 1000 chunks to corpus 806c13c2-01af-4ef3-9094-6bab514d631e
INFO:     127.0.0.1:41536 - "POST /v1/libraries/806c13c2-01af-4ef3-9094-6bab514d631e/documents/with-embeddings HTTP/1.1" 201 Created
2026-02-07 00:43:31 - app.services.library_service - INFO - Adding document 'batch_478' with 1000 pre-computed chunks to corpus 806c13c2-01af-4ef3-9094-6bab514d631e
2026-02-07 00:50:32 - infrastructure.repositories.library_repository - INFO - Publishing event document.added to event bus
2026-02-07 00:50:32 - infrastructure.repositories.library_repository - INFO - Event document.added queued successfully
2026-02-07 00:50:32 - app.services.library_service - INFO - Added document 312786a7-b8a5-4e33-9d1d-3f2cfa4eb897 with 1000 chunks to corpus 806c13c2-01af-4ef3-9094-6bab514d631e
INFO:     127.0.0.1:41536 - "POST /v1/libraries/806c13c2-01af-4ef3-9094-6bab514d631e/documents/with-embeddings HTTP/1.1" 201 Created
2026-02-07 00:50:34 - app.services.library_service - INFO - Adding document 'batch_479' with 1000 pre-computed chunks to corpus 806c13c2-01af-4ef3-9094-6bab514d631e
2026-02-07 00:57:35 - infrastructure.repositories.library_repository - INFO - Publishing event document.added to event bus
2026-02-07 00:57:35 - infrastructure.repositories.library_repository - INFO - Event document.added queued successfully
2026-02-07 00:57:35 - app.services.library_service - INFO - Added document 05b90a36-284c-4fea-a5c0-6554264dc549 with 1000 chunks to corpus 806c13c2-01af-4ef3-9094-6bab514d631e
INFO:     127.0.0.1:41536 - "POST /v1/libraries/806c13c2-01af-4ef3-9094-6bab514d631e/documents/with-embeddings HTTP/1.1" 201 Created
2026-02-07 00:57:37 - app.services.library_service - INFO - Adding document 'batch_480' with 1000 pre-computed chunks to corpus 806c13c2-01af-4ef3-9094-6bab514d631e
2026-02-07 01:04:39 - infrastructure.repositories.library_repository - INFO - Publishing event document.added to event bus
2026-02-07 01:04:39 - infrastructure.repositories.library_repository - INFO - Event document.added queued successfully
2026-02-07 01:04:39 - app.services.library_service - INFO - Added document 9749681f-2d83-4968-8572-aecb507c3d91 with 1000 chunks to corpus 806c13c2-01af-4ef3-9094-6bab514d631e
INFO:     127.0.0.1:41536 - "POST /v1/libraries/806c13c2-01af-4ef3-9094-6bab514d631e/documents/with-embeddings HTTP/1.1" 201 Created
2026-02-07 01:04:41 - app.services.library_service - INFO - Adding document 'batch_481' with 1000 pre-computed chunks to corpus 806c13c2-01af-4ef3-9094-6bab514d631e
2026-02-07 01:11:41 - infrastructure.repositories.library_repository - INFO - Publishing event document.added to event bus
2026-02-07 01:11:41 - infrastructure.repositories.library_repository - INFO - Event document.added queued successfully
2026-02-07 01:11:41 - app.services.library_service - INFO - Added document 1c3cf239-506f-4d12-b62e-8029a6ed5b58 with 1000 chunks to corpus 806c13c2-01af-4ef3-9094-6bab514d631e
INFO:     127.0.0.1:41536 - "POST /v1/libraries/806c13c2-01af-4ef3-9094-6bab514d631e/documents/with-embeddings HTTP/1.1" 201 Created
2026-02-07 01:11:44 - app.services.library_service - INFO - Adding document 'batch_482' with 1000 pre-computed chunks to corpus 806c13c2-01af-4ef3-9094-6bab514d631e
2026-02-07 01:18:42 - infrastructure.repositories.library_repository - INFO - Publishing event document.added to event bus
2026-02-07 01:18:42 - infrastructure.repositories.library_repository - INFO - Event document.added queued successfully
2026-02-07 01:18:42 - app.services.library_service - INFO - Added document 3fd27b85-4853-47e7-b721-8355fe45367f with 1000 chunks to corpus 806c13c2-01af-4ef3-9094-6bab514d631e
INFO:     127.0.0.1:41536 - "POST /v1/libraries/806c13c2-01af-4ef3-9094-6bab514d631e/documents/with-embeddings HTTP/1.1" 201 Created
2026-02-07 01:18:45 - app.services.library_service - INFO - Adding document 'batch_483' with 1000 pre-computed chunks to corpus 806c13c2-01af-4ef3-9094-6bab514d631e
2026-02-07 01:25:45 - infrastructure.repositories.library_repository - INFO - Publishing event document.added to event bus
2026-02-07 01:25:45 - infrastructure.repositories.library_repository - INFO - Event document.added queued successfully
2026-02-07 01:25:45 - app.services.library_service - INFO - Added document 8519e96e-6dd3-48be-8962-1ebfbbd4ac10 with 1000 chunks to corpus 806c13c2-01af-4ef3-9094-6bab514d631e
INFO:     127.0.0.1:41536 - "POST /v1/libraries/806c13c2-01af-4ef3-9094-6bab514d631e/documents/with-embeddings HTTP/1.1" 201 Created
2026-02-07 01:25:47 - app.services.library_service - INFO - Adding document 'batch_484' with 1000 pre-computed chunks to corpus 806c13c2-01af-4ef3-9094-6bab514d631e
2026-02-07 01:32:46 - infrastructure.repositories.library_repository - INFO - Publishing event document.added to event bus
2026-02-07 01:32:46 - infrastructure.repositories.library_repository - INFO - Event document.added queued successfully
2026-02-07 01:32:46 - app.services.library_service - INFO - Added document c9ab0585-6441-48fe-92d1-36ee5d2566b8 with 1000 chunks to corpus 806c13c2-01af-4ef3-9094-6bab514d631e
INFO:     127.0.0.1:41536 - "POST /v1/libraries/806c13c2-01af-4ef3-9094-6bab514d631e/documents/with-embeddings HTTP/1.1" 201 Created
2026-02-07 01:32:49 - app.services.library_service - INFO - Adding document 'batch_485' with 1000 pre-computed chunks to corpus 806c13c2-01af-4ef3-9094-6bab514d631e
2026-02-07 01:39:48 - infrastructure.repositories.library_repository - INFO - Publishing event document.added to event bus
2026-02-07 01:39:48 - infrastructure.repositories.library_repository - INFO - Event document.added queued successfully
2026-02-07 01:39:48 - app.services.library_service - INFO - Added document 3f2c5207-77c7-44f7-b9bf-c8bb61ad5175 with 1000 chunks to corpus 806c13c2-01af-4ef3-9094-6bab514d631e
INFO:     127.0.0.1:41536 - "POST /v1/libraries/806c13c2-01af-4ef3-9094-6bab514d631e/documents/with-embeddings HTTP/1.1" 201 Created
2026-02-07 01:39:50 - app.services.library_service - INFO - Adding document 'batch_486' with 1000 pre-computed chunks to corpus 806c13c2-01af-4ef3-9094-6bab514d631e
2026-02-07 01:46:50 - infrastructure.repositories.library_repository - INFO - Publishing event document.added to event bus
2026-02-07 01:46:50 - infrastructure.repositories.library_repository - INFO - Event document.added queued successfully
2026-02-07 01:46:50 - app.services.library_service - INFO - Added document 5db36287-928f-4f26-b282-0665a8eb8769 with 1000 chunks to corpus 806c13c2-01af-4ef3-9094-6bab514d631e
INFO:     127.0.0.1:41536 - "POST /v1/libraries/806c13c2-01af-4ef3-9094-6bab514d631e/documents/with-embeddings HTTP/1.1" 201 Created
2026-02-07 01:46:53 - app.services.library_service - INFO - Adding document 'batch_487' with 1000 pre-computed chunks to corpus 806c13c2-01af-4ef3-9094-6bab514d631e
2026-02-07 01:53:51 - infrastructure.repositories.library_repository - INFO - Publishing event document.added to event bus
2026-02-07 01:53:51 - infrastructure.repositories.library_repository - INFO - Event document.added queued successfully
2026-02-07 01:53:51 - app.services.library_service - INFO - Added document d77d4029-87d3-47f6-bbd5-83229574f9df with 1000 chunks to corpus 806c13c2-01af-4ef3-9094-6bab514d631e
INFO:     127.0.0.1:41536 - "POST /v1/libraries/806c13c2-01af-4ef3-9094-6bab514d631e/documents/with-embeddings HTTP/1.1" 201 Created
2026-02-07 01:53:53 - app.services.library_service - INFO - Adding document 'batch_488' with 1000 pre-computed chunks to corpus 806c13c2-01af-4ef3-9094-6bab514d631e
2026-02-07 02:00:54 - infrastructure.repositories.library_repository - INFO - Publishing event document.added to event bus
2026-02-07 02:00:54 - infrastructure.repositories.library_repository - INFO - Event document.added queued successfully
2026-02-07 02:00:54 - app.services.library_service - INFO - Added document b8f46a02-f6d9-4d62-828b-aec2699f9e28 with 1000 chunks to corpus 806c13c2-01af-4ef3-9094-6bab514d631e
INFO:     127.0.0.1:41536 - "POST /v1/libraries/806c13c2-01af-4ef3-9094-6bab514d631e/documents/with-embeddings HTTP/1.1" 201 Created
2026-02-07 02:00:56 - app.services.library_service - INFO - Adding document 'batch_489' with 1000 pre-computed chunks to corpus 806c13c2-01af-4ef3-9094-6bab514d631e
2026-02-07 02:07:55 - infrastructure.repositories.library_repository - INFO - Publishing event document.added to event bus
2026-02-07 02:07:55 - infrastructure.repositories.library_repository - INFO - Event document.added queued successfully
2026-02-07 02:07:55 - app.services.library_service - INFO - Added document e585c007-97b5-4a87-a81e-1a92577fa84d with 1000 chunks to corpus 806c13c2-01af-4ef3-9094-6bab514d631e
INFO:     127.0.0.1:41536 - "POST /v1/libraries/806c13c2-01af-4ef3-9094-6bab514d631e/documents/with-embeddings HTTP/1.1" 201 Created
2026-02-07 02:07:58 - app.services.library_service - INFO - Adding document 'batch_490' with 1000 pre-computed chunks to corpus 806c13c2-01af-4ef3-9094-6bab514d631e
2026-02-07 02:15:00 - infrastructure.repositories.library_repository - INFO - Publishing event document.added to event bus
2026-02-07 02:15:00 - infrastructure.repositories.library_repository - INFO - Event document.added queued successfully
2026-02-07 02:15:00 - app.services.library_service - INFO - Added document 8beadfa7-9813-44be-bdb4-435034b22520 with 1000 chunks to corpus 806c13c2-01af-4ef3-9094-6bab514d631e
INFO:     127.0.0.1:41536 - "POST /v1/libraries/806c13c2-01af-4ef3-9094-6bab514d631e/documents/with-embeddings HTTP/1.1" 201 Created
2026-02-07 02:15:02 - app.services.library_service - INFO - Adding document 'batch_491' with 1000 pre-computed chunks to corpus 806c13c2-01af-4ef3-9094-6bab514d631e
2026-02-07 02:22:03 - infrastructure.repositories.library_repository - INFO - Publishing event document.added to event bus
2026-02-07 02:22:03 - infrastructure.repositories.library_repository - INFO - Event document.added queued successfully
2026-02-07 02:22:03 - app.services.library_service - INFO - Added document d14611a1-62cc-4983-8e5d-9dae3f8b9602 with 1000 chunks to corpus 806c13c2-01af-4ef3-9094-6bab514d631e
INFO:     127.0.0.1:41536 - "POST /v1/libraries/806c13c2-01af-4ef3-9094-6bab514d631e/documents/with-embeddings HTTP/1.1" 201 Created
2026-02-07 02:22:05 - app.services.library_service - INFO - Adding document 'batch_492' with 1000 pre-computed chunks to corpus 806c13c2-01af-4ef3-9094-6bab514d631e
2026-02-07 02:29:08 - infrastructure.repositories.library_repository - INFO - Publishing event document.added to event bus
2026-02-07 02:29:08 - infrastructure.repositories.library_repository - INFO - Event document.added queued successfully
2026-02-07 02:29:08 - app.services.library_service - INFO - Added document 70668017-7053-44eb-9d9a-537ad50996ac with 1000 chunks to corpus 806c13c2-01af-4ef3-9094-6bab514d631e
INFO:     127.0.0.1:41536 - "POST /v1/libraries/806c13c2-01af-4ef3-9094-6bab514d631e/documents/with-embeddings HTTP/1.1" 201 Created
2026-02-07 02:29:10 - app.services.library_service - INFO - Adding document 'batch_493' with 1000 pre-computed chunks to corpus 806c13c2-01af-4ef3-9094-6bab514d631e
2026-02-07 02:36:17 - infrastructure.repositories.library_repository - INFO - Publishing event document.added to event bus
2026-02-07 02:36:17 - infrastructure.repositories.library_repository - INFO - Event document.added queued successfully
2026-02-07 02:36:17 - app.services.library_service - INFO - Added document f445aac6-e3e3-4671-af18-fbb750dcbae1 with 1000 chunks to corpus 806c13c2-01af-4ef3-9094-6bab514d631e
INFO:     127.0.0.1:41536 - "POST /v1/libraries/806c13c2-01af-4ef3-9094-6bab514d631e/documents/with-embeddings HTTP/1.1" 201 Created
2026-02-07 02:36:20 - app.services.library_service - INFO - Adding document 'batch_494' with 1000 pre-computed chunks to corpus 806c13c2-01af-4ef3-9094-6bab514d631e
2026-02-07 02:43:20 - infrastructure.repositories.library_repository - INFO - Publishing event document.added to event bus
2026-02-07 02:43:20 - infrastructure.repositories.library_repository - INFO - Event document.added queued successfully
2026-02-07 02:43:20 - app.services.library_service - INFO - Added document c5605812-4680-4612-9ad0-c002fd285455 with 1000 chunks to corpus 806c13c2-01af-4ef3-9094-6bab514d631e
INFO:     127.0.0.1:41536 - "POST /v1/libraries/806c13c2-01af-4ef3-9094-6bab514d631e/documents/with-embeddings HTTP/1.1" 201 Created
2026-02-07 02:43:22 - app.services.library_service - INFO - Adding document 'batch_495' with 1000 pre-computed chunks to corpus 806c13c2-01af-4ef3-9094-6bab514d631e
2026-02-07 02:50:24 - infrastructure.repositories.library_repository - INFO - Publishing event document.added to event bus
2026-02-07 02:50:24 - infrastructure.repositories.library_repository - INFO - Event document.added queued successfully
2026-02-07 02:50:24 - app.services.library_service - INFO - Added document 31a77d92-d492-4e68-8acd-7105475d8bb3 with 1000 chunks to corpus 806c13c2-01af-4ef3-9094-6bab514d631e
INFO:     127.0.0.1:41536 - "POST /v1/libraries/806c13c2-01af-4ef3-9094-6bab514d631e/documents/with-embeddings HTTP/1.1" 201 Created
2026-02-07 02:50:27 - app.services.library_service - INFO - Adding document 'batch_496' with 1000 pre-computed chunks to corpus 806c13c2-01af-4ef3-9094-6bab514d631e
2026-02-07 02:57:26 - infrastructure.repositories.library_repository - INFO - Publishing event document.added to event bus
2026-02-07 02:57:26 - infrastructure.repositories.library_repository - INFO - Event document.added queued successfully
2026-02-07 02:57:26 - app.services.library_service - INFO - Added document 11496219-f89b-4f0f-8349-d7a160185257 with 1000 chunks to corpus 806c13c2-01af-4ef3-9094-6bab514d631e
INFO:     127.0.0.1:41536 - "POST /v1/libraries/806c13c2-01af-4ef3-9094-6bab514d631e/documents/with-embeddings HTTP/1.1" 201 Created
2026-02-07 02:57:28 - app.services.library_service - INFO - Adding document 'batch_497' with 1000 pre-computed chunks to corpus 806c13c2-01af-4ef3-9094-6bab514d631e
2026-02-07 03:04:30 - infrastructure.repositories.library_repository - INFO - Publishing event document.added to event bus
2026-02-07 03:04:30 - infrastructure.repositories.library_repository - INFO - Event document.added queued successfully
2026-02-07 03:04:30 - app.services.library_service - INFO - Added document 5ac54ac2-902b-4dcf-81c5-56c6227c6e7c with 1000 chunks to corpus 806c13c2-01af-4ef3-9094-6bab514d631e
INFO:     127.0.0.1:41536 - "POST /v1/libraries/806c13c2-01af-4ef3-9094-6bab514d631e/documents/with-embeddings HTTP/1.1" 201 Created
2026-02-07 03:04:32 - app.services.library_service - INFO - Adding document 'batch_498' with 1000 pre-computed chunks to corpus 806c13c2-01af-4ef3-9094-6bab514d631e
2026-02-07 03:11:32 - infrastructure.repositories.library_repository - INFO - Publishing event document.added to event bus
2026-02-07 03:11:32 - infrastructure.repositories.library_repository - INFO - Event document.added queued successfully
2026-02-07 03:11:32 - app.services.library_service - INFO - Added document 37d9f498-0fc5-4c2e-9c66-2e02f09dda73 with 1000 chunks to corpus 806c13c2-01af-4ef3-9094-6bab514d631e
INFO:     127.0.0.1:41536 - "POST /v1/libraries/806c13c2-01af-4ef3-9094-6bab514d631e/documents/with-embeddings HTTP/1.1" 201 Created
2026-02-07 03:11:34 - app.services.library_service - INFO - Adding document 'batch_499' with 1000 pre-computed chunks to corpus 806c13c2-01af-4ef3-9094-6bab514d631e
2026-02-07 03:18:33 - infrastructure.repositories.library_repository - INFO - Publishing event document.added to event bus
2026-02-07 03:18:33 - infrastructure.repositories.library_repository - INFO - Event document.added queued successfully
2026-02-07 03:18:33 - app.services.library_service - INFO - Added document e5f627e6-adeb-4a9e-be06-742cefde4cec with 1000 chunks to corpus 806c13c2-01af-4ef3-9094-6bab514d631e
INFO:     127.0.0.1:41536 - "POST /v1/libraries/806c13c2-01af-4ef3-9094-6bab514d631e/documents/with-embeddings HTTP/1.1" 201 Created
2026-02-07 03:18:35 - app.services.library_service - INFO - Adding document 'batch_500' with 1000 pre-computed chunks to corpus 806c13c2-01af-4ef3-9094-6bab514d631e
2026-02-07 03:25:33 - infrastructure.repositories.library_repository - INFO - Publishing event document.added to event bus
2026-02-07 03:25:33 - infrastructure.repositories.library_repository - INFO - Event document.added queued successfully
2026-02-07 03:25:33 - app.services.library_service - INFO - Added document 1bace432-e277-4259-9097-804f310b859e with 1000 chunks to corpus 806c13c2-01af-4ef3-9094-6bab514d631e
INFO:     127.0.0.1:41536 - "POST /v1/libraries/806c13c2-01af-4ef3-9094-6bab514d631e/documents/with-embeddings HTTP/1.1" 201 Created
2026-02-07 03:25:36 - app.services.library_service - INFO - Adding document 'batch_501' with 1000 pre-computed chunks to corpus 806c13c2-01af-4ef3-9094-6bab514d631e
2026-02-07 03:32:37 - infrastructure.repositories.library_repository - INFO - Publishing event document.added to event bus
2026-02-07 03:32:37 - infrastructure.repositories.library_repository - INFO - Event document.added queued successfully
2026-02-07 03:32:37 - app.services.library_service - INFO - Added document b4c31e30-5962-4bdc-9066-6807be62b48a with 1000 chunks to corpus 806c13c2-01af-4ef3-9094-6bab514d631e
INFO:     127.0.0.1:41536 - "POST /v1/libraries/806c13c2-01af-4ef3-9094-6bab514d631e/documents/with-embeddings HTTP/1.1" 201 Created
2026-02-07 03:32:39 - app.services.library_service - INFO - Adding document 'batch_502' with 1000 pre-computed chunks to corpus 806c13c2-01af-4ef3-9094-6bab514d631e
2026-02-07 03:39:41 - infrastructure.repositories.library_repository - INFO - Publishing event document.added to event bus
2026-02-07 03:39:41 - infrastructure.repositories.library_repository - INFO - Event document.added queued successfully
2026-02-07 03:39:41 - app.services.library_service - INFO - Added document f36b6e51-0463-4f3f-968d-1cd1645a8db0 with 1000 chunks to corpus 806c13c2-01af-4ef3-9094-6bab514d631e
INFO:     127.0.0.1:41536 - "POST /v1/libraries/806c13c2-01af-4ef3-9094-6bab514d631e/documents/with-embeddings HTTP/1.1" 201 Created
2026-02-07 03:39:43 - app.services.library_service - INFO - Adding document 'batch_503' with 1000 pre-computed chunks to corpus 806c13c2-01af-4ef3-9094-6bab514d631e
2026-02-07 03:46:43 - infrastructure.repositories.library_repository - INFO - Publishing event document.added to event bus
2026-02-07 03:46:43 - infrastructure.repositories.library_repository - INFO - Event document.added queued successfully
2026-02-07 03:46:43 - app.services.library_service - INFO - Added document 69e4da96-d899-4d76-8a7f-85395d5a2226 with 1000 chunks to corpus 806c13c2-01af-4ef3-9094-6bab514d631e
INFO:     127.0.0.1:41536 - "POST /v1/libraries/806c13c2-01af-4ef3-9094-6bab514d631e/documents/with-embeddings HTTP/1.1" 201 Created
2026-02-07 03:46:45 - app.services.library_service - INFO - Adding document 'batch_504' with 1000 pre-computed chunks to corpus 806c13c2-01af-4ef3-9094-6bab514d631e
2026-02-07 03:53:47 - infrastructure.repositories.library_repository - INFO - Publishing event document.added to event bus
2026-02-07 03:53:47 - infrastructure.repositories.library_repository - INFO - Event document.added queued successfully
2026-02-07 03:53:47 - app.services.library_service - INFO - Added document 922bd7be-8898-4f2a-ab2a-897d8c931ff4 with 1000 chunks to corpus 806c13c2-01af-4ef3-9094-6bab514d631e
INFO:     127.0.0.1:41536 - "POST /v1/libraries/806c13c2-01af-4ef3-9094-6bab514d631e/documents/with-embeddings HTTP/1.1" 201 Created
2026-02-07 03:53:49 - app.services.library_service - INFO - Adding document 'batch_505' with 1000 pre-computed chunks to corpus 806c13c2-01af-4ef3-9094-6bab514d631e
2026-02-07 04:00:50 - infrastructure.repositories.library_repository - INFO - Publishing event document.added to event bus
2026-02-07 04:00:50 - infrastructure.repositories.library_repository - INFO - Event document.added queued successfully
2026-02-07 04:00:50 - app.services.library_service - INFO - Added document e7d845ef-e0c0-4474-907a-0660284905fb with 1000 chunks to corpus 806c13c2-01af-4ef3-9094-6bab514d631e
INFO:     127.0.0.1:41536 - "POST /v1/libraries/806c13c2-01af-4ef3-9094-6bab514d631e/documents/with-embeddings HTTP/1.1" 201 Created
2026-02-07 04:00:52 - app.services.library_service - INFO - Adding document 'batch_506' with 1000 pre-computed chunks to corpus 806c13c2-01af-4ef3-9094-6bab514d631e
2026-02-07 04:07:53 - infrastructure.repositories.library_repository - INFO - Publishing event document.added to event bus
2026-02-07 04:07:53 - infrastructure.repositories.library_repository - INFO - Event document.added queued successfully
2026-02-07 04:07:53 - app.services.library_service - INFO - Added document dac4b3c3-3334-4df9-a1af-80b772e3a39a with 1000 chunks to corpus 806c13c2-01af-4ef3-9094-6bab514d631e
INFO:     127.0.0.1:41536 - "POST /v1/libraries/806c13c2-01af-4ef3-9094-6bab514d631e/documents/with-embeddings HTTP/1.1" 201 Created
2026-02-07 04:07:55 - app.services.library_service - INFO - Adding document 'batch_507' with 1000 pre-computed chunks to corpus 806c13c2-01af-4ef3-9094-6bab514d631e
2026-02-07 04:14:56 - infrastructure.repositories.library_repository - INFO - Publishing event document.added to event bus
2026-02-07 04:14:56 - infrastructure.repositories.library_repository - INFO - Event document.added queued successfully
2026-02-07 04:14:56 - app.services.library_service - INFO - Added document 8d3db55f-1644-4bdf-8810-e4337e42cbbb with 1000 chunks to corpus 806c13c2-01af-4ef3-9094-6bab514d631e
INFO:     127.0.0.1:41536 - "POST /v1/libraries/806c13c2-01af-4ef3-9094-6bab514d631e/documents/with-embeddings HTTP/1.1" 201 Created
2026-02-07 04:14:58 - app.services.library_service - INFO - Adding document 'batch_508' with 1000 pre-computed chunks to corpus 806c13c2-01af-4ef3-9094-6bab514d631e
2026-02-07 04:21:59 - infrastructure.repositories.library_repository - INFO - Publishing event document.added to event bus
2026-02-07 04:21:59 - infrastructure.repositories.library_repository - INFO - Event document.added queued successfully
2026-02-07 04:21:59 - app.services.library_service - INFO - Added document 7deb33ae-ddf2-4525-9605-e3f0d2fedaa5 with 1000 chunks to corpus 806c13c2-01af-4ef3-9094-6bab514d631e
INFO:     127.0.0.1:41536 - "POST /v1/libraries/806c13c2-01af-4ef3-9094-6bab514d631e/documents/with-embeddings HTTP/1.1" 201 Created
2026-02-07 04:22:01 - app.services.library_service - INFO - Adding document 'batch_509' with 1000 pre-computed chunks to corpus 806c13c2-01af-4ef3-9094-6bab514d631e
2026-02-07 04:29:03 - infrastructure.repositories.library_repository - INFO - Publishing event document.added to event bus
2026-02-07 04:29:03 - infrastructure.repositories.library_repository - INFO - Event document.added queued successfully
2026-02-07 04:29:03 - app.services.library_service - INFO - Added document bccb6efd-042c-4bb0-ae81-bc1d524e81c1 with 1000 chunks to corpus 806c13c2-01af-4ef3-9094-6bab514d631e
INFO:     127.0.0.1:41536 - "POST /v1/libraries/806c13c2-01af-4ef3-9094-6bab514d631e/documents/with-embeddings HTTP/1.1" 201 Created
2026-02-07 04:29:06 - app.services.library_service - INFO - Adding document 'batch_510' with 1000 pre-computed chunks to corpus 806c13c2-01af-4ef3-9094-6bab514d631e
2026-02-07 04:36:06 - infrastructure.repositories.library_repository - INFO - Publishing event document.added to event bus
2026-02-07 04:36:06 - infrastructure.repositories.library_repository - INFO - Event document.added queued successfully
2026-02-07 04:36:06 - app.services.library_service - INFO - Added document 488311e5-69fa-4d86-8a47-f7e38039ece0 with 1000 chunks to corpus 806c13c2-01af-4ef3-9094-6bab514d631e
INFO:     127.0.0.1:41536 - "POST /v1/libraries/806c13c2-01af-4ef3-9094-6bab514d631e/documents/with-embeddings HTTP/1.1" 201 Created
2026-02-07 04:36:08 - app.services.library_service - INFO - Adding document 'batch_511' with 1000 pre-computed chunks to corpus 806c13c2-01af-4ef3-9094-6bab514d631e
2026-02-07 04:43:11 - infrastructure.repositories.library_repository - INFO - Publishing event document.added to event bus
2026-02-07 04:43:11 - infrastructure.repositories.library_repository - INFO - Event document.added queued successfully
2026-02-07 04:43:11 - app.services.library_service - INFO - Added document df77d2c2-7c72-4758-96da-8a812778c55f with 1000 chunks to corpus 806c13c2-01af-4ef3-9094-6bab514d631e
INFO:     127.0.0.1:41536 - "POST /v1/libraries/806c13c2-01af-4ef3-9094-6bab514d631e/documents/with-embeddings HTTP/1.1" 201 Created
2026-02-07 04:43:13 - app.services.library_service - INFO - Adding document 'batch_512' with 1000 pre-computed chunks to corpus 806c13c2-01af-4ef3-9094-6bab514d631e
2026-02-07 04:50:15 - infrastructure.repositories.library_repository - INFO - Publishing event document.added to event bus
2026-02-07 04:50:15 - infrastructure.repositories.library_repository - INFO - Event document.added queued successfully
2026-02-07 04:50:15 - app.services.library_service - INFO - Added document fcff8b9f-2322-4032-8d7c-601b030b9b45 with 1000 chunks to corpus 806c13c2-01af-4ef3-9094-6bab514d631e
INFO:     127.0.0.1:41536 - "POST /v1/libraries/806c13c2-01af-4ef3-9094-6bab514d631e/documents/with-embeddings HTTP/1.1" 201 Created
2026-02-07 04:50:17 - app.services.library_service - INFO - Adding document 'batch_513' with 1000 pre-computed chunks to corpus 806c13c2-01af-4ef3-9094-6bab514d631e
2026-02-07 04:57:18 - infrastructure.repositories.library_repository - INFO - Publishing event document.added to event bus
2026-02-07 04:57:18 - infrastructure.repositories.library_repository - INFO - Event document.added queued successfully
2026-02-07 04:57:18 - app.services.library_service - INFO - Added document bd49155d-5e0d-43ad-b447-80cf6752aeed with 1000 chunks to corpus 806c13c2-01af-4ef3-9094-6bab514d631e
INFO:     127.0.0.1:41536 - "POST /v1/libraries/806c13c2-01af-4ef3-9094-6bab514d631e/documents/with-embeddings HTTP/1.1" 201 Created
2026-02-07 04:57:21 - app.services.library_service - INFO - Adding document 'batch_514' with 1000 pre-computed chunks to corpus 806c13c2-01af-4ef3-9094-6bab514d631e
2026-02-07 05:04:23 - infrastructure.repositories.library_repository - INFO - Publishing event document.added to event bus
2026-02-07 05:04:23 - infrastructure.repositories.library_repository - INFO - Event document.added queued successfully
2026-02-07 05:04:23 - app.services.library_service - INFO - Added document 2e2c2a27-fee9-4189-8a7f-476faccac21c with 1000 chunks to corpus 806c13c2-01af-4ef3-9094-6bab514d631e
INFO:     127.0.0.1:41536 - "POST /v1/libraries/806c13c2-01af-4ef3-9094-6bab514d631e/documents/with-embeddings HTTP/1.1" 201 Created
2026-02-07 05:04:25 - app.services.library_service - INFO - Adding document 'batch_515' with 1000 pre-computed chunks to corpus 806c13c2-01af-4ef3-9094-6bab514d631e
2026-02-07 05:11:26 - infrastructure.repositories.library_repository - INFO - Publishing event document.added to event bus
2026-02-07 05:11:26 - infrastructure.repositories.library_repository - INFO - Event document.added queued successfully
2026-02-07 05:11:26 - app.services.library_service - INFO - Added document 4a8571dc-9d74-4d3f-8349-f10e0bf96c6e with 1000 chunks to corpus 806c13c2-01af-4ef3-9094-6bab514d631e
INFO:     127.0.0.1:41536 - "POST /v1/libraries/806c13c2-01af-4ef3-9094-6bab514d631e/documents/with-embeddings HTTP/1.1" 201 Created
2026-02-07 05:11:28 - app.services.library_service - INFO - Adding document 'batch_516' with 1000 pre-computed chunks to corpus 806c13c2-01af-4ef3-9094-6bab514d631e
2026-02-07 05:18:29 - infrastructure.repositories.library_repository - INFO - Publishing event document.added to event bus
2026-02-07 05:18:29 - infrastructure.repositories.library_repository - INFO - Event document.added queued successfully
2026-02-07 05:18:29 - app.services.library_service - INFO - Added document 4518fd5d-3f35-437b-82bd-8d5fef3845f9 with 1000 chunks to corpus 806c13c2-01af-4ef3-9094-6bab514d631e
INFO:     127.0.0.1:41536 - "POST /v1/libraries/806c13c2-01af-4ef3-9094-6bab514d631e/documents/with-embeddings HTTP/1.1" 201 Created
2026-02-07 05:18:31 - app.services.library_service - INFO - Adding document 'batch_517' with 1000 pre-computed chunks to corpus 806c13c2-01af-4ef3-9094-6bab514d631e
2026-02-07 05:25:33 - infrastructure.repositories.library_repository - INFO - Publishing event document.added to event bus
2026-02-07 05:25:33 - infrastructure.repositories.library_repository - INFO - Event document.added queued successfully
2026-02-07 05:25:33 - app.services.library_service - INFO - Added document 0fb60cf5-5fc0-4421-b343-667b0d3e5d15 with 1000 chunks to corpus 806c13c2-01af-4ef3-9094-6bab514d631e
INFO:     127.0.0.1:41536 - "POST /v1/libraries/806c13c2-01af-4ef3-9094-6bab514d631e/documents/with-embeddings HTTP/1.1" 201 Created
2026-02-07 05:25:35 - app.services.library_service - INFO - Adding document 'batch_518' with 1000 pre-computed chunks to corpus 806c13c2-01af-4ef3-9094-6bab514d631e
2026-02-07 05:32:38 - infrastructure.repositories.library_repository - INFO - Publishing event document.added to event bus
2026-02-07 05:32:38 - infrastructure.repositories.library_repository - INFO - Event document.added queued successfully
2026-02-07 05:32:38 - app.services.library_service - INFO - Added document 6e72f0e5-04a3-46a0-b10c-f32a5a1c100f with 1000 chunks to corpus 806c13c2-01af-4ef3-9094-6bab514d631e
INFO:     127.0.0.1:41536 - "POST /v1/libraries/806c13c2-01af-4ef3-9094-6bab514d631e/documents/with-embeddings HTTP/1.1" 201 Created
2026-02-07 05:32:41 - app.services.library_service - INFO - Adding document 'batch_519' with 1000 pre-computed chunks to corpus 806c13c2-01af-4ef3-9094-6bab514d631e
2026-02-07 05:39:42 - infrastructure.repositories.library_repository - INFO - Publishing event document.added to event bus
2026-02-07 05:39:42 - infrastructure.repositories.library_repository - INFO - Event document.added queued successfully
2026-02-07 05:39:42 - app.services.library_service - INFO - Added document 6db8df5f-0462-4c71-9509-96a7efd98043 with 1000 chunks to corpus 806c13c2-01af-4ef3-9094-6bab514d631e
INFO:     127.0.0.1:41536 - "POST /v1/libraries/806c13c2-01af-4ef3-9094-6bab514d631e/documents/with-embeddings HTTP/1.1" 201 Created
2026-02-07 05:39:44 - app.services.library_service - INFO - Adding document 'batch_520' with 1000 pre-computed chunks to corpus 806c13c2-01af-4ef3-9094-6bab514d631e
2026-02-07 05:46:45 - infrastructure.repositories.library_repository - INFO - Publishing event document.added to event bus
2026-02-07 05:46:45 - infrastructure.repositories.library_repository - INFO - Event document.added queued successfully
2026-02-07 05:46:45 - app.services.library_service - INFO - Added document f6a3852d-a92b-452a-8664-25b810411566 with 1000 chunks to corpus 806c13c2-01af-4ef3-9094-6bab514d631e
INFO:     127.0.0.1:41536 - "POST /v1/libraries/806c13c2-01af-4ef3-9094-6bab514d631e/documents/with-embeddings HTTP/1.1" 201 Created
2026-02-07 05:46:47 - app.services.library_service - INFO - Adding document 'batch_521' with 1000 pre-computed chunks to corpus 806c13c2-01af-4ef3-9094-6bab514d631e
2026-02-07 05:53:49 - infrastructure.repositories.library_repository - INFO - Publishing event document.added to event bus
2026-02-07 05:53:49 - infrastructure.repositories.library_repository - INFO - Event document.added queued successfully
2026-02-07 05:53:49 - app.services.library_service - INFO - Added document 72ab3aec-e51b-4cbc-aec4-de36ff84835d with 1000 chunks to corpus 806c13c2-01af-4ef3-9094-6bab514d631e
INFO:     127.0.0.1:41536 - "POST /v1/libraries/806c13c2-01af-4ef3-9094-6bab514d631e/documents/with-embeddings HTTP/1.1" 201 Created
2026-02-07 05:53:51 - app.services.library_service - INFO - Adding document 'batch_522' with 1000 pre-computed chunks to corpus 806c13c2-01af-4ef3-9094-6bab514d631e
2026-02-07 06:00:52 - infrastructure.repositories.library_repository - INFO - Publishing event document.added to event bus
2026-02-07 06:00:52 - infrastructure.repositories.library_repository - INFO - Event document.added queued successfully
2026-02-07 06:00:52 - app.services.library_service - INFO - Added document f790d3b6-ed4d-47d0-91fc-744162953623 with 1000 chunks to corpus 806c13c2-01af-4ef3-9094-6bab514d631e
INFO:     127.0.0.1:41536 - "POST /v1/libraries/806c13c2-01af-4ef3-9094-6bab514d631e/documents/with-embeddings HTTP/1.1" 201 Created
2026-02-07 06:00:54 - app.services.library_service - INFO - Adding document 'batch_523' with 1000 pre-computed chunks to corpus 806c13c2-01af-4ef3-9094-6bab514d631e
2026-02-07 06:07:55 - infrastructure.repositories.library_repository - INFO - Publishing event document.added to event bus
2026-02-07 06:07:55 - infrastructure.repositories.library_repository - INFO - Event document.added queued successfully
2026-02-07 06:07:55 - app.services.library_service - INFO - Added document d961ff02-2f3b-41e5-b095-64364982d403 with 1000 chunks to corpus 806c13c2-01af-4ef3-9094-6bab514d631e
INFO:     127.0.0.1:41536 - "POST /v1/libraries/806c13c2-01af-4ef3-9094-6bab514d631e/documents/with-embeddings HTTP/1.1" 201 Created
2026-02-07 06:07:57 - app.services.library_service - INFO - Adding document 'batch_524' with 1000 pre-computed chunks to corpus 806c13c2-01af-4ef3-9094-6bab514d631e
2026-02-07 06:15:00 - infrastructure.repositories.library_repository - INFO - Publishing event document.added to event bus
2026-02-07 06:15:00 - infrastructure.repositories.library_repository - INFO - Event document.added queued successfully
2026-02-07 06:15:00 - app.services.library_service - INFO - Added document 0b65f56f-f5e8-4f0d-97ae-5fa9dd7c987a with 1000 chunks to corpus 806c13c2-01af-4ef3-9094-6bab514d631e
INFO:     127.0.0.1:41536 - "POST /v1/libraries/806c13c2-01af-4ef3-9094-6bab514d631e/documents/with-embeddings HTTP/1.1" 201 Created
2026-02-07 06:15:02 - app.services.library_service - INFO - Adding document 'batch_525' with 1000 pre-computed chunks to corpus 806c13c2-01af-4ef3-9094-6bab514d631e
2026-02-07 06:22:04 - infrastructure.repositories.library_repository - INFO - Publishing event document.added to event bus
2026-02-07 06:22:04 - infrastructure.repositories.library_repository - INFO - Event document.added queued successfully
2026-02-07 06:22:04 - app.services.library_service - INFO - Added document 4f669192-916c-46f6-908f-db05c74969f3 with 1000 chunks to corpus 806c13c2-01af-4ef3-9094-6bab514d631e
INFO:     127.0.0.1:41536 - "POST /v1/libraries/806c13c2-01af-4ef3-9094-6bab514d631e/documents/with-embeddings HTTP/1.1" 201 Created
2026-02-07 06:22:06 - app.services.library_service - INFO - Adding document 'batch_526' with 1000 pre-computed chunks to corpus 806c13c2-01af-4ef3-9094-6bab514d631e
2026-02-07 06:29:11 - infrastructure.repositories.library_repository - INFO - Publishing event document.added to event bus
2026-02-07 06:29:11 - infrastructure.repositories.library_repository - INFO - Event document.added queued successfully
2026-02-07 06:29:11 - app.services.library_service - INFO - Added document 1e2311fc-79fd-47f2-9563-ab32a17f93e5 with 1000 chunks to corpus 806c13c2-01af-4ef3-9094-6bab514d631e
INFO:     127.0.0.1:41536 - "POST /v1/libraries/806c13c2-01af-4ef3-9094-6bab514d631e/documents/with-embeddings HTTP/1.1" 201 Created
2026-02-07 06:29:13 - app.services.library_service - INFO - Adding document 'batch_527' with 1000 pre-computed chunks to corpus 806c13c2-01af-4ef3-9094-6bab514d631e
2026-02-07 06:36:15 - infrastructure.repositories.library_repository - INFO - Publishing event document.added to event bus
2026-02-07 06:36:15 - infrastructure.repositories.library_repository - INFO - Event document.added queued successfully
2026-02-07 06:36:15 - app.services.library_service - INFO - Added document 9f999512-421a-4b3b-8715-7503cb84838d with 1000 chunks to corpus 806c13c2-01af-4ef3-9094-6bab514d631e
INFO:     127.0.0.1:41536 - "POST /v1/libraries/806c13c2-01af-4ef3-9094-6bab514d631e/documents/with-embeddings HTTP/1.1" 201 Created
2026-02-07 06:36:17 - app.services.library_service - INFO - Adding document 'batch_528' with 1000 pre-computed chunks to corpus 806c13c2-01af-4ef3-9094-6bab514d631e
2026-02-07 06:43:18 - infrastructure.repositories.library_repository - INFO - Publishing event document.added to event bus
2026-02-07 06:43:18 - infrastructure.repositories.library_repository - INFO - Event document.added queued successfully
2026-02-07 06:43:18 - app.services.library_service - INFO - Added document 62b6cd50-bd10-4f4f-a54f-1780a508b3d1 with 1000 chunks to corpus 806c13c2-01af-4ef3-9094-6bab514d631e
INFO:     127.0.0.1:41536 - "POST /v1/libraries/806c13c2-01af-4ef3-9094-6bab514d631e/documents/with-embeddings HTTP/1.1" 201 Created
2026-02-07 06:43:21 - app.services.library_service - INFO - Adding document 'batch_529' with 1000 pre-computed chunks to corpus 806c13c2-01af-4ef3-9094-6bab514d631e
2026-02-07 06:50:24 - infrastructure.repositories.library_repository - INFO - Publishing event document.added to event bus
2026-02-07 06:50:24 - infrastructure.repositories.library_repository - INFO - Event document.added queued successfully
2026-02-07 06:50:24 - app.services.library_service - INFO - Added document f9053ccd-366a-4b28-ac3c-fe7747b74426 with 1000 chunks to corpus 806c13c2-01af-4ef3-9094-6bab514d631e
INFO:     127.0.0.1:41536 - "POST /v1/libraries/806c13c2-01af-4ef3-9094-6bab514d631e/documents/with-embeddings HTTP/1.1" 201 Created
2026-02-07 06:50:26 - app.services.library_service - INFO - Adding document 'batch_530' with 1000 pre-computed chunks to corpus 806c13c2-01af-4ef3-9094-6bab514d631e
2026-02-07 06:57:28 - infrastructure.repositories.library_repository - INFO - Publishing event document.added to event bus
2026-02-07 06:57:28 - infrastructure.repositories.library_repository - INFO - Event document.added queued successfully
2026-02-07 06:57:28 - app.services.library_service - INFO - Added document 089dd742-351e-4d8f-941e-68fb0e6e8b91 with 1000 chunks to corpus 806c13c2-01af-4ef3-9094-6bab514d631e
INFO:     127.0.0.1:41536 - "POST /v1/libraries/806c13c2-01af-4ef3-9094-6bab514d631e/documents/with-embeddings HTTP/1.1" 201 Created
2026-02-07 06:57:30 - app.services.library_service - INFO - Adding document 'batch_531' with 1000 pre-computed chunks to corpus 806c13c2-01af-4ef3-9094-6bab514d631e
2026-02-07 07:04:30 - infrastructure.repositories.library_repository - INFO - Publishing event document.added to event bus
2026-02-07 07:04:30 - infrastructure.repositories.library_repository - INFO - Event document.added queued successfully
2026-02-07 07:04:30 - app.services.library_service - INFO - Added document 1d7b0a00-de11-443d-b4ef-d5d58d8eeb12 with 1000 chunks to corpus 806c13c2-01af-4ef3-9094-6bab514d631e
INFO:     127.0.0.1:41536 - "POST /v1/libraries/806c13c2-01af-4ef3-9094-6bab514d631e/documents/with-embeddings HTTP/1.1" 201 Created
2026-02-07 07:04:32 - app.services.library_service - INFO - Adding document 'batch_532' with 1000 pre-computed chunks to corpus 806c13c2-01af-4ef3-9094-6bab514d631e
2026-02-07 07:11:35 - infrastructure.repositories.library_repository - INFO - Publishing event document.added to event bus
2026-02-07 07:11:35 - infrastructure.repositories.library_repository - INFO - Event document.added queued successfully
2026-02-07 07:11:35 - app.services.library_service - INFO - Added document 156853d1-03c9-4b89-a5b1-5d6a442133c7 with 1000 chunks to corpus 806c13c2-01af-4ef3-9094-6bab514d631e
INFO:     127.0.0.1:41536 - "POST /v1/libraries/806c13c2-01af-4ef3-9094-6bab514d631e/documents/with-embeddings HTTP/1.1" 201 Created
2026-02-07 07:11:37 - app.services.library_service - INFO - Adding document 'batch_533' with 1000 pre-computed chunks to corpus 806c13c2-01af-4ef3-9094-6bab514d631e
2026-02-07 07:18:37 - infrastructure.repositories.library_repository - INFO - Publishing event document.added to event bus
2026-02-07 07:18:37 - infrastructure.repositories.library_repository - INFO - Event document.added queued successfully
2026-02-07 07:18:37 - app.services.library_service - INFO - Added document a1f2fa73-d2ca-4bb9-9153-ae3d476105aa with 1000 chunks to corpus 806c13c2-01af-4ef3-9094-6bab514d631e
INFO:     127.0.0.1:41536 - "POST /v1/libraries/806c13c2-01af-4ef3-9094-6bab514d631e/documents/with-embeddings HTTP/1.1" 201 Created
2026-02-07 07:18:40 - app.services.library_service - INFO - Adding document 'batch_534' with 1000 pre-computed chunks to corpus 806c13c2-01af-4ef3-9094-6bab514d631e
2026-02-07 07:25:40 - infrastructure.repositories.library_repository - INFO - Publishing event document.added to event bus
2026-02-07 07:25:40 - infrastructure.repositories.library_repository - INFO - Event document.added queued successfully
2026-02-07 07:25:40 - app.services.library_service - INFO - Added document bf62f121-3d33-4599-b45a-c31b40d73bcb with 1000 chunks to corpus 806c13c2-01af-4ef3-9094-6bab514d631e
INFO:     127.0.0.1:41536 - "POST /v1/libraries/806c13c2-01af-4ef3-9094-6bab514d631e/documents/with-embeddings HTTP/1.1" 201 Created
2026-02-07 07:25:42 - app.services.library_service - INFO - Adding document 'batch_535' with 1000 pre-computed chunks to corpus 806c13c2-01af-4ef3-9094-6bab514d631e
2026-02-07 07:32:40 - infrastructure.repositories.library_repository - INFO - Publishing event document.added to event bus
2026-02-07 07:32:40 - infrastructure.repositories.library_repository - INFO - Event document.added queued successfully
2026-02-07 07:32:40 - app.services.library_service - INFO - Added document 48d49b52-923e-42a7-b220-c1cbe0beb1b2 with 1000 chunks to corpus 806c13c2-01af-4ef3-9094-6bab514d631e
INFO:     127.0.0.1:41536 - "POST /v1/libraries/806c13c2-01af-4ef3-9094-6bab514d631e/documents/with-embeddings HTTP/1.1" 201 Created
2026-02-07 07:32:42 - app.services.library_service - INFO - Adding document 'batch_536' with 1000 pre-computed chunks to corpus 806c13c2-01af-4ef3-9094-6bab514d631e
2026-02-07 07:39:42 - infrastructure.repositories.library_repository - INFO - Publishing event document.added to event bus
2026-02-07 07:39:42 - infrastructure.repositories.library_repository - INFO - Event document.added queued successfully
2026-02-07 07:39:42 - app.services.library_service - INFO - Added document 418d7dcf-b958-4159-87ce-def2625691d8 with 1000 chunks to corpus 806c13c2-01af-4ef3-9094-6bab514d631e
INFO:     127.0.0.1:41536 - "POST /v1/libraries/806c13c2-01af-4ef3-9094-6bab514d631e/documents/with-embeddings HTTP/1.1" 201 Created
2026-02-07 07:39:44 - app.services.library_service - INFO - Adding document 'batch_537' with 1000 pre-computed chunks to corpus 806c13c2-01af-4ef3-9094-6bab514d631e
2026-02-07 07:46:46 - infrastructure.repositories.library_repository - INFO - Publishing event document.added to event bus
2026-02-07 07:46:46 - infrastructure.repositories.library_repository - INFO - Event document.added queued successfully
2026-02-07 07:46:46 - app.services.library_service - INFO - Added document be170992-49d1-491c-a455-934bb0bd3929 with 1000 chunks to corpus 806c13c2-01af-4ef3-9094-6bab514d631e
INFO:     127.0.0.1:41536 - "POST /v1/libraries/806c13c2-01af-4ef3-9094-6bab514d631e/documents/with-embeddings HTTP/1.1" 201 Created
2026-02-07 07:46:48 - app.services.library_service - INFO - Adding document 'batch_538' with 1000 pre-computed chunks to corpus 806c13c2-01af-4ef3-9094-6bab514d631e
2026-02-07 07:53:50 - infrastructure.repositories.library_repository - INFO - Publishing event document.added to event bus
2026-02-07 07:53:50 - infrastructure.repositories.library_repository - INFO - Event document.added queued successfully
2026-02-07 07:53:50 - app.services.library_service - INFO - Added document 0d4c56f3-a4bf-41c0-9213-997b3e372589 with 1000 chunks to corpus 806c13c2-01af-4ef3-9094-6bab514d631e
INFO:     127.0.0.1:41536 - "POST /v1/libraries/806c13c2-01af-4ef3-9094-6bab514d631e/documents/with-embeddings HTTP/1.1" 201 Created
2026-02-07 07:53:52 - app.services.library_service - INFO - Adding document 'batch_539' with 1000 pre-computed chunks to corpus 806c13c2-01af-4ef3-9094-6bab514d631e
2026-02-07 08:00:56 - infrastructure.repositories.library_repository - INFO - Publishing event document.added to event bus
2026-02-07 08:00:56 - infrastructure.repositories.library_repository - INFO - Event document.added queued successfully
2026-02-07 08:00:56 - app.services.library_service - INFO - Added document 1bfeef06-5d7c-4ea1-9d9e-d240c81fdd90 with 1000 chunks to corpus 806c13c2-01af-4ef3-9094-6bab514d631e
INFO:     127.0.0.1:41536 - "POST /v1/libraries/806c13c2-01af-4ef3-9094-6bab514d631e/documents/with-embeddings HTTP/1.1" 201 Created
2026-02-07 08:01:04 - app.services.library_service - INFO - Adding document 'batch_540' with 1000 pre-computed chunks to corpus 806c13c2-01af-4ef3-9094-6bab514d631e
2026-02-07 08:08:05 - infrastructure.repositories.library_repository - INFO - Publishing event document.added to event bus
2026-02-07 08:08:05 - infrastructure.repositories.library_repository - INFO - Event document.added queued successfully
2026-02-07 08:08:05 - app.services.library_service - INFO - Added document 7e635b6d-e892-4194-826d-f159d0e842f0 with 1000 chunks to corpus 806c13c2-01af-4ef3-9094-6bab514d631e
INFO:     127.0.0.1:41536 - "POST /v1/libraries/806c13c2-01af-4ef3-9094-6bab514d631e/documents/with-embeddings HTTP/1.1" 201 Created
2026-02-07 08:08:07 - app.services.library_service - INFO - Adding document 'batch_541' with 1000 pre-computed chunks to corpus 806c13c2-01af-4ef3-9094-6bab514d631e
2026-02-07 08:15:08 - infrastructure.repositories.library_repository - INFO - Publishing event document.added to event bus
2026-02-07 08:15:08 - infrastructure.repositories.library_repository - INFO - Event document.added queued successfully
2026-02-07 08:15:08 - app.services.library_service - INFO - Added document 0c854e4b-8354-4641-935d-2de5fa93c529 with 1000 chunks to corpus 806c13c2-01af-4ef3-9094-6bab514d631e
INFO:     127.0.0.1:41536 - "POST /v1/libraries/806c13c2-01af-4ef3-9094-6bab514d631e/documents/with-embeddings HTTP/1.1" 201 Created
2026-02-07 08:15:10 - app.services.library_service - INFO - Adding document 'batch_542' with 1000 pre-computed chunks to corpus 806c13c2-01af-4ef3-9094-6bab514d631e
2026-02-07 08:22:09 - infrastructure.repositories.library_repository - INFO - Publishing event document.added to event bus
2026-02-07 08:22:09 - infrastructure.repositories.library_repository - INFO - Event document.added queued successfully
2026-02-07 08:22:09 - app.services.library_service - INFO - Added document 3da247d1-ebe1-4cb7-aca8-b31cf51458cb with 1000 chunks to corpus 806c13c2-01af-4ef3-9094-6bab514d631e
INFO:     127.0.0.1:41536 - "POST /v1/libraries/806c13c2-01af-4ef3-9094-6bab514d631e/documents/with-embeddings HTTP/1.1" 201 Created
2026-02-07 08:22:12 - app.services.library_service - INFO - Adding document 'batch_543' with 1000 pre-computed chunks to corpus 806c13c2-01af-4ef3-9094-6bab514d631e
2026-02-07 08:29:11 - infrastructure.repositories.library_repository - INFO - Publishing event document.added to event bus
2026-02-07 08:29:11 - infrastructure.repositories.library_repository - INFO - Event document.added queued successfully
2026-02-07 08:29:11 - app.services.library_service - INFO - Added document db6f84b6-052a-4aee-9115-1ad2c589224a with 1000 chunks to corpus 806c13c2-01af-4ef3-9094-6bab514d631e
INFO:     127.0.0.1:41536 - "POST /v1/libraries/806c13c2-01af-4ef3-9094-6bab514d631e/documents/with-embeddings HTTP/1.1" 201 Created
2026-02-07 08:29:13 - app.services.library_service - INFO - Adding document 'batch_544' with 1000 pre-computed chunks to corpus 806c13c2-01af-4ef3-9094-6bab514d631e
2026-02-07 08:36:14 - infrastructure.repositories.library_repository - INFO - Publishing event document.added to event bus
2026-02-07 08:36:14 - infrastructure.repositories.library_repository - INFO - Event document.added queued successfully
2026-02-07 08:36:14 - app.services.library_service - INFO - Added document 59702b1e-ee90-4517-8170-e65bb267f7b3 with 1000 chunks to corpus 806c13c2-01af-4ef3-9094-6bab514d631e
INFO:     127.0.0.1:41536 - "POST /v1/libraries/806c13c2-01af-4ef3-9094-6bab514d631e/documents/with-embeddings HTTP/1.1" 201 Created
2026-02-07 08:36:16 - app.services.library_service - INFO - Adding document 'batch_545' with 1000 pre-computed chunks to corpus 806c13c2-01af-4ef3-9094-6bab514d631e
2026-02-07 08:43:18 - infrastructure.repositories.library_repository - INFO - Publishing event document.added to event bus
2026-02-07 08:43:18 - infrastructure.repositories.library_repository - INFO - Event document.added queued successfully
2026-02-07 08:43:18 - app.services.library_service - INFO - Added document ead7b36e-47c0-435b-976d-d8b300a510c1 with 1000 chunks to corpus 806c13c2-01af-4ef3-9094-6bab514d631e
INFO:     127.0.0.1:41536 - "POST /v1/libraries/806c13c2-01af-4ef3-9094-6bab514d631e/documents/with-embeddings HTTP/1.1" 201 Created
2026-02-07 08:43:20 - app.services.library_service - INFO - Adding document 'batch_546' with 1000 pre-computed chunks to corpus 806c13c2-01af-4ef3-9094-6bab514d631e
2026-02-07 08:50:23 - infrastructure.repositories.library_repository - INFO - Publishing event document.added to event bus
2026-02-07 08:50:23 - infrastructure.repositories.library_repository - INFO - Event document.added queued successfully
2026-02-07 08:50:23 - app.services.library_service - INFO - Added document 64fe22b9-a520-4522-836d-1a5cb914a1eb with 1000 chunks to corpus 806c13c2-01af-4ef3-9094-6bab514d631e
INFO:     127.0.0.1:41536 - "POST /v1/libraries/806c13c2-01af-4ef3-9094-6bab514d631e/documents/with-embeddings HTTP/1.1" 201 Created
2026-02-07 08:50:25 - app.services.library_service - INFO - Adding document 'batch_547' with 1000 pre-computed chunks to corpus 806c13c2-01af-4ef3-9094-6bab514d631e
2026-02-07 08:57:27 - infrastructure.repositories.library_repository - INFO - Publishing event document.added to event bus
2026-02-07 08:57:27 - infrastructure.repositories.library_repository - INFO - Event document.added queued successfully
2026-02-07 08:57:27 - app.services.library_service - INFO - Added document fa7a3783-1582-4d7b-88cd-adfb69776505 with 1000 chunks to corpus 806c13c2-01af-4ef3-9094-6bab514d631e
INFO:     127.0.0.1:41536 - "POST /v1/libraries/806c13c2-01af-4ef3-9094-6bab514d631e/documents/with-embeddings HTTP/1.1" 201 Created
2026-02-07 08:57:30 - app.services.library_service - INFO - Adding document 'batch_548' with 1000 pre-computed chunks to corpus 806c13c2-01af-4ef3-9094-6bab514d631e
2026-02-07 09:04:31 - infrastructure.repositories.library_repository - INFO - Publishing event document.added to event bus
2026-02-07 09:04:31 - infrastructure.repositories.library_repository - INFO - Event document.added queued successfully
2026-02-07 09:04:31 - app.services.library_service - INFO - Added document c2a8f5ec-6239-4d8e-a538-7738e5877459 with 1000 chunks to corpus 806c13c2-01af-4ef3-9094-6bab514d631e
INFO:     127.0.0.1:41536 - "POST /v1/libraries/806c13c2-01af-4ef3-9094-6bab514d631e/documents/with-embeddings HTTP/1.1" 201 Created
2026-02-07 09:04:33 - app.services.library_service - INFO - Adding document 'batch_549' with 1000 pre-computed chunks to corpus 806c13c2-01af-4ef3-9094-6bab514d631e
2026-02-07 09:11:34 - infrastructure.repositories.library_repository - INFO - Publishing event document.added to event bus
2026-02-07 09:11:34 - infrastructure.repositories.library_repository - INFO - Event document.added queued successfully
2026-02-07 09:11:34 - app.services.library_service - INFO - Added document ddc97369-c377-4583-98c9-b30887c548cd with 1000 chunks to corpus 806c13c2-01af-4ef3-9094-6bab514d631e
INFO:     127.0.0.1:41536 - "POST /v1/libraries/806c13c2-01af-4ef3-9094-6bab514d631e/documents/with-embeddings HTTP/1.1" 201 Created
2026-02-07 09:11:37 - app.services.library_service - INFO - Adding document 'batch_550' with 1000 pre-computed chunks to corpus 806c13c2-01af-4ef3-9094-6bab514d631e
2026-02-07 09:18:39 - infrastructure.repositories.library_repository - INFO - Publishing event document.added to event bus
2026-02-07 09:18:39 - infrastructure.repositories.library_repository - INFO - Event document.added queued successfully
2026-02-07 09:18:39 - app.services.library_service - INFO - Added document ab825798-a35c-4921-9260-856a43cc6552 with 1000 chunks to corpus 806c13c2-01af-4ef3-9094-6bab514d631e
INFO:     127.0.0.1:41536 - "POST /v1/libraries/806c13c2-01af-4ef3-9094-6bab514d631e/documents/with-embeddings HTTP/1.1" 201 Created
2026-02-07 09:18:41 - app.services.library_service - INFO - Adding document 'batch_551' with 1000 pre-computed chunks to corpus 806c13c2-01af-4ef3-9094-6bab514d631e
2026-02-07 09:25:44 - infrastructure.repositories.library_repository - INFO - Publishing event document.added to event bus
2026-02-07 09:25:44 - infrastructure.repositories.library_repository - INFO - Event document.added queued successfully
2026-02-07 09:25:44 - app.services.library_service - INFO - Added document b76a3158-46cc-4d48-b89c-457d78a8a232 with 1000 chunks to corpus 806c13c2-01af-4ef3-9094-6bab514d631e
INFO:     127.0.0.1:41536 - "POST /v1/libraries/806c13c2-01af-4ef3-9094-6bab514d631e/documents/with-embeddings HTTP/1.1" 201 Created
2026-02-07 09:25:46 - app.services.library_service - INFO - Adding document 'batch_552' with 1000 pre-computed chunks to corpus 806c13c2-01af-4ef3-9094-6bab514d631e
2026-02-07 09:32:45 - infrastructure.repositories.library_repository - INFO - Publishing event document.added to event bus
2026-02-07 09:32:45 - infrastructure.repositories.library_repository - INFO - Event document.added queued successfully
2026-02-07 09:32:45 - app.services.library_service - INFO - Added document cd715339-9fba-4775-8f54-4d3266132073 with 1000 chunks to corpus 806c13c2-01af-4ef3-9094-6bab514d631e
INFO:     127.0.0.1:41536 - "POST /v1/libraries/806c13c2-01af-4ef3-9094-6bab514d631e/documents/with-embeddings HTTP/1.1" 201 Created
2026-02-07 09:32:47 - app.services.library_service - INFO - Adding document 'batch_553' with 1000 pre-computed chunks to corpus 806c13c2-01af-4ef3-9094-6bab514d631e
2026-02-07 09:39:49 - infrastructure.repositories.library_repository - INFO - Publishing event document.added to event bus
2026-02-07 09:39:49 - infrastructure.repositories.library_repository - INFO - Event document.added queued successfully
2026-02-07 09:39:49 - app.services.library_service - INFO - Added document d563f523-d2df-4756-a8d6-4a7e13c45efd with 1000 chunks to corpus 806c13c2-01af-4ef3-9094-6bab514d631e
INFO:     127.0.0.1:41536 - "POST /v1/libraries/806c13c2-01af-4ef3-9094-6bab514d631e/documents/with-embeddings HTTP/1.1" 201 Created
2026-02-07 09:39:52 - app.services.library_service - INFO - Adding document 'batch_554' with 1000 pre-computed chunks to corpus 806c13c2-01af-4ef3-9094-6bab514d631e
2026-02-07 09:46:51 - infrastructure.repositories.library_repository - INFO - Publishing event document.added to event bus
2026-02-07 09:46:51 - infrastructure.repositories.library_repository - INFO - Event document.added queued successfully
2026-02-07 09:46:51 - app.services.library_service - INFO - Added document 06f23ca1-d3df-4f94-94bc-70ae7f95f2e8 with 1000 chunks to corpus 806c13c2-01af-4ef3-9094-6bab514d631e
INFO:     127.0.0.1:41536 - "POST /v1/libraries/806c13c2-01af-4ef3-9094-6bab514d631e/documents/with-embeddings HTTP/1.1" 201 Created
2026-02-07 09:46:53 - app.services.library_service - INFO - Adding document 'batch_555' with 1000 pre-computed chunks to corpus 806c13c2-01af-4ef3-9094-6bab514d631e
2026-02-07 09:53:54 - infrastructure.repositories.library_repository - INFO - Publishing event document.added to event bus
2026-02-07 09:53:54 - infrastructure.repositories.library_repository - INFO - Event document.added queued successfully
2026-02-07 09:53:54 - app.services.library_service - INFO - Added document f52d8f21-a57d-4014-af41-cdea148da197 with 1000 chunks to corpus 806c13c2-01af-4ef3-9094-6bab514d631e
INFO:     127.0.0.1:41536 - "POST /v1/libraries/806c13c2-01af-4ef3-9094-6bab514d631e/documents/with-embeddings HTTP/1.1" 201 Created
2026-02-07 09:53:57 - app.services.library_service - INFO - Adding document 'batch_556' with 1000 pre-computed chunks to corpus 806c13c2-01af-4ef3-9094-6bab514d631e
2026-02-07 10:00:57 - infrastructure.repositories.library_repository - INFO - Publishing event document.added to event bus
2026-02-07 10:00:57 - infrastructure.repositories.library_repository - INFO - Event document.added queued successfully
2026-02-07 10:00:57 - app.services.library_service - INFO - Added document 98f26326-2874-4cca-abe2-3980d1fbb225 with 1000 chunks to corpus 806c13c2-01af-4ef3-9094-6bab514d631e
INFO:     127.0.0.1:41536 - "POST /v1/libraries/806c13c2-01af-4ef3-9094-6bab514d631e/documents/with-embeddings HTTP/1.1" 201 Created
2026-02-07 10:00:59 - app.services.library_service - INFO - Adding document 'batch_557' with 1000 pre-computed chunks to corpus 806c13c2-01af-4ef3-9094-6bab514d631e
2026-02-07 10:07:59 - infrastructure.repositories.library_repository - INFO - Publishing event document.added to event bus
2026-02-07 10:07:59 - infrastructure.repositories.library_repository - INFO - Event document.added queued successfully
2026-02-07 10:07:59 - app.services.library_service - INFO - Added document 3a05acbf-5eb6-490d-a63e-01a40e692a66 with 1000 chunks to corpus 806c13c2-01af-4ef3-9094-6bab514d631e
INFO:     127.0.0.1:41536 - "POST /v1/libraries/806c13c2-01af-4ef3-9094-6bab514d631e/documents/with-embeddings HTTP/1.1" 201 Created
2026-02-07 10:08:01 - app.services.library_service - INFO - Adding document 'batch_558' with 1000 pre-computed chunks to corpus 806c13c2-01af-4ef3-9094-6bab514d631e
2026-02-07 10:15:02 - infrastructure.repositories.library_repository - INFO - Publishing event document.added to event bus
2026-02-07 10:15:02 - infrastructure.repositories.library_repository - INFO - Event document.added queued successfully
2026-02-07 10:15:02 - app.services.library_service - INFO - Added document 44cb3ca7-205b-4026-8f56-d547a78ccb44 with 1000 chunks to corpus 806c13c2-01af-4ef3-9094-6bab514d631e
INFO:     127.0.0.1:41536 - "POST /v1/libraries/806c13c2-01af-4ef3-9094-6bab514d631e/documents/with-embeddings HTTP/1.1" 201 Created
2026-02-07 10:15:04 - app.services.library_service - INFO - Adding document 'batch_559' with 1000 pre-computed chunks to corpus 806c13c2-01af-4ef3-9094-6bab514d631e
2026-02-07 10:22:05 - infrastructure.repositories.library_repository - INFO - Publishing event document.added to event bus
2026-02-07 10:22:05 - infrastructure.repositories.library_repository - INFO - Event document.added queued successfully
2026-02-07 10:22:05 - app.services.library_service - INFO - Added document badf818b-e200-4e63-a935-f0aa4c1e186b with 1000 chunks to corpus 806c13c2-01af-4ef3-9094-6bab514d631e
INFO:     127.0.0.1:41536 - "POST /v1/libraries/806c13c2-01af-4ef3-9094-6bab514d631e/documents/with-embeddings HTTP/1.1" 201 Created
2026-02-07 10:22:07 - app.services.library_service - INFO - Adding document 'batch_560' with 1000 pre-computed chunks to corpus 806c13c2-01af-4ef3-9094-6bab514d631e
2026-02-07 10:29:09 - infrastructure.repositories.library_repository - INFO - Publishing event document.added to event bus
2026-02-07 10:29:09 - infrastructure.repositories.library_repository - INFO - Event document.added queued successfully
2026-02-07 10:29:09 - app.services.library_service - INFO - Added document ade34489-57aa-4c19-b0e2-665444a04da1 with 1000 chunks to corpus 806c13c2-01af-4ef3-9094-6bab514d631e
INFO:     127.0.0.1:41536 - "POST /v1/libraries/806c13c2-01af-4ef3-9094-6bab514d631e/documents/with-embeddings HTTP/1.1" 201 Created
2026-02-07 10:29:12 - app.services.library_service - INFO - Adding document 'batch_561' with 1000 pre-computed chunks to corpus 806c13c2-01af-4ef3-9094-6bab514d631e
2026-02-07 10:36:13 - infrastructure.repositories.library_repository - INFO - Publishing event document.added to event bus
2026-02-07 10:36:13 - infrastructure.repositories.library_repository - INFO - Event document.added queued successfully
2026-02-07 10:36:13 - app.services.library_service - INFO - Added document 7d739453-122d-4f3e-a600-a4ab6bace336 with 1000 chunks to corpus 806c13c2-01af-4ef3-9094-6bab514d631e
INFO:     127.0.0.1:41536 - "POST /v1/libraries/806c13c2-01af-4ef3-9094-6bab514d631e/documents/with-embeddings HTTP/1.1" 201 Created
2026-02-07 10:36:15 - app.services.library_service - INFO - Adding document 'batch_562' with 1000 pre-computed chunks to corpus 806c13c2-01af-4ef3-9094-6bab514d631e
2026-02-07 10:43:17 - infrastructure.repositories.library_repository - INFO - Publishing event document.added to event bus
2026-02-07 10:43:17 - infrastructure.repositories.library_repository - INFO - Event document.added queued successfully
2026-02-07 10:43:17 - app.services.library_service - INFO - Added document 3c53421f-a2e6-4980-af64-a7b93934685d with 1000 chunks to corpus 806c13c2-01af-4ef3-9094-6bab514d631e
INFO:     127.0.0.1:41536 - "POST /v1/libraries/806c13c2-01af-4ef3-9094-6bab514d631e/documents/with-embeddings HTTP/1.1" 201 Created
2026-02-07 10:43:19 - app.services.library_service - INFO - Adding document 'batch_563' with 1000 pre-computed chunks to corpus 806c13c2-01af-4ef3-9094-6bab514d631e
2026-02-07 10:50:20 - infrastructure.repositories.library_repository - INFO - Publishing event document.added to event bus
2026-02-07 10:50:20 - infrastructure.repositories.library_repository - INFO - Event document.added queued successfully
2026-02-07 10:50:20 - app.services.library_service - INFO - Added document fa217de6-bd8a-4b46-ad75-fce45e34ffcc with 1000 chunks to corpus 806c13c2-01af-4ef3-9094-6bab514d631e
INFO:     127.0.0.1:41536 - "POST /v1/libraries/806c13c2-01af-4ef3-9094-6bab514d631e/documents/with-embeddings HTTP/1.1" 201 Created
2026-02-07 10:50:22 - app.services.library_service - INFO - Adding document 'batch_564' with 1000 pre-computed chunks to corpus 806c13c2-01af-4ef3-9094-6bab514d631e
2026-02-07 10:57:23 - infrastructure.repositories.library_repository - INFO - Publishing event document.added to event bus
2026-02-07 10:57:23 - infrastructure.repositories.library_repository - INFO - Event document.added queued successfully
2026-02-07 10:57:23 - app.services.library_service - INFO - Added document a8a2b197-d7ef-48a7-af5e-d174ab9846a6 with 1000 chunks to corpus 806c13c2-01af-4ef3-9094-6bab514d631e
INFO:     127.0.0.1:41536 - "POST /v1/libraries/806c13c2-01af-4ef3-9094-6bab514d631e/documents/with-embeddings HTTP/1.1" 201 Created
2026-02-07 10:57:25 - app.services.library_service - INFO - Adding document 'batch_565' with 1000 pre-computed chunks to corpus 806c13c2-01af-4ef3-9094-6bab514d631e
2026-02-07 11:04:27 - infrastructure.repositories.library_repository - INFO - Publishing event document.added to event bus
2026-02-07 11:04:27 - infrastructure.repositories.library_repository - INFO - Event document.added queued successfully
2026-02-07 11:04:27 - app.services.library_service - INFO - Added document c86791a6-1173-4ba4-970b-07fc016b83b1 with 1000 chunks to corpus 806c13c2-01af-4ef3-9094-6bab514d631e
INFO:     127.0.0.1:41536 - "POST /v1/libraries/806c13c2-01af-4ef3-9094-6bab514d631e/documents/with-embeddings HTTP/1.1" 201 Created
2026-02-07 11:04:29 - app.services.library_service - INFO - Adding document 'batch_566' with 1000 pre-computed chunks to corpus 806c13c2-01af-4ef3-9094-6bab514d631e
2026-02-07 11:11:31 - infrastructure.repositories.library_repository - INFO - Publishing event document.added to event bus
2026-02-07 11:11:31 - infrastructure.repositories.library_repository - INFO - Event document.added queued successfully
2026-02-07 11:11:31 - app.services.library_service - INFO - Added document fd4ccf07-228c-4738-b69e-f86ef5e6bf0d with 1000 chunks to corpus 806c13c2-01af-4ef3-9094-6bab514d631e
INFO:     127.0.0.1:41536 - "POST /v1/libraries/806c13c2-01af-4ef3-9094-6bab514d631e/documents/with-embeddings HTTP/1.1" 201 Created
2026-02-07 11:11:33 - app.services.library_service - INFO - Adding document 'batch_567' with 1000 pre-computed chunks to corpus 806c13c2-01af-4ef3-9094-6bab514d631e
2026-02-07 11:18:34 - infrastructure.repositories.library_repository - INFO - Publishing event document.added to event bus
2026-02-07 11:18:34 - infrastructure.repositories.library_repository - INFO - Event document.added queued successfully
2026-02-07 11:18:34 - app.services.library_service - INFO - Added document e8de19b3-f540-4481-964d-8082315032fb with 1000 chunks to corpus 806c13c2-01af-4ef3-9094-6bab514d631e
INFO:     127.0.0.1:41536 - "POST /v1/libraries/806c13c2-01af-4ef3-9094-6bab514d631e/documents/with-embeddings HTTP/1.1" 201 Created
2026-02-07 11:18:36 - app.services.library_service - INFO - Adding document 'batch_568' with 1000 pre-computed chunks to corpus 806c13c2-01af-4ef3-9094-6bab514d631e
2026-02-07 11:25:37 - infrastructure.repositories.library_repository - INFO - Publishing event document.added to event bus
2026-02-07 11:25:37 - infrastructure.repositories.library_repository - INFO - Event document.added queued successfully
2026-02-07 11:25:37 - app.services.library_service - INFO - Added document 3417491c-3163-4f23-9f4c-153135c9a6e5 with 1000 chunks to corpus 806c13c2-01af-4ef3-9094-6bab514d631e
INFO:     127.0.0.1:41536 - "POST /v1/libraries/806c13c2-01af-4ef3-9094-6bab514d631e/documents/with-embeddings HTTP/1.1" 201 Created
2026-02-07 11:25:39 - app.services.library_service - INFO - Adding document 'batch_569' with 1000 pre-computed chunks to corpus 806c13c2-01af-4ef3-9094-6bab514d631e
2026-02-07 11:32:40 - infrastructure.repositories.library_repository - INFO - Publishing event document.added to event bus
2026-02-07 11:32:40 - infrastructure.repositories.library_repository - INFO - Event document.added queued successfully
2026-02-07 11:32:40 - app.services.library_service - INFO - Added document 2011e4f0-4e02-4ceb-ba55-0258a194bbff with 1000 chunks to corpus 806c13c2-01af-4ef3-9094-6bab514d631e
INFO:     127.0.0.1:41536 - "POST /v1/libraries/806c13c2-01af-4ef3-9094-6bab514d631e/documents/with-embeddings HTTP/1.1" 201 Created
2026-02-07 11:32:42 - app.services.library_service - INFO - Adding document 'batch_570' with 1000 pre-computed chunks to corpus 806c13c2-01af-4ef3-9094-6bab514d631e
2026-02-07 11:39:44 - infrastructure.repositories.library_repository - INFO - Publishing event document.added to event bus
2026-02-07 11:39:44 - infrastructure.repositories.library_repository - INFO - Event document.added queued successfully
2026-02-07 11:39:44 - app.services.library_service - INFO - Added document b79935b8-6313-4fb4-8744-79cb417bf43e with 1000 chunks to corpus 806c13c2-01af-4ef3-9094-6bab514d631e
INFO:     127.0.0.1:41536 - "POST /v1/libraries/806c13c2-01af-4ef3-9094-6bab514d631e/documents/with-embeddings HTTP/1.1" 201 Created
2026-02-07 11:39:47 - app.services.library_service - INFO - Adding document 'batch_571' with 1000 pre-computed chunks to corpus 806c13c2-01af-4ef3-9094-6bab514d631e
2026-02-07 11:46:49 - infrastructure.repositories.library_repository - INFO - Publishing event document.added to event bus
2026-02-07 11:46:49 - infrastructure.repositories.library_repository - INFO - Event document.added queued successfully
2026-02-07 11:46:49 - app.services.library_service - INFO - Added document 5bd37934-6cbb-4175-8ad2-4a6b6fc29449 with 1000 chunks to corpus 806c13c2-01af-4ef3-9094-6bab514d631e
INFO:     127.0.0.1:41536 - "POST /v1/libraries/806c13c2-01af-4ef3-9094-6bab514d631e/documents/with-embeddings HTTP/1.1" 201 Created
2026-02-07 11:46:51 - app.services.library_service - INFO - Adding document 'batch_572' with 1000 pre-computed chunks to corpus 806c13c2-01af-4ef3-9094-6bab514d631e
2026-02-07 11:53:55 - infrastructure.repositories.library_repository - INFO - Publishing event document.added to event bus
2026-02-07 11:53:55 - infrastructure.repositories.library_repository - INFO - Event document.added queued successfully
2026-02-07 11:53:55 - app.services.library_service - INFO - Added document cffb9a95-7da1-4a5c-9f1e-5df55df0988a with 1000 chunks to corpus 806c13c2-01af-4ef3-9094-6bab514d631e
INFO:     127.0.0.1:41536 - "POST /v1/libraries/806c13c2-01af-4ef3-9094-6bab514d631e/documents/with-embeddings HTTP/1.1" 201 Created
2026-02-07 11:53:57 - app.services.library_service - INFO - Adding document 'batch_573' with 1000 pre-computed chunks to corpus 806c13c2-01af-4ef3-9094-6bab514d631e
2026-02-07 12:00:59 - infrastructure.repositories.library_repository - INFO - Publishing event document.added to event bus
2026-02-07 12:00:59 - infrastructure.repositories.library_repository - INFO - Event document.added queued successfully
2026-02-07 12:00:59 - app.services.library_service - INFO - Added document 94937785-f882-42a7-bf3f-e5fbd0b7f22c with 1000 chunks to corpus 806c13c2-01af-4ef3-9094-6bab514d631e
INFO:     127.0.0.1:41536 - "POST /v1/libraries/806c13c2-01af-4ef3-9094-6bab514d631e/documents/with-embeddings HTTP/1.1" 201 Created
2026-02-07 12:01:02 - app.services.library_service - INFO - Adding document 'batch_574' with 1000 pre-computed chunks to corpus 806c13c2-01af-4ef3-9094-6bab514d631e
2026-02-07 12:08:04 - infrastructure.repositories.library_repository - INFO - Publishing event document.added to event bus
2026-02-07 12:08:04 - infrastructure.repositories.library_repository - INFO - Event document.added queued successfully
2026-02-07 12:08:04 - app.services.library_service - INFO - Added document 10a051da-cf97-4aaf-b681-d6b9bebcfd8d with 1000 chunks to corpus 806c13c2-01af-4ef3-9094-6bab514d631e
INFO:     127.0.0.1:41536 - "POST /v1/libraries/806c13c2-01af-4ef3-9094-6bab514d631e/documents/with-embeddings HTTP/1.1" 201 Created
2026-02-07 12:08:06 - app.services.library_service - INFO - Adding document 'batch_575' with 1000 pre-computed chunks to corpus 806c13c2-01af-4ef3-9094-6bab514d631e
2026-02-07 12:15:07 - infrastructure.repositories.library_repository - INFO - Publishing event document.added to event bus
2026-02-07 12:15:07 - infrastructure.repositories.library_repository - INFO - Event document.added queued successfully
2026-02-07 12:15:07 - app.services.library_service - INFO - Added document 496befa9-6996-47bb-9f20-64b97c2281e5 with 1000 chunks to corpus 806c13c2-01af-4ef3-9094-6bab514d631e
INFO:     127.0.0.1:41536 - "POST /v1/libraries/806c13c2-01af-4ef3-9094-6bab514d631e/documents/with-embeddings HTTP/1.1" 201 Created
2026-02-07 12:15:09 - app.services.library_service - INFO - Adding document 'batch_576' with 1000 pre-computed chunks to corpus 806c13c2-01af-4ef3-9094-6bab514d631e
2026-02-07 12:22:11 - infrastructure.repositories.library_repository - INFO - Publishing event document.added to event bus
2026-02-07 12:22:11 - infrastructure.repositories.library_repository - INFO - Event document.added queued successfully
2026-02-07 12:22:11 - app.services.library_service - INFO - Added document b823d922-6b6d-4da8-9551-6f2ec4e0e3ec with 1000 chunks to corpus 806c13c2-01af-4ef3-9094-6bab514d631e
INFO:     127.0.0.1:41536 - "POST /v1/libraries/806c13c2-01af-4ef3-9094-6bab514d631e/documents/with-embeddings HTTP/1.1" 201 Created
2026-02-07 12:22:13 - app.services.library_service - INFO - Adding document 'batch_577' with 1000 pre-computed chunks to corpus 806c13c2-01af-4ef3-9094-6bab514d631e
2026-02-07 12:29:17 - infrastructure.repositories.library_repository - INFO - Publishing event document.added to event bus
2026-02-07 12:29:17 - infrastructure.repositories.library_repository - INFO - Event document.added queued successfully
2026-02-07 12:29:17 - app.services.library_service - INFO - Added document d8b11ff6-a621-42c6-8c2b-5a2319571b63 with 1000 chunks to corpus 806c13c2-01af-4ef3-9094-6bab514d631e
INFO:     127.0.0.1:41536 - "POST /v1/libraries/806c13c2-01af-4ef3-9094-6bab514d631e/documents/with-embeddings HTTP/1.1" 201 Created
2026-02-07 12:29:19 - app.services.library_service - INFO - Adding document 'batch_578' with 1000 pre-computed chunks to corpus 806c13c2-01af-4ef3-9094-6bab514d631e
2026-02-07 12:36:22 - infrastructure.repositories.library_repository - INFO - Publishing event document.added to event bus
2026-02-07 12:36:22 - infrastructure.repositories.library_repository - INFO - Event document.added queued successfully
2026-02-07 12:36:22 - app.services.library_service - INFO - Added document 3da69847-07a9-42cf-bb9e-61b3581935cf with 1000 chunks to corpus 806c13c2-01af-4ef3-9094-6bab514d631e
INFO:     127.0.0.1:41536 - "POST /v1/libraries/806c13c2-01af-4ef3-9094-6bab514d631e/documents/with-embeddings HTTP/1.1" 201 Created
2026-02-07 12:36:25 - app.services.library_service - INFO - Adding document 'batch_579' with 1000 pre-computed chunks to corpus 806c13c2-01af-4ef3-9094-6bab514d631e
2026-02-07 12:43:27 - infrastructure.repositories.library_repository - INFO - Publishing event document.added to event bus
2026-02-07 12:43:27 - infrastructure.repositories.library_repository - INFO - Event document.added queued successfully
2026-02-07 12:43:27 - app.services.library_service - INFO - Added document 18d3eb90-3c85-4295-80f9-82d8f834c31a with 1000 chunks to corpus 806c13c2-01af-4ef3-9094-6bab514d631e
INFO:     127.0.0.1:41536 - "POST /v1/libraries/806c13c2-01af-4ef3-9094-6bab514d631e/documents/with-embeddings HTTP/1.1" 201 Created
2026-02-07 12:43:29 - app.services.library_service - INFO - Adding document 'batch_580' with 1000 pre-computed chunks to corpus 806c13c2-01af-4ef3-9094-6bab514d631e
2026-02-07 12:50:31 - infrastructure.repositories.library_repository - INFO - Publishing event document.added to event bus
2026-02-07 12:50:31 - infrastructure.repositories.library_repository - INFO - Event document.added queued successfully
2026-02-07 12:50:31 - app.services.library_service - INFO - Added document 1b631010-98d8-40fb-97be-a4d3820b0a88 with 1000 chunks to corpus 806c13c2-01af-4ef3-9094-6bab514d631e
INFO:     127.0.0.1:41536 - "POST /v1/libraries/806c13c2-01af-4ef3-9094-6bab514d631e/documents/with-embeddings HTTP/1.1" 201 Created
2026-02-07 12:50:33 - app.services.library_service - INFO - Adding document 'batch_581' with 1000 pre-computed chunks to corpus 806c13c2-01af-4ef3-9094-6bab514d631e
2026-02-07 12:57:35 - infrastructure.repositories.library_repository - INFO - Publishing event document.added to event bus
2026-02-07 12:57:35 - infrastructure.repositories.library_repository - INFO - Event document.added queued successfully
2026-02-07 12:57:35 - app.services.library_service - INFO - Added document fd0a0aab-f6dd-4145-9674-5ee2068c8f65 with 1000 chunks to corpus 806c13c2-01af-4ef3-9094-6bab514d631e
INFO:     127.0.0.1:41536 - "POST /v1/libraries/806c13c2-01af-4ef3-9094-6bab514d631e/documents/with-embeddings HTTP/1.1" 201 Created
2026-02-07 12:57:38 - app.services.library_service - INFO - Adding document 'batch_582' with 1000 pre-computed chunks to corpus 806c13c2-01af-4ef3-9094-6bab514d631e
2026-02-07 13:04:40 - infrastructure.repositories.library_repository - INFO - Publishing event document.added to event bus
2026-02-07 13:04:40 - infrastructure.repositories.library_repository - INFO - Event document.added queued successfully
2026-02-07 13:04:40 - app.services.library_service - INFO - Added document 889a14e0-7d9d-4ec1-a72f-05df1c593e3d with 1000 chunks to corpus 806c13c2-01af-4ef3-9094-6bab514d631e
INFO:     127.0.0.1:41536 - "POST /v1/libraries/806c13c2-01af-4ef3-9094-6bab514d631e/documents/with-embeddings HTTP/1.1" 201 Created
2026-02-07 13:04:42 - app.services.library_service - INFO - Adding document 'batch_583' with 1000 pre-computed chunks to corpus 806c13c2-01af-4ef3-9094-6bab514d631e
2026-02-07 13:11:43 - infrastructure.repositories.library_repository - INFO - Publishing event document.added to event bus
2026-02-07 13:11:43 - infrastructure.repositories.library_repository - INFO - Event document.added queued successfully
2026-02-07 13:11:43 - app.services.library_service - INFO - Added document 37c5a0bb-a729-43e2-b83e-ac4d9cc5ef2a with 1000 chunks to corpus 806c13c2-01af-4ef3-9094-6bab514d631e
INFO:     127.0.0.1:41536 - "POST /v1/libraries/806c13c2-01af-4ef3-9094-6bab514d631e/documents/with-embeddings HTTP/1.1" 201 Created
2026-02-07 13:11:46 - app.services.library_service - INFO - Adding document 'batch_584' with 1000 pre-computed chunks to corpus 806c13c2-01af-4ef3-9094-6bab514d631e
2026-02-07 13:18:47 - infrastructure.repositories.library_repository - INFO - Publishing event document.added to event bus
2026-02-07 13:18:47 - infrastructure.repositories.library_repository - INFO - Event document.added queued successfully
2026-02-07 13:18:47 - app.services.library_service - INFO - Added document d56b514f-bba4-4590-848f-b8af8ae45c96 with 1000 chunks to corpus 806c13c2-01af-4ef3-9094-6bab514d631e
INFO:     127.0.0.1:41536 - "POST /v1/libraries/806c13c2-01af-4ef3-9094-6bab514d631e/documents/with-embeddings HTTP/1.1" 201 Created
2026-02-07 13:18:49 - app.services.library_service - INFO - Adding document 'batch_585' with 1000 pre-computed chunks to corpus 806c13c2-01af-4ef3-9094-6bab514d631e
2026-02-07 13:25:53 - infrastructure.repositories.library_repository - INFO - Publishing event document.added to event bus
2026-02-07 13:25:53 - infrastructure.repositories.library_repository - INFO - Event document.added queued successfully
2026-02-07 13:25:53 - app.services.library_service - INFO - Added document 4ddf78d9-c456-4c9a-a0ce-a0b94ce0999a with 1000 chunks to corpus 806c13c2-01af-4ef3-9094-6bab514d631e
INFO:     127.0.0.1:41536 - "POST /v1/libraries/806c13c2-01af-4ef3-9094-6bab514d631e/documents/with-embeddings HTTP/1.1" 201 Created
2026-02-07 13:25:55 - app.services.library_service - INFO - Adding document 'batch_586' with 1000 pre-computed chunks to corpus 806c13c2-01af-4ef3-9094-6bab514d631e
2026-02-07 13:32:57 - infrastructure.repositories.library_repository - INFO - Publishing event document.added to event bus
2026-02-07 13:32:57 - infrastructure.repositories.library_repository - INFO - Event document.added queued successfully
2026-02-07 13:32:57 - app.services.library_service - INFO - Added document f77301da-e7f3-4115-85d4-aea921b776e5 with 1000 chunks to corpus 806c13c2-01af-4ef3-9094-6bab514d631e
INFO:     127.0.0.1:41536 - "POST /v1/libraries/806c13c2-01af-4ef3-9094-6bab514d631e/documents/with-embeddings HTTP/1.1" 201 Created
2026-02-07 13:32:59 - app.services.library_service - INFO - Adding document 'batch_587' with 1000 pre-computed chunks to corpus 806c13c2-01af-4ef3-9094-6bab514d631e
2026-02-07 13:40:01 - infrastructure.repositories.library_repository - INFO - Publishing event document.added to event bus
2026-02-07 13:40:01 - infrastructure.repositories.library_repository - INFO - Event document.added queued successfully
2026-02-07 13:40:01 - app.services.library_service - INFO - Added document 77e5f53f-b845-4906-9c02-9da2ff2a1957 with 1000 chunks to corpus 806c13c2-01af-4ef3-9094-6bab514d631e
INFO:     127.0.0.1:41536 - "POST /v1/libraries/806c13c2-01af-4ef3-9094-6bab514d631e/documents/with-embeddings HTTP/1.1" 201 Created
2026-02-07 13:40:03 - app.services.library_service - INFO - Adding document 'batch_588' with 1000 pre-computed chunks to corpus 806c13c2-01af-4ef3-9094-6bab514d631e
2026-02-07 13:47:05 - infrastructure.repositories.library_repository - INFO - Publishing event document.added to event bus
2026-02-07 13:47:05 - infrastructure.repositories.library_repository - INFO - Event document.added queued successfully
2026-02-07 13:47:05 - app.services.library_service - INFO - Added document 8c8d20fd-7a29-47ae-8899-de0acbb1937a with 1000 chunks to corpus 806c13c2-01af-4ef3-9094-6bab514d631e
INFO:     127.0.0.1:41536 - "POST /v1/libraries/806c13c2-01af-4ef3-9094-6bab514d631e/documents/with-embeddings HTTP/1.1" 201 Created
2026-02-07 13:47:08 - app.services.library_service - INFO - Adding document 'batch_589' with 1000 pre-computed chunks to corpus 806c13c2-01af-4ef3-9094-6bab514d631e
2026-02-07 13:54:11 - infrastructure.repositories.library_repository - INFO - Publishing event document.added to event bus
2026-02-07 13:54:11 - infrastructure.repositories.library_repository - INFO - Event document.added queued successfully
2026-02-07 13:54:11 - app.services.library_service - INFO - Added document 3d9b696b-229b-4ab8-97a5-1653a95ebb77 with 1000 chunks to corpus 806c13c2-01af-4ef3-9094-6bab514d631e
INFO:     127.0.0.1:41536 - "POST /v1/libraries/806c13c2-01af-4ef3-9094-6bab514d631e/documents/with-embeddings HTTP/1.1" 201 Created
2026-02-07 13:54:13 - app.services.library_service - INFO - Adding document 'batch_590' with 1000 pre-computed chunks to corpus 806c13c2-01af-4ef3-9094-6bab514d631e
2026-02-07 14:01:15 - infrastructure.repositories.library_repository - INFO - Publishing event document.added to event bus
2026-02-07 14:01:15 - infrastructure.repositories.library_repository - INFO - Event document.added queued successfully
2026-02-07 14:01:15 - app.services.library_service - INFO - Added document c7c6feaa-425e-41cb-b571-d7ed94e304da with 1000 chunks to corpus 806c13c2-01af-4ef3-9094-6bab514d631e
INFO:     127.0.0.1:41536 - "POST /v1/libraries/806c13c2-01af-4ef3-9094-6bab514d631e/documents/with-embeddings HTTP/1.1" 201 Created
2026-02-07 14:01:18 - app.services.library_service - INFO - Adding document 'batch_591' with 1000 pre-computed chunks to corpus 806c13c2-01af-4ef3-9094-6bab514d631e
2026-02-07 14:08:20 - infrastructure.repositories.library_repository - INFO - Publishing event document.added to event bus
2026-02-07 14:08:20 - infrastructure.repositories.library_repository - INFO - Event document.added queued successfully
2026-02-07 14:08:20 - app.services.library_service - INFO - Added document 6103b8b3-fc96-47fc-af3a-bcc66d41b9ba with 1000 chunks to corpus 806c13c2-01af-4ef3-9094-6bab514d631e
INFO:     127.0.0.1:41536 - "POST /v1/libraries/806c13c2-01af-4ef3-9094-6bab514d631e/documents/with-embeddings HTTP/1.1" 201 Created
2026-02-07 14:08:28 - app.services.library_service - INFO - Adding document 'batch_592' with 1000 pre-computed chunks to corpus 806c13c2-01af-4ef3-9094-6bab514d631e
2026-02-07 14:15:31 - infrastructure.repositories.library_repository - INFO - Publishing event document.added to event bus
2026-02-07 14:15:31 - infrastructure.repositories.library_repository - INFO - Event document.added queued successfully
2026-02-07 14:15:31 - app.services.library_service - INFO - Added document c2358a60-2537-4106-9d23-d133d8cdc5d8 with 1000 chunks to corpus 806c13c2-01af-4ef3-9094-6bab514d631e
INFO:     127.0.0.1:41536 - "POST /v1/libraries/806c13c2-01af-4ef3-9094-6bab514d631e/documents/with-embeddings HTTP/1.1" 201 Created
2026-02-07 14:15:33 - app.services.library_service - INFO - Adding document 'batch_593' with 1000 pre-computed chunks to corpus 806c13c2-01af-4ef3-9094-6bab514d631e
2026-02-07 14:22:34 - infrastructure.repositories.library_repository - INFO - Publishing event document.added to event bus
2026-02-07 14:22:34 - infrastructure.repositories.library_repository - INFO - Event document.added queued successfully
2026-02-07 14:22:34 - app.services.library_service - INFO - Added document 99e75c5b-d645-4156-9b3f-49f09f65cb75 with 1000 chunks to corpus 806c13c2-01af-4ef3-9094-6bab514d631e
INFO:     127.0.0.1:41536 - "POST /v1/libraries/806c13c2-01af-4ef3-9094-6bab514d631e/documents/with-embeddings HTTP/1.1" 201 Created
2026-02-07 14:22:36 - app.services.library_service - INFO - Adding document 'batch_594' with 1000 pre-computed chunks to corpus 806c13c2-01af-4ef3-9094-6bab514d631e
2026-02-07 14:29:37 - infrastructure.repositories.library_repository - INFO - Publishing event document.added to event bus
2026-02-07 14:29:37 - infrastructure.repositories.library_repository - INFO - Event document.added queued successfully
2026-02-07 14:29:37 - app.services.library_service - INFO - Added document 0e02fa83-4074-49ff-b075-bfc4c902007b with 1000 chunks to corpus 806c13c2-01af-4ef3-9094-6bab514d631e
INFO:     127.0.0.1:41536 - "POST /v1/libraries/806c13c2-01af-4ef3-9094-6bab514d631e/documents/with-embeddings HTTP/1.1" 201 Created
2026-02-07 14:29:39 - app.services.library_service - INFO - Adding document 'batch_595' with 1000 pre-computed chunks to corpus 806c13c2-01af-4ef3-9094-6bab514d631e
2026-02-07 14:36:41 - infrastructure.repositories.library_repository - INFO - Publishing event document.added to event bus
2026-02-07 14:36:41 - infrastructure.repositories.library_repository - INFO - Event document.added queued successfully
2026-02-07 14:36:41 - app.services.library_service - INFO - Added document be2d8519-004b-41a4-a9a4-8dd0c67dc098 with 1000 chunks to corpus 806c13c2-01af-4ef3-9094-6bab514d631e
INFO:     127.0.0.1:41536 - "POST /v1/libraries/806c13c2-01af-4ef3-9094-6bab514d631e/documents/with-embeddings HTTP/1.1" 201 Created
2026-02-07 14:36:43 - app.services.library_service - INFO - Adding document 'batch_596' with 1000 pre-computed chunks to corpus 806c13c2-01af-4ef3-9094-6bab514d631e
2026-02-07 14:43:46 - infrastructure.repositories.library_repository - INFO - Publishing event document.added to event bus
2026-02-07 14:43:46 - infrastructure.repositories.library_repository - INFO - Event document.added queued successfully
2026-02-07 14:43:46 - app.services.library_service - INFO - Added document 82335611-440c-454f-8aa6-1f6bac1b1694 with 1000 chunks to corpus 806c13c2-01af-4ef3-9094-6bab514d631e
INFO:     127.0.0.1:41536 - "POST /v1/libraries/806c13c2-01af-4ef3-9094-6bab514d631e/documents/with-embeddings HTTP/1.1" 201 Created
2026-02-07 14:43:48 - app.services.library_service - INFO - Adding document 'batch_597' with 1000 pre-computed chunks to corpus 806c13c2-01af-4ef3-9094-6bab514d631e
2026-02-07 14:50:52 - infrastructure.repositories.library_repository - INFO - Publishing event document.added to event bus
2026-02-07 14:50:52 - infrastructure.repositories.library_repository - INFO - Event document.added queued successfully
2026-02-07 14:50:52 - app.services.library_service - INFO - Added document f150df9d-0c88-488c-a470-692e28fb574c with 1000 chunks to corpus 806c13c2-01af-4ef3-9094-6bab514d631e
INFO:     127.0.0.1:41536 - "POST /v1/libraries/806c13c2-01af-4ef3-9094-6bab514d631e/documents/with-embeddings HTTP/1.1" 201 Created
2026-02-07 14:50:54 - app.services.library_service - INFO - Adding document 'batch_598' with 1000 pre-computed chunks to corpus 806c13c2-01af-4ef3-9094-6bab514d631e
2026-02-07 14:57:57 - infrastructure.repositories.library_repository - INFO - Publishing event document.added to event bus
2026-02-07 14:57:57 - infrastructure.repositories.library_repository - INFO - Event document.added queued successfully
2026-02-07 14:57:57 - app.services.library_service - INFO - Added document 4fa9902c-898d-4ea0-b8dd-1a1997c22ef9 with 1000 chunks to corpus 806c13c2-01af-4ef3-9094-6bab514d631e
INFO:     127.0.0.1:41536 - "POST /v1/libraries/806c13c2-01af-4ef3-9094-6bab514d631e/documents/with-embeddings HTTP/1.1" 201 Created
2026-02-07 14:57:59 - app.services.library_service - INFO - Adding document 'batch_599' with 1000 pre-computed chunks to corpus 806c13c2-01af-4ef3-9094-6bab514d631e
2026-02-07 15:05:00 - infrastructure.repositories.library_repository - INFO - Publishing event document.added to event bus
2026-02-07 15:05:00 - infrastructure.repositories.library_repository - INFO - Event document.added queued successfully
2026-02-07 15:05:00 - app.services.library_service - INFO - Added document 6a09fa39-1fcc-4d92-8001-f5d9dad54649 with 1000 chunks to corpus 806c13c2-01af-4ef3-9094-6bab514d631e
INFO:     127.0.0.1:41536 - "POST /v1/libraries/806c13c2-01af-4ef3-9094-6bab514d631e/documents/with-embeddings HTTP/1.1" 201 Created
2026-02-07 15:05:03 - app.services.library_service - INFO - Adding document 'batch_600' with 1000 pre-computed chunks to corpus 806c13c2-01af-4ef3-9094-6bab514d631e
2026-02-07 15:12:05 - infrastructure.repositories.library_repository - INFO - Publishing event document.added to event bus
2026-02-07 15:12:05 - infrastructure.repositories.library_repository - INFO - Event document.added queued successfully
2026-02-07 15:12:05 - app.services.library_service - INFO - Added document e7c0a07c-5f0e-4bfc-875d-63b1ac7a22d1 with 1000 chunks to corpus 806c13c2-01af-4ef3-9094-6bab514d631e
INFO:     127.0.0.1:41536 - "POST /v1/libraries/806c13c2-01af-4ef3-9094-6bab514d631e/documents/with-embeddings HTTP/1.1" 201 Created
2026-02-07 15:12:07 - app.services.library_service - INFO - Adding document 'batch_601' with 1000 pre-computed chunks to corpus 806c13c2-01af-4ef3-9094-6bab514d631e
2026-02-07 15:19:11 - infrastructure.repositories.library_repository - INFO - Publishing event document.added to event bus
2026-02-07 15:19:11 - infrastructure.repositories.library_repository - INFO - Event document.added queued successfully
2026-02-07 15:19:11 - app.services.library_service - INFO - Added document d51656b4-1311-4a01-a2cc-03b255105239 with 1000 chunks to corpus 806c13c2-01af-4ef3-9094-6bab514d631e
INFO:     127.0.0.1:41536 - "POST /v1/libraries/806c13c2-01af-4ef3-9094-6bab514d631e/documents/with-embeddings HTTP/1.1" 201 Created
2026-02-07 15:19:13 - app.services.library_service - INFO - Adding document 'batch_602' with 1000 pre-computed chunks to corpus 806c13c2-01af-4ef3-9094-6bab514d631e
2026-02-07 15:26:19 - infrastructure.repositories.library_repository - INFO - Publishing event document.added to event bus
2026-02-07 15:26:19 - infrastructure.repositories.library_repository - INFO - Event document.added queued successfully
2026-02-07 15:26:19 - app.services.library_service - INFO - Added document eb46f0ef-a5ad-458c-9b05-e314e7375d16 with 1000 chunks to corpus 806c13c2-01af-4ef3-9094-6bab514d631e
INFO:     127.0.0.1:41536 - "POST /v1/libraries/806c13c2-01af-4ef3-9094-6bab514d631e/documents/with-embeddings HTTP/1.1" 201 Created
2026-02-07 15:26:21 - app.services.library_service - INFO - Adding document 'batch_603' with 1000 pre-computed chunks to corpus 806c13c2-01af-4ef3-9094-6bab514d631e
2026-02-07 15:33:24 - infrastructure.repositories.library_repository - INFO - Publishing event document.added to event bus
2026-02-07 15:33:24 - infrastructure.repositories.library_repository - INFO - Event document.added queued successfully
2026-02-07 15:33:24 - app.services.library_service - INFO - Added document 310f3585-1bc9-4d16-9312-a5af934d4f7c with 1000 chunks to corpus 806c13c2-01af-4ef3-9094-6bab514d631e
INFO:     127.0.0.1:41536 - "POST /v1/libraries/806c13c2-01af-4ef3-9094-6bab514d631e/documents/with-embeddings HTTP/1.1" 201 Created
2026-02-07 15:33:26 - app.services.library_service - INFO - Adding document 'batch_604' with 1000 pre-computed chunks to corpus 806c13c2-01af-4ef3-9094-6bab514d631e
2026-02-07 15:40:31 - infrastructure.repositories.library_repository - INFO - Publishing event document.added to event bus
2026-02-07 15:40:31 - infrastructure.repositories.library_repository - INFO - Event document.added queued successfully
2026-02-07 15:40:31 - app.services.library_service - INFO - Added document dab4c919-3995-46fe-9f7b-a7238b53bd47 with 1000 chunks to corpus 806c13c2-01af-4ef3-9094-6bab514d631e
INFO:     127.0.0.1:41536 - "POST /v1/libraries/806c13c2-01af-4ef3-9094-6bab514d631e/documents/with-embeddings HTTP/1.1" 201 Created
2026-02-07 15:40:33 - app.services.library_service - INFO - Adding document 'batch_605' with 1000 pre-computed chunks to corpus 806c13c2-01af-4ef3-9094-6bab514d631e
2026-02-07 15:47:37 - infrastructure.repositories.library_repository - INFO - Publishing event document.added to event bus
2026-02-07 15:47:37 - infrastructure.repositories.library_repository - INFO - Event document.added queued successfully
2026-02-07 15:47:37 - app.services.library_service - INFO - Added document 3c3a52c5-b916-4781-982a-73a61f14a6a0 with 1000 chunks to corpus 806c13c2-01af-4ef3-9094-6bab514d631e
INFO:     127.0.0.1:41536 - "POST /v1/libraries/806c13c2-01af-4ef3-9094-6bab514d631e/documents/with-embeddings HTTP/1.1" 201 Created
2026-02-07 15:47:39 - app.services.library_service - INFO - Adding document 'batch_606' with 1000 pre-computed chunks to corpus 806c13c2-01af-4ef3-9094-6bab514d631e
2026-02-07 15:54:43 - infrastructure.repositories.library_repository - INFO - Publishing event document.added to event bus
2026-02-07 15:54:43 - infrastructure.repositories.library_repository - INFO - Event document.added queued successfully
2026-02-07 15:54:43 - app.services.library_service - INFO - Added document 0d8a059f-f153-4608-9f9f-4bee5e853021 with 1000 chunks to corpus 806c13c2-01af-4ef3-9094-6bab514d631e
INFO:     127.0.0.1:41536 - "POST /v1/libraries/806c13c2-01af-4ef3-9094-6bab514d631e/documents/with-embeddings HTTP/1.1" 201 Created
2026-02-07 15:54:46 - app.services.library_service - INFO - Adding document 'batch_607' with 1000 pre-computed chunks to corpus 806c13c2-01af-4ef3-9094-6bab514d631e
2026-02-07 16:01:49 - infrastructure.repositories.library_repository - INFO - Publishing event document.added to event bus
2026-02-07 16:01:49 - infrastructure.repositories.library_repository - INFO - Event document.added queued successfully
2026-02-07 16:01:49 - app.services.library_service - INFO - Added document 6f3f0b33-8721-41c5-aaa6-5a250fc87024 with 1000 chunks to corpus 806c13c2-01af-4ef3-9094-6bab514d631e
INFO:     127.0.0.1:41536 - "POST /v1/libraries/806c13c2-01af-4ef3-9094-6bab514d631e/documents/with-embeddings HTTP/1.1" 201 Created
2026-02-07 16:01:51 - app.services.library_service - INFO - Adding document 'batch_608' with 1000 pre-computed chunks to corpus 806c13c2-01af-4ef3-9094-6bab514d631e
2026-02-07 16:08:55 - infrastructure.repositories.library_repository - INFO - Publishing event document.added to event bus
2026-02-07 16:08:55 - infrastructure.repositories.library_repository - INFO - Event document.added queued successfully
2026-02-07 16:08:55 - app.services.library_service - INFO - Added document 3cb01888-1d22-4091-a291-e92a02b65536 with 1000 chunks to corpus 806c13c2-01af-4ef3-9094-6bab514d631e
INFO:     127.0.0.1:41536 - "POST /v1/libraries/806c13c2-01af-4ef3-9094-6bab514d631e/documents/with-embeddings HTTP/1.1" 201 Created
2026-02-07 16:08:57 - app.services.library_service - INFO - Adding document 'batch_609' with 1000 pre-computed chunks to corpus 806c13c2-01af-4ef3-9094-6bab514d631e
2026-02-07 16:16:04 - infrastructure.repositories.library_repository - INFO - Publishing event document.added to event bus
2026-02-07 16:16:04 - infrastructure.repositories.library_repository - INFO - Event document.added queued successfully
2026-02-07 16:16:04 - app.services.library_service - INFO - Added document aa910b6c-bc3a-479e-90d8-e71176c44848 with 1000 chunks to corpus 806c13c2-01af-4ef3-9094-6bab514d631e
INFO:     127.0.0.1:41536 - "POST /v1/libraries/806c13c2-01af-4ef3-9094-6bab514d631e/documents/with-embeddings HTTP/1.1" 201 Created
2026-02-07 16:16:06 - app.services.library_service - INFO - Adding document 'batch_610' with 1000 pre-computed chunks to corpus 806c13c2-01af-4ef3-9094-6bab514d631e
2026-02-07 16:23:10 - infrastructure.repositories.library_repository - INFO - Publishing event document.added to event bus
2026-02-07 16:23:10 - infrastructure.repositories.library_repository - INFO - Event document.added queued successfully
2026-02-07 16:23:10 - app.services.library_service - INFO - Added document d27b55bb-e48a-4375-95c1-10712feda429 with 1000 chunks to corpus 806c13c2-01af-4ef3-9094-6bab514d631e
INFO:     127.0.0.1:41536 - "POST /v1/libraries/806c13c2-01af-4ef3-9094-6bab514d631e/documents/with-embeddings HTTP/1.1" 201 Created
2026-02-07 16:23:12 - app.services.library_service - INFO - Adding document 'batch_611' with 1000 pre-computed chunks to corpus 806c13c2-01af-4ef3-9094-6bab514d631e
2026-02-07 16:30:18 - infrastructure.repositories.library_repository - INFO - Publishing event document.added to event bus
2026-02-07 16:30:18 - infrastructure.repositories.library_repository - INFO - Event document.added queued successfully
2026-02-07 16:30:18 - app.services.library_service - INFO - Added document c56db9ba-ec0f-44f0-98f6-800b8470d96a with 1000 chunks to corpus 806c13c2-01af-4ef3-9094-6bab514d631e
INFO:     127.0.0.1:41536 - "POST /v1/libraries/806c13c2-01af-4ef3-9094-6bab514d631e/documents/with-embeddings HTTP/1.1" 201 Created
2026-02-07 16:30:20 - app.services.library_service - INFO - Adding document 'batch_612' with 1000 pre-computed chunks to corpus 806c13c2-01af-4ef3-9094-6bab514d631e
2026-02-07 16:37:24 - infrastructure.repositories.library_repository - INFO - Publishing event document.added to event bus
2026-02-07 16:37:24 - infrastructure.repositories.library_repository - INFO - Event document.added queued successfully
2026-02-07 16:37:24 - app.services.library_service - INFO - Added document 2f2bff51-56af-4845-9229-a547a0bf4a15 with 1000 chunks to corpus 806c13c2-01af-4ef3-9094-6bab514d631e
INFO:     127.0.0.1:41536 - "POST /v1/libraries/806c13c2-01af-4ef3-9094-6bab514d631e/documents/with-embeddings HTTP/1.1" 201 Created
2026-02-07 16:37:26 - app.services.library_service - INFO - Adding document 'batch_613' with 1000 pre-computed chunks to corpus 806c13c2-01af-4ef3-9094-6bab514d631e
2026-02-07 16:44:32 - infrastructure.repositories.library_repository - INFO - Publishing event document.added to event bus
2026-02-07 16:44:32 - infrastructure.repositories.library_repository - INFO - Event document.added queued successfully
2026-02-07 16:44:32 - app.services.library_service - INFO - Added document 17350e2a-b75f-4f9f-8aec-94da32f52a2a with 1000 chunks to corpus 806c13c2-01af-4ef3-9094-6bab514d631e
INFO:     127.0.0.1:41536 - "POST /v1/libraries/806c13c2-01af-4ef3-9094-6bab514d631e/documents/with-embeddings HTTP/1.1" 201 Created
2026-02-07 16:44:34 - app.services.library_service - INFO - Adding document 'batch_614' with 1000 pre-computed chunks to corpus 806c13c2-01af-4ef3-9094-6bab514d631e
2026-02-07 16:51:39 - infrastructure.repositories.library_repository - INFO - Publishing event document.added to event bus
2026-02-07 16:51:39 - infrastructure.repositories.library_repository - INFO - Event document.added queued successfully
2026-02-07 16:51:39 - app.services.library_service - INFO - Added document 6f153b28-9116-4c5f-a8a8-8462f176dc4c with 1000 chunks to corpus 806c13c2-01af-4ef3-9094-6bab514d631e
INFO:     127.0.0.1:41536 - "POST /v1/libraries/806c13c2-01af-4ef3-9094-6bab514d631e/documents/with-embeddings HTTP/1.1" 201 Created
2026-02-07 16:51:41 - app.services.library_service - INFO - Adding document 'batch_615' with 1000 pre-computed chunks to corpus 806c13c2-01af-4ef3-9094-6bab514d631e
2026-02-07 16:58:45 - infrastructure.repositories.library_repository - INFO - Publishing event document.added to event bus
2026-02-07 16:58:45 - infrastructure.repositories.library_repository - INFO - Event document.added queued successfully
2026-02-07 16:58:45 - app.services.library_service - INFO - Added document cf921d05-66c0-45c9-b838-36e1355e067c with 1000 chunks to corpus 806c13c2-01af-4ef3-9094-6bab514d631e
INFO:     127.0.0.1:41536 - "POST /v1/libraries/806c13c2-01af-4ef3-9094-6bab514d631e/documents/with-embeddings HTTP/1.1" 201 Created
2026-02-07 16:58:48 - app.services.library_service - INFO - Adding document 'batch_616' with 1000 pre-computed chunks to corpus 806c13c2-01af-4ef3-9094-6bab514d631e
2026-02-07 17:05:53 - infrastructure.repositories.library_repository - INFO - Publishing event document.added to event bus
2026-02-07 17:05:53 - infrastructure.repositories.library_repository - INFO - Event document.added queued successfully
2026-02-07 17:05:53 - app.services.library_service - INFO - Added document 87b300d8-a168-47f4-9854-ee55faadb617 with 1000 chunks to corpus 806c13c2-01af-4ef3-9094-6bab514d631e
INFO:     127.0.0.1:41536 - "POST /v1/libraries/806c13c2-01af-4ef3-9094-6bab514d631e/documents/with-embeddings HTTP/1.1" 201 Created
2026-02-07 17:05:55 - app.services.library_service - INFO - Adding document 'batch_617' with 1000 pre-computed chunks to corpus 806c13c2-01af-4ef3-9094-6bab514d631e
2026-02-07 17:13:02 - infrastructure.repositories.library_repository - INFO - Publishing event document.added to event bus
2026-02-07 17:13:02 - infrastructure.repositories.library_repository - INFO - Event document.added queued successfully
2026-02-07 17:13:02 - app.services.library_service - INFO - Added document 303c29be-2162-457e-b443-31545648468d with 1000 chunks to corpus 806c13c2-01af-4ef3-9094-6bab514d631e
INFO:     127.0.0.1:41536 - "POST /v1/libraries/806c13c2-01af-4ef3-9094-6bab514d631e/documents/with-embeddings HTTP/1.1" 201 Created
2026-02-07 17:13:04 - app.services.library_service - INFO - Adding document 'batch_618' with 1000 pre-computed chunks to corpus 806c13c2-01af-4ef3-9094-6bab514d631e
2026-02-07 17:20:11 - infrastructure.repositories.library_repository - INFO - Publishing event document.added to event bus
2026-02-07 17:20:11 - infrastructure.repositories.library_repository - INFO - Event document.added queued successfully
2026-02-07 17:20:11 - app.services.library_service - INFO - Added document 39e228ff-115d-41e8-a68d-dc5a44f0a3ef with 1000 chunks to corpus 806c13c2-01af-4ef3-9094-6bab514d631e
INFO:     127.0.0.1:41536 - "POST /v1/libraries/806c13c2-01af-4ef3-9094-6bab514d631e/documents/with-embeddings HTTP/1.1" 201 Created
2026-02-07 17:20:13 - app.services.library_service - INFO - Adding document 'batch_619' with 1000 pre-computed chunks to corpus 806c13c2-01af-4ef3-9094-6bab514d631e
2026-02-07 17:27:18 - infrastructure.repositories.library_repository - INFO - Publishing event document.added to event bus
2026-02-07 17:27:18 - infrastructure.repositories.library_repository - INFO - Event document.added queued successfully
2026-02-07 17:27:18 - app.services.library_service - INFO - Added document 52b421ec-1b96-4882-960c-d537eb7e5bca with 1000 chunks to corpus 806c13c2-01af-4ef3-9094-6bab514d631e
INFO:     127.0.0.1:41536 - "POST /v1/libraries/806c13c2-01af-4ef3-9094-6bab514d631e/documents/with-embeddings HTTP/1.1" 201 Created
2026-02-07 17:27:20 - app.services.library_service - INFO - Adding document 'batch_620' with 1000 pre-computed chunks to corpus 806c13c2-01af-4ef3-9094-6bab514d631e
2026-02-07 17:34:25 - infrastructure.repositories.library_repository - INFO - Publishing event document.added to event bus
2026-02-07 17:34:25 - infrastructure.repositories.library_repository - INFO - Event document.added queued successfully
2026-02-07 17:34:25 - app.services.library_service - INFO - Added document 4d3ef442-9e81-4e9c-8a7b-c869b92ab61a with 1000 chunks to corpus 806c13c2-01af-4ef3-9094-6bab514d631e
INFO:     127.0.0.1:41536 - "POST /v1/libraries/806c13c2-01af-4ef3-9094-6bab514d631e/documents/with-embeddings HTTP/1.1" 201 Created
2026-02-07 17:34:28 - app.services.library_service - INFO - Adding document 'batch_621' with 1000 pre-computed chunks to corpus 806c13c2-01af-4ef3-9094-6bab514d631e
2026-02-07 17:41:30 - infrastructure.repositories.library_repository - INFO - Publishing event document.added to event bus
2026-02-07 17:41:30 - infrastructure.repositories.library_repository - INFO - Event document.added queued successfully
2026-02-07 17:41:30 - app.services.library_service - INFO - Added document 7e1a81c8-70ad-4b50-8524-f14771b883de with 1000 chunks to corpus 806c13c2-01af-4ef3-9094-6bab514d631e
INFO:     127.0.0.1:41536 - "POST /v1/libraries/806c13c2-01af-4ef3-9094-6bab514d631e/documents/with-embeddings HTTP/1.1" 201 Created
2026-02-07 17:41:33 - app.services.library_service - INFO - Adding document 'batch_622' with 1000 pre-computed chunks to corpus 806c13c2-01af-4ef3-9094-6bab514d631e
2026-02-07 17:48:38 - infrastructure.repositories.library_repository - INFO - Publishing event document.added to event bus
2026-02-07 17:48:38 - infrastructure.repositories.library_repository - INFO - Event document.added queued successfully
2026-02-07 17:48:38 - app.services.library_service - INFO - Added document b66f52af-9159-40d4-bac5-6df5a2a27cda with 1000 chunks to corpus 806c13c2-01af-4ef3-9094-6bab514d631e
INFO:     127.0.0.1:41536 - "POST /v1/libraries/806c13c2-01af-4ef3-9094-6bab514d631e/documents/with-embeddings HTTP/1.1" 201 Created
2026-02-07 17:48:40 - app.services.library_service - INFO - Adding document 'batch_623' with 1000 pre-computed chunks to corpus 806c13c2-01af-4ef3-9094-6bab514d631e
2026-02-07 17:55:44 - infrastructure.repositories.library_repository - INFO - Publishing event document.added to event bus
2026-02-07 17:55:44 - infrastructure.repositories.library_repository - INFO - Event document.added queued successfully
2026-02-07 17:55:44 - app.services.library_service - INFO - Added document 7404ce9a-033c-4e4a-a48b-d7c716a9c188 with 1000 chunks to corpus 806c13c2-01af-4ef3-9094-6bab514d631e
INFO:     127.0.0.1:41536 - "POST /v1/libraries/806c13c2-01af-4ef3-9094-6bab514d631e/documents/with-embeddings HTTP/1.1" 201 Created
2026-02-07 17:55:46 - app.services.library_service - INFO - Adding document 'batch_624' with 1000 pre-computed chunks to corpus 806c13c2-01af-4ef3-9094-6bab514d631e
2026-02-07 18:02:51 - infrastructure.repositories.library_repository - INFO - Publishing event document.added to event bus
2026-02-07 18:02:51 - infrastructure.repositories.library_repository - INFO - Event document.added queued successfully
2026-02-07 18:02:51 - app.services.library_service - INFO - Added document 1d457c7a-c1da-47cb-a12e-a24529a01bb2 with 1000 chunks to corpus 806c13c2-01af-4ef3-9094-6bab514d631e
INFO:     127.0.0.1:41536 - "POST /v1/libraries/806c13c2-01af-4ef3-9094-6bab514d631e/documents/with-embeddings HTTP/1.1" 201 Created
2026-02-07 18:02:54 - app.services.library_service - INFO - Adding document 'batch_625' with 1000 pre-computed chunks to corpus 806c13c2-01af-4ef3-9094-6bab514d631e
2026-02-07 18:09:57 - infrastructure.repositories.library_repository - INFO - Publishing event document.added to event bus
2026-02-07 18:09:57 - infrastructure.repositories.library_repository - INFO - Event document.added queued successfully
2026-02-07 18:09:57 - app.services.library_service - INFO - Added document 7a960075-c2e0-4572-b381-408508be2f81 with 1000 chunks to corpus 806c13c2-01af-4ef3-9094-6bab514d631e
INFO:     127.0.0.1:41536 - "POST /v1/libraries/806c13c2-01af-4ef3-9094-6bab514d631e/documents/with-embeddings HTTP/1.1" 201 Created
2026-02-07 18:09:59 - app.services.library_service - INFO - Adding document 'batch_626' with 1000 pre-computed chunks to corpus 806c13c2-01af-4ef3-9094-6bab514d631e
2026-02-07 18:17:06 - infrastructure.repositories.library_repository - INFO - Publishing event document.added to event bus
2026-02-07 18:17:06 - infrastructure.repositories.library_repository - INFO - Event document.added queued successfully
2026-02-07 18:17:06 - app.services.library_service - INFO - Added document 400375e7-c25d-46f2-8953-7989dcef845d with 1000 chunks to corpus 806c13c2-01af-4ef3-9094-6bab514d631e
INFO:     127.0.0.1:41536 - "POST /v1/libraries/806c13c2-01af-4ef3-9094-6bab514d631e/documents/with-embeddings HTTP/1.1" 201 Created
2026-02-07 18:17:08 - app.services.library_service - INFO - Adding document 'batch_627' with 1000 pre-computed chunks to corpus 806c13c2-01af-4ef3-9094-6bab514d631e
2026-02-07 18:24:12 - infrastructure.repositories.library_repository - INFO - Publishing event document.added to event bus
2026-02-07 18:24:12 - infrastructure.repositories.library_repository - INFO - Event document.added queued successfully
2026-02-07 18:24:12 - app.services.library_service - INFO - Added document c2c76af8-a140-4a2b-a961-0103bdc28572 with 1000 chunks to corpus 806c13c2-01af-4ef3-9094-6bab514d631e
INFO:     127.0.0.1:41536 - "POST /v1/libraries/806c13c2-01af-4ef3-9094-6bab514d631e/documents/with-embeddings HTTP/1.1" 201 Created
2026-02-07 18:24:14 - app.services.library_service - INFO - Adding document 'batch_628' with 1000 pre-computed chunks to corpus 806c13c2-01af-4ef3-9094-6bab514d631e
2026-02-07 18:31:18 - infrastructure.repositories.library_repository - INFO - Publishing event document.added to event bus
2026-02-07 18:31:18 - infrastructure.repositories.library_repository - INFO - Event document.added queued successfully
2026-02-07 18:31:18 - app.services.library_service - INFO - Added document 92d37c7e-8a68-407a-81d6-d335148df006 with 1000 chunks to corpus 806c13c2-01af-4ef3-9094-6bab514d631e
INFO:     127.0.0.1:41536 - "POST /v1/libraries/806c13c2-01af-4ef3-9094-6bab514d631e/documents/with-embeddings HTTP/1.1" 201 Created
2026-02-07 18:31:21 - app.services.library_service - INFO - Adding document 'batch_629' with 1000 pre-computed chunks to corpus 806c13c2-01af-4ef3-9094-6bab514d631e
2026-02-07 18:38:25 - infrastructure.repositories.library_repository - INFO - Publishing event document.added to event bus
2026-02-07 18:38:25 - infrastructure.repositories.library_repository - INFO - Event document.added queued successfully
2026-02-07 18:38:25 - app.services.library_service - INFO - Added document ed309332-6c26-4ebe-86ae-58a46cdf5702 with 1000 chunks to corpus 806c13c2-01af-4ef3-9094-6bab514d631e
INFO:     127.0.0.1:41536 - "POST /v1/libraries/806c13c2-01af-4ef3-9094-6bab514d631e/documents/with-embeddings HTTP/1.1" 201 Created
2026-02-07 18:38:27 - app.services.library_service - INFO - Adding document 'batch_630' with 1000 pre-computed chunks to corpus 806c13c2-01af-4ef3-9094-6bab514d631e
2026-02-07 18:45:31 - infrastructure.repositories.library_repository - INFO - Publishing event document.added to event bus
2026-02-07 18:45:31 - infrastructure.repositories.library_repository - INFO - Event document.added queued successfully
2026-02-07 18:45:31 - app.services.library_service - INFO - Added document 47a394d6-000b-44c6-94f3-53137894c19c with 1000 chunks to corpus 806c13c2-01af-4ef3-9094-6bab514d631e
INFO:     127.0.0.1:41536 - "POST /v1/libraries/806c13c2-01af-4ef3-9094-6bab514d631e/documents/with-embeddings HTTP/1.1" 201 Created
2026-02-07 18:45:34 - app.services.library_service - INFO - Adding document 'batch_631' with 1000 pre-computed chunks to corpus 806c13c2-01af-4ef3-9094-6bab514d631e
2026-02-07 18:52:36 - infrastructure.repositories.library_repository - INFO - Publishing event document.added to event bus
2026-02-07 18:52:36 - infrastructure.repositories.library_repository - INFO - Event document.added queued successfully
2026-02-07 18:52:36 - app.services.library_service - INFO - Added document fa55088d-8812-4898-99cc-7df8cd1edd56 with 1000 chunks to corpus 806c13c2-01af-4ef3-9094-6bab514d631e
INFO:     127.0.0.1:41536 - "POST /v1/libraries/806c13c2-01af-4ef3-9094-6bab514d631e/documents/with-embeddings HTTP/1.1" 201 Created
2026-02-07 18:52:39 - app.services.library_service - INFO - Adding document 'batch_632' with 1000 pre-computed chunks to corpus 806c13c2-01af-4ef3-9094-6bab514d631e
2026-02-07 18:59:45 - infrastructure.repositories.library_repository - INFO - Publishing event document.added to event bus
2026-02-07 18:59:45 - infrastructure.repositories.library_repository - INFO - Event document.added queued successfully
2026-02-07 18:59:45 - app.services.library_service - INFO - Added document fd5c050b-9c1f-438a-ad18-f5b046a214d2 with 1000 chunks to corpus 806c13c2-01af-4ef3-9094-6bab514d631e
INFO:     127.0.0.1:41536 - "POST /v1/libraries/806c13c2-01af-4ef3-9094-6bab514d631e/documents/with-embeddings HTTP/1.1" 201 Created
2026-02-07 18:59:47 - app.services.library_service - INFO - Adding document 'batch_633' with 1000 pre-computed chunks to corpus 806c13c2-01af-4ef3-9094-6bab514d631e
2026-02-07 19:06:52 - infrastructure.repositories.library_repository - INFO - Publishing event document.added to event bus
2026-02-07 19:06:52 - infrastructure.repositories.library_repository - INFO - Event document.added queued successfully
2026-02-07 19:06:52 - app.services.library_service - INFO - Added document c4fbb887-b3bb-45d1-a0e1-4cfe68fa6148 with 1000 chunks to corpus 806c13c2-01af-4ef3-9094-6bab514d631e
INFO:     127.0.0.1:41536 - "POST /v1/libraries/806c13c2-01af-4ef3-9094-6bab514d631e/documents/with-embeddings HTTP/1.1" 201 Created
2026-02-07 19:06:54 - app.services.library_service - INFO - Adding document 'batch_634' with 1000 pre-computed chunks to corpus 806c13c2-01af-4ef3-9094-6bab514d631e
2026-02-07 19:13:59 - infrastructure.repositories.library_repository - INFO - Publishing event document.added to event bus
2026-02-07 19:13:59 - infrastructure.repositories.library_repository - INFO - Event document.added queued successfully
2026-02-07 19:13:59 - app.services.library_service - INFO - Added document 4725989c-8db8-4486-93e4-f34ecfc4ed6a with 1000 chunks to corpus 806c13c2-01af-4ef3-9094-6bab514d631e
INFO:     127.0.0.1:41536 - "POST /v1/libraries/806c13c2-01af-4ef3-9094-6bab514d631e/documents/with-embeddings HTTP/1.1" 201 Created
2026-02-07 19:14:01 - app.services.library_service - INFO - Adding document 'batch_635' with 1000 pre-computed chunks to corpus 806c13c2-01af-4ef3-9094-6bab514d631e
2026-02-07 19:21:05 - infrastructure.repositories.library_repository - INFO - Publishing event document.added to event bus
2026-02-07 19:21:05 - infrastructure.repositories.library_repository - INFO - Event document.added queued successfully
2026-02-07 19:21:05 - app.services.library_service - INFO - Added document a7f96138-d2cd-4e7f-857d-4b066971e379 with 1000 chunks to corpus 806c13c2-01af-4ef3-9094-6bab514d631e
INFO:     127.0.0.1:41536 - "POST /v1/libraries/806c13c2-01af-4ef3-9094-6bab514d631e/documents/with-embeddings HTTP/1.1" 201 Created
2026-02-07 19:21:08 - app.services.library_service - INFO - Adding document 'batch_636' with 1000 pre-computed chunks to corpus 806c13c2-01af-4ef3-9094-6bab514d631e
2026-02-07 19:28:12 - infrastructure.repositories.library_repository - INFO - Publishing event document.added to event bus
2026-02-07 19:28:12 - infrastructure.repositories.library_repository - INFO - Event document.added queued successfully
2026-02-07 19:28:12 - app.services.library_service - INFO - Added document 181ae62b-bad2-4c51-b411-2ba5fe33d336 with 1000 chunks to corpus 806c13c2-01af-4ef3-9094-6bab514d631e
INFO:     127.0.0.1:41536 - "POST /v1/libraries/806c13c2-01af-4ef3-9094-6bab514d631e/documents/with-embeddings HTTP/1.1" 201 Created
2026-02-07 19:28:15 - app.services.library_service - INFO - Adding document 'batch_637' with 1000 pre-computed chunks to corpus 806c13c2-01af-4ef3-9094-6bab514d631e
2026-02-07 19:35:19 - infrastructure.repositories.library_repository - INFO - Publishing event document.added to event bus
2026-02-07 19:35:19 - infrastructure.repositories.library_repository - INFO - Event document.added queued successfully
2026-02-07 19:35:19 - app.services.library_service - INFO - Added document a0a69366-bed2-48b0-9968-7c582d67ec0f with 1000 chunks to corpus 806c13c2-01af-4ef3-9094-6bab514d631e
INFO:     127.0.0.1:41536 - "POST /v1/libraries/806c13c2-01af-4ef3-9094-6bab514d631e/documents/with-embeddings HTTP/1.1" 201 Created
2026-02-07 19:35:21 - app.services.library_service - INFO - Adding document 'batch_638' with 1000 pre-computed chunks to corpus 806c13c2-01af-4ef3-9094-6bab514d631e
2026-02-07 19:42:27 - infrastructure.repositories.library_repository - INFO - Publishing event document.added to event bus
2026-02-07 19:42:27 - infrastructure.repositories.library_repository - INFO - Event document.added queued successfully
2026-02-07 19:42:27 - app.services.library_service - INFO - Added document 55c3e172-c598-4dfc-9d60-89f91ce6eaf0 with 1000 chunks to corpus 806c13c2-01af-4ef3-9094-6bab514d631e
INFO:     127.0.0.1:41536 - "POST /v1/libraries/806c13c2-01af-4ef3-9094-6bab514d631e/documents/with-embeddings HTTP/1.1" 201 Created
2026-02-07 19:42:29 - app.services.library_service - INFO - Adding document 'batch_639' with 1000 pre-computed chunks to corpus 806c13c2-01af-4ef3-9094-6bab514d631e
2026-02-07 19:49:34 - infrastructure.repositories.library_repository - INFO - Publishing event document.added to event bus
2026-02-07 19:49:34 - infrastructure.repositories.library_repository - INFO - Event document.added queued successfully
2026-02-07 19:49:34 - app.services.library_service - INFO - Added document 7983795e-d5e5-41d0-8849-8f6ee78a29e1 with 1000 chunks to corpus 806c13c2-01af-4ef3-9094-6bab514d631e
INFO:     127.0.0.1:41536 - "POST /v1/libraries/806c13c2-01af-4ef3-9094-6bab514d631e/documents/with-embeddings HTTP/1.1" 201 Created
2026-02-07 19:49:36 - app.services.library_service - INFO - Adding document 'batch_640' with 1000 pre-computed chunks to corpus 806c13c2-01af-4ef3-9094-6bab514d631e
2026-02-07 19:56:43 - infrastructure.repositories.library_repository - INFO - Publishing event document.added to event bus
2026-02-07 19:56:43 - infrastructure.repositories.library_repository - INFO - Event document.added queued successfully
2026-02-07 19:56:43 - app.services.library_service - INFO - Added document 0a3cc7d5-4373-40e7-87f4-97eaf280013c with 1000 chunks to corpus 806c13c2-01af-4ef3-9094-6bab514d631e
INFO:     127.0.0.1:41536 - "POST /v1/libraries/806c13c2-01af-4ef3-9094-6bab514d631e/documents/with-embeddings HTTP/1.1" 201 Created
2026-02-07 19:56:45 - app.services.library_service - INFO - Adding document 'batch_641' with 1000 pre-computed chunks to corpus 806c13c2-01af-4ef3-9094-6bab514d631e
2026-02-07 20:03:49 - infrastructure.repositories.library_repository - INFO - Publishing event document.added to event bus
2026-02-07 20:03:49 - infrastructure.repositories.library_repository - INFO - Event document.added queued successfully
2026-02-07 20:03:49 - app.services.library_service - INFO - Added document ef40c21b-2cbe-4de6-a2df-9f905633122b with 1000 chunks to corpus 806c13c2-01af-4ef3-9094-6bab514d631e
INFO:     127.0.0.1:41536 - "POST /v1/libraries/806c13c2-01af-4ef3-9094-6bab514d631e/documents/with-embeddings HTTP/1.1" 201 Created
2026-02-07 20:03:51 - app.services.library_service - INFO - Adding document 'batch_642' with 1000 pre-computed chunks to corpus 806c13c2-01af-4ef3-9094-6bab514d631e
2026-02-07 20:10:56 - infrastructure.repositories.library_repository - INFO - Publishing event document.added to event bus
2026-02-07 20:10:56 - infrastructure.repositories.library_repository - INFO - Event document.added queued successfully
2026-02-07 20:10:56 - app.services.library_service - INFO - Added document 9ed1e63c-7319-4fa1-95cc-e6b456da3839 with 1000 chunks to corpus 806c13c2-01af-4ef3-9094-6bab514d631e
INFO:     127.0.0.1:41536 - "POST /v1/libraries/806c13c2-01af-4ef3-9094-6bab514d631e/documents/with-embeddings HTTP/1.1" 201 Created
2026-02-07 20:10:59 - app.services.library_service - INFO - Adding document 'batch_643' with 1000 pre-computed chunks to corpus 806c13c2-01af-4ef3-9094-6bab514d631e
2026-02-07 20:18:02 - infrastructure.repositories.library_repository - INFO - Publishing event document.added to event bus
2026-02-07 20:18:02 - infrastructure.repositories.library_repository - INFO - Event document.added queued successfully
2026-02-07 20:18:02 - app.services.library_service - INFO - Added document a3447968-4053-4e65-a375-6704f435a02d with 1000 chunks to corpus 806c13c2-01af-4ef3-9094-6bab514d631e
INFO:     127.0.0.1:41536 - "POST /v1/libraries/806c13c2-01af-4ef3-9094-6bab514d631e/documents/with-embeddings HTTP/1.1" 201 Created
2026-02-07 20:18:05 - app.services.library_service - INFO - Adding document 'batch_644' with 1000 pre-computed chunks to corpus 806c13c2-01af-4ef3-9094-6bab514d631e
2026-02-07 20:25:09 - infrastructure.repositories.library_repository - INFO - Publishing event document.added to event bus
2026-02-07 20:25:09 - infrastructure.repositories.library_repository - INFO - Event document.added queued successfully
2026-02-07 20:25:09 - app.services.library_service - INFO - Added document 7ef3e26e-2186-48f5-b946-76160a3af82f with 1000 chunks to corpus 806c13c2-01af-4ef3-9094-6bab514d631e
INFO:     127.0.0.1:41536 - "POST /v1/libraries/806c13c2-01af-4ef3-9094-6bab514d631e/documents/with-embeddings HTTP/1.1" 201 Created
2026-02-07 20:25:11 - app.services.library_service - INFO - Adding document 'batch_645' with 1000 pre-computed chunks to corpus 806c13c2-01af-4ef3-9094-6bab514d631e
2026-02-07 20:32:18 - infrastructure.repositories.library_repository - INFO - Publishing event document.added to event bus
2026-02-07 20:32:18 - infrastructure.repositories.library_repository - INFO - Event document.added queued successfully
2026-02-07 20:32:18 - app.services.library_service - INFO - Added document 2558956f-f824-4bb9-9f03-0da50290e227 with 1000 chunks to corpus 806c13c2-01af-4ef3-9094-6bab514d631e
INFO:     127.0.0.1:41536 - "POST /v1/libraries/806c13c2-01af-4ef3-9094-6bab514d631e/documents/with-embeddings HTTP/1.1" 201 Created
2026-02-07 20:32:21 - app.services.library_service - INFO - Adding document 'batch_646' with 1000 pre-computed chunks to corpus 806c13c2-01af-4ef3-9094-6bab514d631e
2026-02-07 20:39:25 - infrastructure.repositories.library_repository - INFO - Publishing event document.added to event bus
2026-02-07 20:39:25 - infrastructure.repositories.library_repository - INFO - Event document.added queued successfully
2026-02-07 20:39:25 - app.services.library_service - INFO - Added document 27fd73f1-a614-468f-9961-4c60ad256dfb with 1000 chunks to corpus 806c13c2-01af-4ef3-9094-6bab514d631e
INFO:     127.0.0.1:41536 - "POST /v1/libraries/806c13c2-01af-4ef3-9094-6bab514d631e/documents/with-embeddings HTTP/1.1" 201 Created
2026-02-07 20:39:27 - app.services.library_service - INFO - Adding document 'batch_647' with 1000 pre-computed chunks to corpus 806c13c2-01af-4ef3-9094-6bab514d631e
2026-02-07 20:46:32 - infrastructure.repositories.library_repository - INFO - Publishing event document.added to event bus
2026-02-07 20:46:32 - infrastructure.repositories.library_repository - INFO - Event document.added queued successfully
2026-02-07 20:46:32 - app.services.library_service - INFO - Added document 62b3be33-878e-4ecc-ae5e-f97138573edb with 1000 chunks to corpus 806c13c2-01af-4ef3-9094-6bab514d631e
INFO:     127.0.0.1:41536 - "POST /v1/libraries/806c13c2-01af-4ef3-9094-6bab514d631e/documents/with-embeddings HTTP/1.1" 201 Created
2026-02-07 20:46:41 - app.services.library_service - INFO - Adding document 'batch_648' with 1000 pre-computed chunks to corpus 806c13c2-01af-4ef3-9094-6bab514d631e
2026-02-07 20:53:46 - infrastructure.repositories.library_repository - INFO - Publishing event document.added to event bus
2026-02-07 20:53:46 - infrastructure.repositories.library_repository - INFO - Event document.added queued successfully
2026-02-07 20:53:46 - app.services.library_service - INFO - Added document 7bf1c586-9582-42fb-a922-f20e58a101be with 1000 chunks to corpus 806c13c2-01af-4ef3-9094-6bab514d631e
INFO:     127.0.0.1:41536 - "POST /v1/libraries/806c13c2-01af-4ef3-9094-6bab514d631e/documents/with-embeddings HTTP/1.1" 201 Created
2026-02-07 20:53:48 - app.services.library_service - INFO - Adding document 'batch_649' with 1000 pre-computed chunks to corpus 806c13c2-01af-4ef3-9094-6bab514d631e
2026-02-07 21:00:50 - infrastructure.repositories.library_repository - INFO - Publishing event document.added to event bus
2026-02-07 21:00:50 - infrastructure.repositories.library_repository - INFO - Event document.added queued successfully
2026-02-07 21:00:50 - app.services.library_service - INFO - Added document a325c621-2b3e-4d84-97a0-5956375488ea with 1000 chunks to corpus 806c13c2-01af-4ef3-9094-6bab514d631e
INFO:     127.0.0.1:41536 - "POST /v1/libraries/806c13c2-01af-4ef3-9094-6bab514d631e/documents/with-embeddings HTTP/1.1" 201 Created
2026-02-07 21:00:52 - app.services.library_service - INFO - Adding document 'batch_650' with 1000 pre-computed chunks to corpus 806c13c2-01af-4ef3-9094-6bab514d631e
2026-02-07 21:07:55 - infrastructure.repositories.library_repository - INFO - Publishing event document.added to event bus
2026-02-07 21:07:55 - infrastructure.repositories.library_repository - INFO - Event document.added queued successfully
2026-02-07 21:07:55 - app.services.library_service - INFO - Added document d328c6b5-f1a0-4d63-a4e9-4d51ceecd0fa with 1000 chunks to corpus 806c13c2-01af-4ef3-9094-6bab514d631e
INFO:     127.0.0.1:41536 - "POST /v1/libraries/806c13c2-01af-4ef3-9094-6bab514d631e/documents/with-embeddings HTTP/1.1" 201 Created
2026-02-07 21:07:57 - app.services.library_service - INFO - Adding document 'batch_651' with 1000 pre-computed chunks to corpus 806c13c2-01af-4ef3-9094-6bab514d631e
2026-02-07 21:15:01 - infrastructure.repositories.library_repository - INFO - Publishing event document.added to event bus
2026-02-07 21:15:01 - infrastructure.repositories.library_repository - INFO - Event document.added queued successfully
2026-02-07 21:15:01 - app.services.library_service - INFO - Added document 61bd6e88-5e1c-45a7-81c3-13fcd5532ec1 with 1000 chunks to corpus 806c13c2-01af-4ef3-9094-6bab514d631e
INFO:     127.0.0.1:41536 - "POST /v1/libraries/806c13c2-01af-4ef3-9094-6bab514d631e/documents/with-embeddings HTTP/1.1" 201 Created
2026-02-07 21:15:03 - app.services.library_service - INFO - Adding document 'batch_652' with 1000 pre-computed chunks to corpus 806c13c2-01af-4ef3-9094-6bab514d631e
2026-02-07 21:22:10 - infrastructure.repositories.library_repository - INFO - Publishing event document.added to event bus
2026-02-07 21:22:10 - infrastructure.repositories.library_repository - INFO - Event document.added queued successfully
2026-02-07 21:22:10 - app.services.library_service - INFO - Added document 04c84abe-8af2-46d5-bb5f-54222abd29f6 with 1000 chunks to corpus 806c13c2-01af-4ef3-9094-6bab514d631e
INFO:     127.0.0.1:41536 - "POST /v1/libraries/806c13c2-01af-4ef3-9094-6bab514d631e/documents/with-embeddings HTTP/1.1" 201 Created
2026-02-07 21:22:13 - app.services.library_service - INFO - Adding document 'batch_653' with 1000 pre-computed chunks to corpus 806c13c2-01af-4ef3-9094-6bab514d631e
2026-02-07 21:29:15 - infrastructure.repositories.library_repository - INFO - Publishing event document.added to event bus
2026-02-07 21:29:15 - infrastructure.repositories.library_repository - INFO - Event document.added queued successfully
2026-02-07 21:29:15 - app.services.library_service - INFO - Added document c1f1454d-e627-49bd-8691-5f5c73827dc8 with 1000 chunks to corpus 806c13c2-01af-4ef3-9094-6bab514d631e
INFO:     127.0.0.1:41536 - "POST /v1/libraries/806c13c2-01af-4ef3-9094-6bab514d631e/documents/with-embeddings HTTP/1.1" 201 Created
2026-02-07 21:29:18 - app.services.library_service - INFO - Adding document 'batch_654' with 1000 pre-computed chunks to corpus 806c13c2-01af-4ef3-9094-6bab514d631e
2026-02-07 21:36:23 - infrastructure.repositories.library_repository - INFO - Publishing event document.added to event bus
2026-02-07 21:36:23 - infrastructure.repositories.library_repository - INFO - Event document.added queued successfully
2026-02-07 21:36:23 - app.services.library_service - INFO - Added document 8241e000-bce5-4a4c-a323-f4b4dd380003 with 1000 chunks to corpus 806c13c2-01af-4ef3-9094-6bab514d631e
INFO:     127.0.0.1:41536 - "POST /v1/libraries/806c13c2-01af-4ef3-9094-6bab514d631e/documents/with-embeddings HTTP/1.1" 201 Created
2026-02-07 21:36:25 - app.services.library_service - INFO - Adding document 'batch_655' with 1000 pre-computed chunks to corpus 806c13c2-01af-4ef3-9094-6bab514d631e
2026-02-07 21:43:26 - infrastructure.repositories.library_repository - INFO - Publishing event document.added to event bus
2026-02-07 21:43:26 - infrastructure.repositories.library_repository - INFO - Event document.added queued successfully
2026-02-07 21:43:26 - app.services.library_service - INFO - Added document de108833-4697-4c4a-9bae-5e01faff3e8a with 1000 chunks to corpus 806c13c2-01af-4ef3-9094-6bab514d631e
INFO:     127.0.0.1:41536 - "POST /v1/libraries/806c13c2-01af-4ef3-9094-6bab514d631e/documents/with-embeddings HTTP/1.1" 201 Created
2026-02-07 21:43:28 - app.services.library_service - INFO - Adding document 'batch_656' with 1000 pre-computed chunks to corpus 806c13c2-01af-4ef3-9094-6bab514d631e
2026-02-07 21:50:33 - infrastructure.repositories.library_repository - INFO - Publishing event document.added to event bus
2026-02-07 21:50:33 - infrastructure.repositories.library_repository - INFO - Event document.added queued successfully
2026-02-07 21:50:33 - app.services.library_service - INFO - Added document ab70fd92-1c7b-44ec-95f8-8357c2b12096 with 1000 chunks to corpus 806c13c2-01af-4ef3-9094-6bab514d631e
INFO:     127.0.0.1:41536 - "POST /v1/libraries/806c13c2-01af-4ef3-9094-6bab514d631e/documents/with-embeddings HTTP/1.1" 201 Created
2026-02-07 21:50:36 - app.services.library_service - INFO - Adding document 'batch_657' with 1000 pre-computed chunks to corpus 806c13c2-01af-4ef3-9094-6bab514d631e
2026-02-07 21:57:38 - infrastructure.repositories.library_repository - INFO - Publishing event document.added to event bus
2026-02-07 21:57:38 - infrastructure.repositories.library_repository - INFO - Event document.added queued successfully
2026-02-07 21:57:38 - app.services.library_service - INFO - Added document 3874cbd0-df02-46c1-aad9-700a27953bc5 with 1000 chunks to corpus 806c13c2-01af-4ef3-9094-6bab514d631e
INFO:     127.0.0.1:41536 - "POST /v1/libraries/806c13c2-01af-4ef3-9094-6bab514d631e/documents/with-embeddings HTTP/1.1" 201 Created
2026-02-07 21:57:40 - app.services.library_service - INFO - Adding document 'batch_658' with 1000 pre-computed chunks to corpus 806c13c2-01af-4ef3-9094-6bab514d631e
2026-02-07 22:04:42 - infrastructure.repositories.library_repository - INFO - Publishing event document.added to event bus
2026-02-07 22:04:42 - infrastructure.repositories.library_repository - INFO - Event document.added queued successfully
2026-02-07 22:04:42 - app.services.library_service - INFO - Added document 073ce4c2-865c-45b6-b6a1-75730776f0c8 with 1000 chunks to corpus 806c13c2-01af-4ef3-9094-6bab514d631e
INFO:     127.0.0.1:41536 - "POST /v1/libraries/806c13c2-01af-4ef3-9094-6bab514d631e/documents/with-embeddings HTTP/1.1" 201 Created
2026-02-07 22:04:45 - app.services.library_service - INFO - Adding document 'batch_659' with 1000 pre-computed chunks to corpus 806c13c2-01af-4ef3-9094-6bab514d631e
2026-02-07 22:11:50 - infrastructure.repositories.library_repository - INFO - Publishing event document.added to event bus
2026-02-07 22:11:50 - infrastructure.repositories.library_repository - INFO - Event document.added queued successfully
2026-02-07 22:11:50 - app.services.library_service - INFO - Added document 96310520-9e68-42d5-981e-9a0f92a96d67 with 1000 chunks to corpus 806c13c2-01af-4ef3-9094-6bab514d631e
INFO:     127.0.0.1:41536 - "POST /v1/libraries/806c13c2-01af-4ef3-9094-6bab514d631e/documents/with-embeddings HTTP/1.1" 201 Created
2026-02-07 22:11:52 - app.services.library_service - INFO - Adding document 'batch_660' with 1000 pre-computed chunks to corpus 806c13c2-01af-4ef3-9094-6bab514d631e
2026-02-07 22:18:56 - infrastructure.repositories.library_repository - INFO - Publishing event document.added to event bus
2026-02-07 22:18:56 - infrastructure.repositories.library_repository - INFO - Event document.added queued successfully
2026-02-07 22:18:56 - app.services.library_service - INFO - Added document e4af6558-f542-4b1b-bc72-fbb74f2ac39a with 1000 chunks to corpus 806c13c2-01af-4ef3-9094-6bab514d631e
INFO:     127.0.0.1:41536 - "POST /v1/libraries/806c13c2-01af-4ef3-9094-6bab514d631e/documents/with-embeddings HTTP/1.1" 201 Created
2026-02-07 22:18:59 - app.services.library_service - INFO - Adding document 'batch_661' with 1000 pre-computed chunks to corpus 806c13c2-01af-4ef3-9094-6bab514d631e
2026-02-07 22:26:03 - infrastructure.repositories.library_repository - INFO - Publishing event document.added to event bus
2026-02-07 22:26:03 - infrastructure.repositories.library_repository - INFO - Event document.added queued successfully
2026-02-07 22:26:03 - app.services.library_service - INFO - Added document d2826843-035a-4c27-8774-7836e59aeab6 with 1000 chunks to corpus 806c13c2-01af-4ef3-9094-6bab514d631e
INFO:     127.0.0.1:41536 - "POST /v1/libraries/806c13c2-01af-4ef3-9094-6bab514d631e/documents/with-embeddings HTTP/1.1" 201 Created
2026-02-07 22:26:05 - app.services.library_service - INFO - Adding document 'batch_662' with 1000 pre-computed chunks to corpus 806c13c2-01af-4ef3-9094-6bab514d631e
2026-02-07 22:33:09 - infrastructure.repositories.library_repository - INFO - Publishing event document.added to event bus
2026-02-07 22:33:09 - infrastructure.repositories.library_repository - INFO - Event document.added queued successfully
2026-02-07 22:33:09 - app.services.library_service - INFO - Added document 0facd608-8c7a-49c4-a16c-ef451d3b0ddb with 1000 chunks to corpus 806c13c2-01af-4ef3-9094-6bab514d631e
INFO:     127.0.0.1:41536 - "POST /v1/libraries/806c13c2-01af-4ef3-9094-6bab514d631e/documents/with-embeddings HTTP/1.1" 201 Created
2026-02-07 22:33:11 - app.services.library_service - INFO - Adding document 'batch_663' with 1000 pre-computed chunks to corpus 806c13c2-01af-4ef3-9094-6bab514d631e
2026-02-07 22:40:16 - infrastructure.repositories.library_repository - INFO - Publishing event document.added to event bus
2026-02-07 22:40:16 - infrastructure.repositories.library_repository - INFO - Event document.added queued successfully
2026-02-07 22:40:16 - app.services.library_service - INFO - Added document c2e6e1e1-7b9d-401b-92e6-eee57565dcd1 with 1000 chunks to corpus 806c13c2-01af-4ef3-9094-6bab514d631e
INFO:     127.0.0.1:41536 - "POST /v1/libraries/806c13c2-01af-4ef3-9094-6bab514d631e/documents/with-embeddings HTTP/1.1" 201 Created
2026-02-07 22:40:19 - app.services.library_service - INFO - Adding document 'batch_664' with 1000 pre-computed chunks to corpus 806c13c2-01af-4ef3-9094-6bab514d631e
2026-02-07 22:47:26 - infrastructure.repositories.library_repository - INFO - Publishing event document.added to event bus
2026-02-07 22:47:26 - infrastructure.repositories.library_repository - INFO - Event document.added queued successfully
2026-02-07 22:47:26 - app.services.library_service - INFO - Added document f25037b7-b8ec-475c-8d54-b7473d1dae5a with 1000 chunks to corpus 806c13c2-01af-4ef3-9094-6bab514d631e
INFO:     127.0.0.1:41536 - "POST /v1/libraries/806c13c2-01af-4ef3-9094-6bab514d631e/documents/with-embeddings HTTP/1.1" 201 Created
2026-02-07 22:47:28 - app.services.library_service - INFO - Adding document 'batch_665' with 1000 pre-computed chunks to corpus 806c13c2-01af-4ef3-9094-6bab514d631e
2026-02-07 22:54:34 - infrastructure.repositories.library_repository - INFO - Publishing event document.added to event bus
2026-02-07 22:54:34 - infrastructure.repositories.library_repository - INFO - Event document.added queued successfully
2026-02-07 22:54:34 - app.services.library_service - INFO - Added document b54b2f11-f22a-46ef-b417-9b66b6e13271 with 1000 chunks to corpus 806c13c2-01af-4ef3-9094-6bab514d631e
INFO:     127.0.0.1:41536 - "POST /v1/libraries/806c13c2-01af-4ef3-9094-6bab514d631e/documents/with-embeddings HTTP/1.1" 201 Created
2026-02-07 22:54:36 - app.services.library_service - INFO - Adding document 'batch_666' with 1000 pre-computed chunks to corpus 806c13c2-01af-4ef3-9094-6bab514d631e
2026-02-07 23:01:42 - infrastructure.repositories.library_repository - INFO - Publishing event document.added to event bus
2026-02-07 23:01:42 - infrastructure.repositories.library_repository - INFO - Event document.added queued successfully
2026-02-07 23:01:42 - app.services.library_service - INFO - Added document 0c5f31ee-5fac-4b1f-8f69-5fbd8ffa5a31 with 1000 chunks to corpus 806c13c2-01af-4ef3-9094-6bab514d631e
INFO:     127.0.0.1:41536 - "POST /v1/libraries/806c13c2-01af-4ef3-9094-6bab514d631e/documents/with-embeddings HTTP/1.1" 201 Created
2026-02-07 23:01:44 - app.services.library_service - INFO - Adding document 'batch_667' with 1000 pre-computed chunks to corpus 806c13c2-01af-4ef3-9094-6bab514d631e
2026-02-07 23:08:52 - infrastructure.repositories.library_repository - INFO - Publishing event document.added to event bus
2026-02-07 23:08:52 - infrastructure.repositories.library_repository - INFO - Event document.added queued successfully
2026-02-07 23:08:52 - app.services.library_service - INFO - Added document f54fe256-82d2-4472-befd-7efdf761f781 with 1000 chunks to corpus 806c13c2-01af-4ef3-9094-6bab514d631e
INFO:     127.0.0.1:41536 - "POST /v1/libraries/806c13c2-01af-4ef3-9094-6bab514d631e/documents/with-embeddings HTTP/1.1" 201 Created
2026-02-07 23:08:54 - app.services.library_service - INFO - Adding document 'batch_668' with 1000 pre-computed chunks to corpus 806c13c2-01af-4ef3-9094-6bab514d631e
2026-02-07 23:16:00 - infrastructure.repositories.library_repository - INFO - Publishing event document.added to event bus
2026-02-07 23:16:00 - infrastructure.repositories.library_repository - INFO - Event document.added queued successfully
2026-02-07 23:16:00 - app.services.library_service - INFO - Added document 2981a4c5-1aa1-42f8-b74a-faaaf1965347 with 1000 chunks to corpus 806c13c2-01af-4ef3-9094-6bab514d631e
INFO:     127.0.0.1:41536 - "POST /v1/libraries/806c13c2-01af-4ef3-9094-6bab514d631e/documents/with-embeddings HTTP/1.1" 201 Created
2026-02-07 23:16:02 - app.services.library_service - INFO - Adding document 'batch_669' with 1000 pre-computed chunks to corpus 806c13c2-01af-4ef3-9094-6bab514d631e
2026-02-07 23:23:08 - infrastructure.repositories.library_repository - INFO - Publishing event document.added to event bus
2026-02-07 23:23:08 - infrastructure.repositories.library_repository - INFO - Event document.added queued successfully
2026-02-07 23:23:08 - app.services.library_service - INFO - Added document 43ee44fe-fc25-410b-a98f-96b3bbd03ca3 with 1000 chunks to corpus 806c13c2-01af-4ef3-9094-6bab514d631e
INFO:     127.0.0.1:41536 - "POST /v1/libraries/806c13c2-01af-4ef3-9094-6bab514d631e/documents/with-embeddings HTTP/1.1" 201 Created
2026-02-07 23:23:10 - app.services.library_service - INFO - Adding document 'batch_670' with 1000 pre-computed chunks to corpus 806c13c2-01af-4ef3-9094-6bab514d631e
2026-02-07 23:30:17 - infrastructure.repositories.library_repository - INFO - Publishing event document.added to event bus
2026-02-07 23:30:17 - infrastructure.repositories.library_repository - INFO - Event document.added queued successfully
2026-02-07 23:30:17 - app.services.library_service - INFO - Added document 3b2f1631-ae55-4b2d-ab28-bc404738fe5a with 1000 chunks to corpus 806c13c2-01af-4ef3-9094-6bab514d631e
INFO:     127.0.0.1:41536 - "POST /v1/libraries/806c13c2-01af-4ef3-9094-6bab514d631e/documents/with-embeddings HTTP/1.1" 201 Created
2026-02-07 23:30:19 - app.services.library_service - INFO - Adding document 'batch_671' with 1000 pre-computed chunks to corpus 806c13c2-01af-4ef3-9094-6bab514d631e
2026-02-07 23:37:26 - infrastructure.repositories.library_repository - INFO - Publishing event document.added to event bus
2026-02-07 23:37:26 - infrastructure.repositories.library_repository - INFO - Event document.added queued successfully
2026-02-07 23:37:26 - app.services.library_service - INFO - Added document 9c889fd2-2ea4-4824-a899-40433f4c59be with 1000 chunks to corpus 806c13c2-01af-4ef3-9094-6bab514d631e
INFO:     127.0.0.1:41536 - "POST /v1/libraries/806c13c2-01af-4ef3-9094-6bab514d631e/documents/with-embeddings HTTP/1.1" 201 Created
2026-02-07 23:37:28 - app.services.library_service - INFO - Adding document 'batch_672' with 1000 pre-computed chunks to corpus 806c13c2-01af-4ef3-9094-6bab514d631e
2026-02-07 23:44:37 - infrastructure.repositories.library_repository - INFO - Publishing event document.added to event bus
2026-02-07 23:44:37 - infrastructure.repositories.library_repository - INFO - Event document.added queued successfully
2026-02-07 23:44:37 - app.services.library_service - INFO - Added document d6d31938-f368-482f-9450-9be26bdc2074 with 1000 chunks to corpus 806c13c2-01af-4ef3-9094-6bab514d631e
INFO:     127.0.0.1:41536 - "POST /v1/libraries/806c13c2-01af-4ef3-9094-6bab514d631e/documents/with-embeddings HTTP/1.1" 201 Created
2026-02-07 23:44:39 - app.services.library_service - INFO - Adding document 'batch_673' with 1000 pre-computed chunks to corpus 806c13c2-01af-4ef3-9094-6bab514d631e
2026-02-07 23:51:47 - infrastructure.repositories.library_repository - INFO - Publishing event document.added to event bus
2026-02-07 23:51:47 - infrastructure.repositories.library_repository - INFO - Event document.added queued successfully
2026-02-07 23:51:47 - app.services.library_service - INFO - Added document fb579239-5f52-4b42-9bcd-71c38a6b6ddd with 1000 chunks to corpus 806c13c2-01af-4ef3-9094-6bab514d631e
INFO:     127.0.0.1:41536 - "POST /v1/libraries/806c13c2-01af-4ef3-9094-6bab514d631e/documents/with-embeddings HTTP/1.1" 201 Created
2026-02-07 23:51:49 - app.services.library_service - INFO - Adding document 'batch_674' with 1000 pre-computed chunks to corpus 806c13c2-01af-4ef3-9094-6bab514d631e
2026-02-07 23:58:55 - infrastructure.repositories.library_repository - INFO - Publishing event document.added to event bus
2026-02-07 23:58:55 - infrastructure.repositories.library_repository - INFO - Event document.added queued successfully
2026-02-07 23:58:55 - app.services.library_service - INFO - Added document 53bdd7b5-3c0f-4466-a4df-4eb17b15ca83 with 1000 chunks to corpus 806c13c2-01af-4ef3-9094-6bab514d631e
INFO:     127.0.0.1:41536 - "POST /v1/libraries/806c13c2-01af-4ef3-9094-6bab514d631e/documents/with-embeddings HTTP/1.1" 201 Created
2026-02-07 23:58:58 - app.services.library_service - INFO - Adding document 'batch_675' with 1000 pre-computed chunks to corpus 806c13c2-01af-4ef3-9094-6bab514d631e
2026-02-08 00:06:03 - infrastructure.repositories.library_repository - INFO - Publishing event document.added to event bus
2026-02-08 00:06:03 - infrastructure.repositories.library_repository - INFO - Event document.added queued successfully
2026-02-08 00:06:03 - app.services.library_service - INFO - Added document 323e002f-aa3e-405c-9a84-3550ded4a639 with 1000 chunks to corpus 806c13c2-01af-4ef3-9094-6bab514d631e
INFO:     127.0.0.1:41536 - "POST /v1/libraries/806c13c2-01af-4ef3-9094-6bab514d631e/documents/with-embeddings HTTP/1.1" 201 Created
2026-02-08 00:06:06 - app.services.library_service - INFO - Adding document 'batch_676' with 1000 pre-computed chunks to corpus 806c13c2-01af-4ef3-9094-6bab514d631e
2026-02-08 00:13:12 - infrastructure.repositories.library_repository - INFO - Publishing event document.added to event bus
2026-02-08 00:13:12 - infrastructure.repositories.library_repository - INFO - Event document.added queued successfully
2026-02-08 00:13:12 - app.services.library_service - INFO - Added document 79f30458-080c-452c-90c2-fe4de8faf9e2 with 1000 chunks to corpus 806c13c2-01af-4ef3-9094-6bab514d631e
INFO:     127.0.0.1:41536 - "POST /v1/libraries/806c13c2-01af-4ef3-9094-6bab514d631e/documents/with-embeddings HTTP/1.1" 201 Created
2026-02-08 00:13:14 - app.services.library_service - INFO - Adding document 'batch_677' with 1000 pre-computed chunks to corpus 806c13c2-01af-4ef3-9094-6bab514d631e
2026-02-08 00:20:22 - infrastructure.repositories.library_repository - INFO - Publishing event document.added to event bus
2026-02-08 00:20:22 - infrastructure.repositories.library_repository - INFO - Event document.added queued successfully
2026-02-08 00:20:22 - app.services.library_service - INFO - Added document 5a146755-ee1c-4faa-9bdd-255e7b53e044 with 1000 chunks to corpus 806c13c2-01af-4ef3-9094-6bab514d631e
INFO:     127.0.0.1:41536 - "POST /v1/libraries/806c13c2-01af-4ef3-9094-6bab514d631e/documents/with-embeddings HTTP/1.1" 201 Created
2026-02-08 00:20:24 - app.services.library_service - INFO - Adding document 'batch_678' with 1000 pre-computed chunks to corpus 806c13c2-01af-4ef3-9094-6bab514d631e
2026-02-08 00:27:29 - infrastructure.repositories.library_repository - INFO - Publishing event document.added to event bus
2026-02-08 00:27:29 - infrastructure.repositories.library_repository - INFO - Event document.added queued successfully
2026-02-08 00:27:29 - app.services.library_service - INFO - Added document 8d80f4c1-bb09-46a3-a37b-fd1bcd6e43ac with 1000 chunks to corpus 806c13c2-01af-4ef3-9094-6bab514d631e
INFO:     127.0.0.1:41536 - "POST /v1/libraries/806c13c2-01af-4ef3-9094-6bab514d631e/documents/with-embeddings HTTP/1.1" 201 Created
2026-02-08 00:27:32 - app.services.library_service - INFO - Adding document 'batch_679' with 1000 pre-computed chunks to corpus 806c13c2-01af-4ef3-9094-6bab514d631e
2026-02-08 00:34:35 - infrastructure.repositories.library_repository - INFO - Publishing event document.added to event bus
2026-02-08 00:34:35 - infrastructure.repositories.library_repository - INFO - Event document.added queued successfully
2026-02-08 00:34:35 - app.services.library_service - INFO - Added document 425f1c73-e62e-47b3-9c9e-ac9211ef4793 with 1000 chunks to corpus 806c13c2-01af-4ef3-9094-6bab514d631e
INFO:     127.0.0.1:41536 - "POST /v1/libraries/806c13c2-01af-4ef3-9094-6bab514d631e/documents/with-embeddings HTTP/1.1" 201 Created
2026-02-08 00:34:37 - app.services.library_service - INFO - Adding document 'batch_680' with 1000 pre-computed chunks to corpus 806c13c2-01af-4ef3-9094-6bab514d631e
2026-02-08 00:41:43 - infrastructure.repositories.library_repository - INFO - Publishing event document.added to event bus
2026-02-08 00:41:43 - infrastructure.repositories.library_repository - INFO - Event document.added queued successfully
2026-02-08 00:41:43 - app.services.library_service - INFO - Added document d6eec33b-472c-4baf-b712-67a0307f8787 with 1000 chunks to corpus 806c13c2-01af-4ef3-9094-6bab514d631e
INFO:     127.0.0.1:41536 - "POST /v1/libraries/806c13c2-01af-4ef3-9094-6bab514d631e/documents/with-embeddings HTTP/1.1" 201 Created
2026-02-08 00:41:45 - app.services.library_service - INFO - Adding document 'batch_681' with 1000 pre-computed chunks to corpus 806c13c2-01af-4ef3-9094-6bab514d631e
2026-02-08 00:48:47 - infrastructure.repositories.library_repository - INFO - Publishing event document.added to event bus
2026-02-08 00:48:47 - infrastructure.repositories.library_repository - INFO - Event document.added queued successfully
2026-02-08 00:48:47 - app.services.library_service - INFO - Added document 824c92aa-b631-433f-a1c6-5c6547e6d1a1 with 1000 chunks to corpus 806c13c2-01af-4ef3-9094-6bab514d631e
INFO:     127.0.0.1:41536 - "POST /v1/libraries/806c13c2-01af-4ef3-9094-6bab514d631e/documents/with-embeddings HTTP/1.1" 201 Created
2026-02-08 00:48:49 - app.services.library_service - INFO - Adding document 'batch_682' with 1000 pre-computed chunks to corpus 806c13c2-01af-4ef3-9094-6bab514d631e
2026-02-08 00:55:54 - infrastructure.repositories.library_repository - INFO - Publishing event document.added to event bus
2026-02-08 00:55:54 - infrastructure.repositories.library_repository - INFO - Event document.added queued successfully
2026-02-08 00:55:54 - app.services.library_service - INFO - Added document 22bf410f-3658-45c9-a7ae-1d029623796d with 1000 chunks to corpus 806c13c2-01af-4ef3-9094-6bab514d631e
INFO:     127.0.0.1:41536 - "POST /v1/libraries/806c13c2-01af-4ef3-9094-6bab514d631e/documents/with-embeddings HTTP/1.1" 201 Created
2026-02-08 00:55:56 - app.services.library_service - INFO - Adding document 'batch_683' with 1000 pre-computed chunks to corpus 806c13c2-01af-4ef3-9094-6bab514d631e
2026-02-08 01:03:00 - infrastructure.repositories.library_repository - INFO - Publishing event document.added to event bus
2026-02-08 01:03:00 - infrastructure.repositories.library_repository - INFO - Event document.added queued successfully
2026-02-08 01:03:00 - app.services.library_service - INFO - Added document c632ddae-3bc6-4549-8e42-2f3a847b07b7 with 1000 chunks to corpus 806c13c2-01af-4ef3-9094-6bab514d631e
INFO:     127.0.0.1:41536 - "POST /v1/libraries/806c13c2-01af-4ef3-9094-6bab514d631e/documents/with-embeddings HTTP/1.1" 201 Created
2026-02-08 01:03:03 - app.services.library_service - INFO - Adding document 'batch_684' with 1000 pre-computed chunks to corpus 806c13c2-01af-4ef3-9094-6bab514d631e
2026-02-08 01:10:06 - infrastructure.repositories.library_repository - INFO - Publishing event document.added to event bus
2026-02-08 01:10:06 - infrastructure.repositories.library_repository - INFO - Event document.added queued successfully
2026-02-08 01:10:06 - app.services.library_service - INFO - Added document 9e76a52a-1be7-4ec4-ad0a-109c41e325ac with 1000 chunks to corpus 806c13c2-01af-4ef3-9094-6bab514d631e
INFO:     127.0.0.1:41536 - "POST /v1/libraries/806c13c2-01af-4ef3-9094-6bab514d631e/documents/with-embeddings HTTP/1.1" 201 Created
2026-02-08 01:10:08 - app.services.library_service - INFO - Adding document 'batch_685' with 1000 pre-computed chunks to corpus 806c13c2-01af-4ef3-9094-6bab514d631e
2026-02-08 01:17:12 - infrastructure.repositories.library_repository - INFO - Publishing event document.added to event bus
2026-02-08 01:17:12 - infrastructure.repositories.library_repository - INFO - Event document.added queued successfully
2026-02-08 01:17:12 - app.services.library_service - INFO - Added document 29eb5592-7921-435b-8c00-a6f725b8e725 with 1000 chunks to corpus 806c13c2-01af-4ef3-9094-6bab514d631e
INFO:     127.0.0.1:41536 - "POST /v1/libraries/806c13c2-01af-4ef3-9094-6bab514d631e/documents/with-embeddings HTTP/1.1" 201 Created
2026-02-08 01:17:14 - app.services.library_service - INFO - Adding document 'batch_686' with 1000 pre-computed chunks to corpus 806c13c2-01af-4ef3-9094-6bab514d631e
2026-02-08 01:24:18 - infrastructure.repositories.library_repository - INFO - Publishing event document.added to event bus
2026-02-08 01:24:18 - infrastructure.repositories.library_repository - INFO - Event document.added queued successfully
2026-02-08 01:24:18 - app.services.library_service - INFO - Added document 624b215f-5ca3-4476-bdfd-324e3691dbc7 with 1000 chunks to corpus 806c13c2-01af-4ef3-9094-6bab514d631e
INFO:     127.0.0.1:41536 - "POST /v1/libraries/806c13c2-01af-4ef3-9094-6bab514d631e/documents/with-embeddings HTTP/1.1" 201 Created
2026-02-08 01:24:20 - app.services.library_service - INFO - Adding document 'batch_687' with 1000 pre-computed chunks to corpus 806c13c2-01af-4ef3-9094-6bab514d631e
2026-02-08 01:31:23 - infrastructure.repositories.library_repository - INFO - Publishing event document.added to event bus
2026-02-08 01:31:23 - infrastructure.repositories.library_repository - INFO - Event document.added queued successfully
2026-02-08 01:31:23 - app.services.library_service - INFO - Added document 6febc1d0-8a06-4604-8ee3-a35190688939 with 1000 chunks to corpus 806c13c2-01af-4ef3-9094-6bab514d631e
INFO:     127.0.0.1:41536 - "POST /v1/libraries/806c13c2-01af-4ef3-9094-6bab514d631e/documents/with-embeddings HTTP/1.1" 201 Created
2026-02-08 01:31:25 - app.services.library_service - INFO - Adding document 'batch_688' with 1000 pre-computed chunks to corpus 806c13c2-01af-4ef3-9094-6bab514d631e
2026-02-08 01:38:29 - infrastructure.repositories.library_repository - INFO - Publishing event document.added to event bus
2026-02-08 01:38:29 - infrastructure.repositories.library_repository - INFO - Event document.added queued successfully
2026-02-08 01:38:29 - app.services.library_service - INFO - Added document 750be381-197c-4fbd-b731-2ab4aec562e0 with 1000 chunks to corpus 806c13c2-01af-4ef3-9094-6bab514d631e
INFO:     127.0.0.1:41536 - "POST /v1/libraries/806c13c2-01af-4ef3-9094-6bab514d631e/documents/with-embeddings HTTP/1.1" 201 Created
2026-02-08 01:38:31 - app.services.library_service - INFO - Adding document 'batch_689' with 1000 pre-computed chunks to corpus 806c13c2-01af-4ef3-9094-6bab514d631e
2026-02-08 01:45:37 - infrastructure.repositories.library_repository - INFO - Publishing event document.added to event bus
2026-02-08 01:45:37 - infrastructure.repositories.library_repository - INFO - Event document.added queued successfully
2026-02-08 01:45:37 - app.services.library_service - INFO - Added document d5109491-06af-4b36-8b2a-3f8220f6346e with 1000 chunks to corpus 806c13c2-01af-4ef3-9094-6bab514d631e
INFO:     127.0.0.1:41536 - "POST /v1/libraries/806c13c2-01af-4ef3-9094-6bab514d631e/documents/with-embeddings HTTP/1.1" 201 Created
2026-02-08 01:45:39 - app.services.library_service - INFO - Adding document 'batch_690' with 1000 pre-computed chunks to corpus 806c13c2-01af-4ef3-9094-6bab514d631e
2026-02-08 01:52:43 - infrastructure.repositories.library_repository - INFO - Publishing event document.added to event bus
2026-02-08 01:52:43 - infrastructure.repositories.library_repository - INFO - Event document.added queued successfully
2026-02-08 01:52:43 - app.services.library_service - INFO - Added document b25dbf0b-0e59-4008-96c3-9da6fd6f4c88 with 1000 chunks to corpus 806c13c2-01af-4ef3-9094-6bab514d631e
INFO:     127.0.0.1:41536 - "POST /v1/libraries/806c13c2-01af-4ef3-9094-6bab514d631e/documents/with-embeddings HTTP/1.1" 201 Created
2026-02-08 01:52:45 - app.services.library_service - INFO - Adding document 'batch_691' with 1000 pre-computed chunks to corpus 806c13c2-01af-4ef3-9094-6bab514d631e
2026-02-08 01:59:48 - infrastructure.repositories.library_repository - INFO - Publishing event document.added to event bus
2026-02-08 01:59:48 - infrastructure.repositories.library_repository - INFO - Event document.added queued successfully
2026-02-08 01:59:48 - app.services.library_service - INFO - Added document f3c9bda1-48a5-4f26-b4bd-e3a51d7ab492 with 1000 chunks to corpus 806c13c2-01af-4ef3-9094-6bab514d631e
INFO:     127.0.0.1:41536 - "POST /v1/libraries/806c13c2-01af-4ef3-9094-6bab514d631e/documents/with-embeddings HTTP/1.1" 201 Created
2026-02-08 01:59:50 - app.services.library_service - INFO - Adding document 'batch_692' with 1000 pre-computed chunks to corpus 806c13c2-01af-4ef3-9094-6bab514d631e
2026-02-08 02:06:54 - infrastructure.repositories.library_repository - INFO - Publishing event document.added to event bus
2026-02-08 02:06:54 - infrastructure.repositories.library_repository - INFO - Event document.added queued successfully
2026-02-08 02:06:54 - app.services.library_service - INFO - Added document 80c102f7-27ee-404e-94d0-639a062dae55 with 1000 chunks to corpus 806c13c2-01af-4ef3-9094-6bab514d631e
INFO:     127.0.0.1:41536 - "POST /v1/libraries/806c13c2-01af-4ef3-9094-6bab514d631e/documents/with-embeddings HTTP/1.1" 201 Created
2026-02-08 02:06:56 - app.services.library_service - INFO - Adding document 'batch_693' with 1000 pre-computed chunks to corpus 806c13c2-01af-4ef3-9094-6bab514d631e
2026-02-08 02:14:01 - infrastructure.repositories.library_repository - INFO - Publishing event document.added to event bus
2026-02-08 02:14:01 - infrastructure.repositories.library_repository - INFO - Event document.added queued successfully
2026-02-08 02:14:01 - app.services.library_service - INFO - Added document a8a0c474-a458-40d7-ac50-61c9956dfb76 with 1000 chunks to corpus 806c13c2-01af-4ef3-9094-6bab514d631e
INFO:     127.0.0.1:41536 - "POST /v1/libraries/806c13c2-01af-4ef3-9094-6bab514d631e/documents/with-embeddings HTTP/1.1" 201 Created
2026-02-08 02:14:03 - app.services.library_service - INFO - Adding document 'batch_694' with 1000 pre-computed chunks to corpus 806c13c2-01af-4ef3-9094-6bab514d631e
2026-02-08 02:21:09 - infrastructure.repositories.library_repository - INFO - Publishing event document.added to event bus
2026-02-08 02:21:09 - infrastructure.repositories.library_repository - INFO - Event document.added queued successfully
2026-02-08 02:21:09 - app.services.library_service - INFO - Added document 53eeea12-8a36-4fa1-b3dd-f9a14f9a9782 with 1000 chunks to corpus 806c13c2-01af-4ef3-9094-6bab514d631e
INFO:     127.0.0.1:41536 - "POST /v1/libraries/806c13c2-01af-4ef3-9094-6bab514d631e/documents/with-embeddings HTTP/1.1" 201 Created
2026-02-08 02:21:11 - app.services.library_service - INFO - Adding document 'batch_695' with 1000 pre-computed chunks to corpus 806c13c2-01af-4ef3-9094-6bab514d631e
2026-02-08 02:28:17 - infrastructure.repositories.library_repository - INFO - Publishing event document.added to event bus
2026-02-08 02:28:17 - infrastructure.repositories.library_repository - INFO - Event document.added queued successfully
2026-02-08 02:28:17 - app.services.library_service - INFO - Added document 03933772-583a-4754-bff2-059abe71233f with 1000 chunks to corpus 806c13c2-01af-4ef3-9094-6bab514d631e
INFO:     127.0.0.1:41536 - "POST /v1/libraries/806c13c2-01af-4ef3-9094-6bab514d631e/documents/with-embeddings HTTP/1.1" 201 Created
2026-02-08 02:28:19 - app.services.library_service - INFO - Adding document 'batch_696' with 1000 pre-computed chunks to corpus 806c13c2-01af-4ef3-9094-6bab514d631e
2026-02-08 02:35:23 - infrastructure.repositories.library_repository - INFO - Publishing event document.added to event bus
2026-02-08 02:35:23 - infrastructure.repositories.library_repository - INFO - Event document.added queued successfully
2026-02-08 02:35:23 - app.services.library_service - INFO - Added document 10ce2546-56d1-43df-8267-8bd6cdeb46ad with 1000 chunks to corpus 806c13c2-01af-4ef3-9094-6bab514d631e
INFO:     127.0.0.1:41536 - "POST /v1/libraries/806c13c2-01af-4ef3-9094-6bab514d631e/documents/with-embeddings HTTP/1.1" 201 Created
2026-02-08 02:35:25 - app.services.library_service - INFO - Adding document 'batch_697' with 1000 pre-computed chunks to corpus 806c13c2-01af-4ef3-9094-6bab514d631e
2026-02-08 02:42:29 - infrastructure.repositories.library_repository - INFO - Publishing event document.added to event bus
2026-02-08 02:42:29 - infrastructure.repositories.library_repository - INFO - Event document.added queued successfully
2026-02-08 02:42:29 - app.services.library_service - INFO - Added document adbff4b9-51eb-4337-b434-1018db8b2eca with 1000 chunks to corpus 806c13c2-01af-4ef3-9094-6bab514d631e
INFO:     127.0.0.1:41536 - "POST /v1/libraries/806c13c2-01af-4ef3-9094-6bab514d631e/documents/with-embeddings HTTP/1.1" 201 Created
2026-02-08 02:42:31 - app.services.library_service - INFO - Adding document 'batch_698' with 1000 pre-computed chunks to corpus 806c13c2-01af-4ef3-9094-6bab514d631e
2026-02-08 02:49:39 - infrastructure.repositories.library_repository - INFO - Publishing event document.added to event bus
2026-02-08 02:49:39 - infrastructure.repositories.library_repository - INFO - Event document.added queued successfully
2026-02-08 02:49:39 - app.services.library_service - INFO - Added document ef7be2e1-7be0-4bb0-ad15-2860c5873121 with 1000 chunks to corpus 806c13c2-01af-4ef3-9094-6bab514d631e
INFO:     127.0.0.1:41536 - "POST /v1/libraries/806c13c2-01af-4ef3-9094-6bab514d631e/documents/with-embeddings HTTP/1.1" 201 Created
2026-02-08 02:49:41 - app.services.library_service - INFO - Adding document 'batch_699' with 1000 pre-computed chunks to corpus 806c13c2-01af-4ef3-9094-6bab514d631e
2026-02-08 02:56:45 - infrastructure.repositories.library_repository - INFO - Publishing event document.added to event bus
2026-02-08 02:56:45 - infrastructure.repositories.library_repository - INFO - Event document.added queued successfully
2026-02-08 02:56:45 - app.services.library_service - INFO - Added document 19e7b908-8df5-4fb3-ae2e-481ee4b33afa with 1000 chunks to corpus 806c13c2-01af-4ef3-9094-6bab514d631e
INFO:     127.0.0.1:41536 - "POST /v1/libraries/806c13c2-01af-4ef3-9094-6bab514d631e/documents/with-embeddings HTTP/1.1" 201 Created
2026-02-08 02:56:47 - app.services.library_service - INFO - Adding document 'batch_700' with 1000 pre-computed chunks to corpus 806c13c2-01af-4ef3-9094-6bab514d631e
2026-02-08 03:03:52 - infrastructure.repositories.library_repository - INFO - Publishing event document.added to event bus
2026-02-08 03:03:52 - infrastructure.repositories.library_repository - INFO - Event document.added queued successfully
2026-02-08 03:03:52 - app.services.library_service - INFO - Added document 062be1fa-907a-435e-a42f-1be8d7595787 with 1000 chunks to corpus 806c13c2-01af-4ef3-9094-6bab514d631e
INFO:     127.0.0.1:41536 - "POST /v1/libraries/806c13c2-01af-4ef3-9094-6bab514d631e/documents/with-embeddings HTTP/1.1" 201 Created
2026-02-08 03:03:54 - app.services.library_service - INFO - Adding document 'batch_701' with 1000 pre-computed chunks to corpus 806c13c2-01af-4ef3-9094-6bab514d631e
2026-02-08 03:10:57 - infrastructure.repositories.library_repository - INFO - Publishing event document.added to event bus
2026-02-08 03:10:57 - infrastructure.repositories.library_repository - INFO - Event document.added queued successfully
2026-02-08 03:10:57 - app.services.library_service - INFO - Added document 6ad0af64-d4c7-4a40-9035-9bdf58ec4cf8 with 1000 chunks to corpus 806c13c2-01af-4ef3-9094-6bab514d631e
INFO:     127.0.0.1:41536 - "POST /v1/libraries/806c13c2-01af-4ef3-9094-6bab514d631e/documents/with-embeddings HTTP/1.1" 201 Created
2026-02-08 03:11:00 - app.services.library_service - INFO - Adding document 'batch_702' with 1000 pre-computed chunks to corpus 806c13c2-01af-4ef3-9094-6bab514d631e
2026-02-08 03:18:02 - infrastructure.repositories.library_repository - INFO - Publishing event document.added to event bus
2026-02-08 03:18:02 - infrastructure.repositories.library_repository - INFO - Event document.added queued successfully
2026-02-08 03:18:02 - app.services.library_service - INFO - Added document ea97edaa-0eb3-4d6a-9c64-f0cba4400f53 with 1000 chunks to corpus 806c13c2-01af-4ef3-9094-6bab514d631e
INFO:     127.0.0.1:41536 - "POST /v1/libraries/806c13c2-01af-4ef3-9094-6bab514d631e/documents/with-embeddings HTTP/1.1" 201 Created
2026-02-08 03:18:05 - app.services.library_service - INFO - Adding document 'batch_703' with 1000 pre-computed chunks to corpus 806c13c2-01af-4ef3-9094-6bab514d631e
2026-02-08 03:25:08 - infrastructure.repositories.library_repository - INFO - Publishing event document.added to event bus
2026-02-08 03:25:08 - infrastructure.repositories.library_repository - INFO - Event document.added queued successfully
2026-02-08 03:25:08 - app.services.library_service - INFO - Added document f111919b-ef55-4e7c-b9db-d37440f7569b with 1000 chunks to corpus 806c13c2-01af-4ef3-9094-6bab514d631e
INFO:     127.0.0.1:41536 - "POST /v1/libraries/806c13c2-01af-4ef3-9094-6bab514d631e/documents/with-embeddings HTTP/1.1" 201 Created
2026-02-08 03:25:10 - app.services.library_service - INFO - Adding document 'batch_704' with 1000 pre-computed chunks to corpus 806c13c2-01af-4ef3-9094-6bab514d631e
2026-02-08 03:32:15 - infrastructure.repositories.library_repository - INFO - Publishing event document.added to event bus
2026-02-08 03:32:15 - infrastructure.repositories.library_repository - INFO - Event document.added queued successfully
2026-02-08 03:32:15 - app.services.library_service - INFO - Added document 76f58478-10e7-4a84-a75e-626e5c665009 with 1000 chunks to corpus 806c13c2-01af-4ef3-9094-6bab514d631e
INFO:     127.0.0.1:41536 - "POST /v1/libraries/806c13c2-01af-4ef3-9094-6bab514d631e/documents/with-embeddings HTTP/1.1" 201 Created
2026-02-08 03:32:17 - app.services.library_service - INFO - Adding document 'batch_705' with 1000 pre-computed chunks to corpus 806c13c2-01af-4ef3-9094-6bab514d631e
2026-02-08 03:39:20 - infrastructure.repositories.library_repository - INFO - Publishing event document.added to event bus
2026-02-08 03:39:20 - infrastructure.repositories.library_repository - INFO - Event document.added queued successfully
2026-02-08 03:39:20 - app.services.library_service - INFO - Added document 14712968-e95a-4f22-a5cd-0adfc0cd1d96 with 1000 chunks to corpus 806c13c2-01af-4ef3-9094-6bab514d631e
INFO:     127.0.0.1:41536 - "POST /v1/libraries/806c13c2-01af-4ef3-9094-6bab514d631e/documents/with-embeddings HTTP/1.1" 201 Created
2026-02-08 03:39:22 - app.services.library_service - INFO - Adding document 'batch_706' with 1000 pre-computed chunks to corpus 806c13c2-01af-4ef3-9094-6bab514d631e
2026-02-08 03:46:27 - infrastructure.repositories.library_repository - INFO - Publishing event document.added to event bus
2026-02-08 03:46:27 - infrastructure.repositories.library_repository - INFO - Event document.added queued successfully
2026-02-08 03:46:27 - app.services.library_service - INFO - Added document 4ae56441-719c-4a78-ab35-f3cb2fa9dc67 with 1000 chunks to corpus 806c13c2-01af-4ef3-9094-6bab514d631e
INFO:     127.0.0.1:41536 - "POST /v1/libraries/806c13c2-01af-4ef3-9094-6bab514d631e/documents/with-embeddings HTTP/1.1" 201 Created
2026-02-08 03:46:29 - app.services.library_service - INFO - Adding document 'batch_707' with 1000 pre-computed chunks to corpus 806c13c2-01af-4ef3-9094-6bab514d631e
2026-02-08 03:53:33 - infrastructure.repositories.library_repository - INFO - Publishing event document.added to event bus
2026-02-08 03:53:33 - infrastructure.repositories.library_repository - INFO - Event document.added queued successfully
2026-02-08 03:53:33 - app.services.library_service - INFO - Added document 4690c29e-58fc-4dd2-9c2c-a931186e7061 with 1000 chunks to corpus 806c13c2-01af-4ef3-9094-6bab514d631e
INFO:     127.0.0.1:41536 - "POST /v1/libraries/806c13c2-01af-4ef3-9094-6bab514d631e/documents/with-embeddings HTTP/1.1" 201 Created
2026-02-08 03:53:36 - app.services.library_service - INFO - Adding document 'batch_708' with 1000 pre-computed chunks to corpus 806c13c2-01af-4ef3-9094-6bab514d631e
2026-02-08 04:00:42 - infrastructure.repositories.library_repository - INFO - Publishing event document.added to event bus
2026-02-08 04:00:42 - infrastructure.repositories.library_repository - INFO - Event document.added queued successfully
2026-02-08 04:00:42 - app.services.library_service - INFO - Added document 5671a909-056b-404e-97d4-d069ab5da044 with 1000 chunks to corpus 806c13c2-01af-4ef3-9094-6bab514d631e
INFO:     127.0.0.1:41536 - "POST /v1/libraries/806c13c2-01af-4ef3-9094-6bab514d631e/documents/with-embeddings HTTP/1.1" 201 Created
2026-02-08 04:00:44 - app.services.library_service - INFO - Adding document 'batch_709' with 1000 pre-computed chunks to corpus 806c13c2-01af-4ef3-9094-6bab514d631e
2026-02-08 04:07:50 - infrastructure.repositories.library_repository - INFO - Publishing event document.added to event bus
2026-02-08 04:07:50 - infrastructure.repositories.library_repository - INFO - Event document.added queued successfully
2026-02-08 04:07:50 - app.services.library_service - INFO - Added document cc6c2ec2-9887-4e6d-8433-c21c910fd40c with 1000 chunks to corpus 806c13c2-01af-4ef3-9094-6bab514d631e
INFO:     127.0.0.1:41536 - "POST /v1/libraries/806c13c2-01af-4ef3-9094-6bab514d631e/documents/with-embeddings HTTP/1.1" 201 Created
2026-02-08 04:07:59 - app.services.library_service - INFO - Adding document 'batch_710' with 1000 pre-computed chunks to corpus 806c13c2-01af-4ef3-9094-6bab514d631e
2026-02-08 04:15:08 - infrastructure.repositories.library_repository - INFO - Publishing event document.added to event bus
2026-02-08 04:15:08 - infrastructure.repositories.library_repository - INFO - Event document.added queued successfully
2026-02-08 04:15:08 - app.services.library_service - INFO - Added document e7f4124a-66d2-4997-8de9-abd6d63d8c3f with 1000 chunks to corpus 806c13c2-01af-4ef3-9094-6bab514d631e
INFO:     127.0.0.1:41536 - "POST /v1/libraries/806c13c2-01af-4ef3-9094-6bab514d631e/documents/with-embeddings HTTP/1.1" 201 Created
2026-02-08 04:15:10 - app.services.library_service - INFO - Adding document 'batch_711' with 1000 pre-computed chunks to corpus 806c13c2-01af-4ef3-9094-6bab514d631e
2026-02-08 04:22:18 - infrastructure.repositories.library_repository - INFO - Publishing event document.added to event bus
2026-02-08 04:22:18 - infrastructure.repositories.library_repository - INFO - Event document.added queued successfully
2026-02-08 04:22:18 - app.services.library_service - INFO - Added document 71f04260-39fb-44ed-a492-ef1a1d2fd6c8 with 1000 chunks to corpus 806c13c2-01af-4ef3-9094-6bab514d631e
INFO:     127.0.0.1:41536 - "POST /v1/libraries/806c13c2-01af-4ef3-9094-6bab514d631e/documents/with-embeddings HTTP/1.1" 201 Created
2026-02-08 04:22:21 - app.services.library_service - INFO - Adding document 'batch_712' with 1000 pre-computed chunks to corpus 806c13c2-01af-4ef3-9094-6bab514d631e
2026-02-08 04:29:28 - infrastructure.repositories.library_repository - INFO - Publishing event document.added to event bus
2026-02-08 04:29:28 - infrastructure.repositories.library_repository - INFO - Event document.added queued successfully
2026-02-08 04:29:28 - app.services.library_service - INFO - Added document dafc08a9-6d5f-4c97-830e-c523f450d12d with 1000 chunks to corpus 806c13c2-01af-4ef3-9094-6bab514d631e
INFO:     127.0.0.1:41536 - "POST /v1/libraries/806c13c2-01af-4ef3-9094-6bab514d631e/documents/with-embeddings HTTP/1.1" 201 Created
2026-02-08 04:29:31 - app.services.library_service - INFO - Adding document 'batch_713' with 1000 pre-computed chunks to corpus 806c13c2-01af-4ef3-9094-6bab514d631e
2026-02-08 04:36:39 - infrastructure.repositories.library_repository - INFO - Publishing event document.added to event bus
2026-02-08 04:36:39 - infrastructure.repositories.library_repository - INFO - Event document.added queued successfully
2026-02-08 04:36:39 - app.services.library_service - INFO - Added document e666db77-81f1-4b94-97fc-91cc71f7768f with 1000 chunks to corpus 806c13c2-01af-4ef3-9094-6bab514d631e
INFO:     127.0.0.1:41536 - "POST /v1/libraries/806c13c2-01af-4ef3-9094-6bab514d631e/documents/with-embeddings HTTP/1.1" 201 Created
2026-02-08 04:36:41 - app.services.library_service - INFO - Adding document 'batch_714' with 1000 pre-computed chunks to corpus 806c13c2-01af-4ef3-9094-6bab514d631e
2026-02-08 04:43:49 - infrastructure.repositories.library_repository - INFO - Publishing event document.added to event bus
2026-02-08 04:43:49 - infrastructure.repositories.library_repository - INFO - Event document.added queued successfully
2026-02-08 04:43:49 - app.services.library_service - INFO - Added document 42ba118d-3069-4fbd-878b-5894fcd0efac with 1000 chunks to corpus 806c13c2-01af-4ef3-9094-6bab514d631e
INFO:     127.0.0.1:41536 - "POST /v1/libraries/806c13c2-01af-4ef3-9094-6bab514d631e/documents/with-embeddings HTTP/1.1" 201 Created
2026-02-08 04:43:51 - app.services.library_service - INFO - Adding document 'batch_715' with 1000 pre-computed chunks to corpus 806c13c2-01af-4ef3-9094-6bab514d631e
2026-02-08 04:50:59 - infrastructure.repositories.library_repository - INFO - Publishing event document.added to event bus
2026-02-08 04:50:59 - infrastructure.repositories.library_repository - INFO - Event document.added queued successfully
2026-02-08 04:50:59 - app.services.library_service - INFO - Added document f161c955-3a2f-4176-80bb-5f1ec26b493a with 1000 chunks to corpus 806c13c2-01af-4ef3-9094-6bab514d631e
INFO:     127.0.0.1:41536 - "POST /v1/libraries/806c13c2-01af-4ef3-9094-6bab514d631e/documents/with-embeddings HTTP/1.1" 201 Created
2026-02-08 04:51:01 - app.services.library_service - INFO - Adding document 'batch_716' with 1000 pre-computed chunks to corpus 806c13c2-01af-4ef3-9094-6bab514d631e
2026-02-08 04:58:10 - infrastructure.repositories.library_repository - INFO - Publishing event document.added to event bus
2026-02-08 04:58:10 - infrastructure.repositories.library_repository - INFO - Event document.added queued successfully
2026-02-08 04:58:10 - app.services.library_service - INFO - Added document 227c4684-0e35-4419-a8c2-66b0c2e3e137 with 1000 chunks to corpus 806c13c2-01af-4ef3-9094-6bab514d631e
INFO:     127.0.0.1:41536 - "POST /v1/libraries/806c13c2-01af-4ef3-9094-6bab514d631e/documents/with-embeddings HTTP/1.1" 201 Created
2026-02-08 04:58:12 - app.services.library_service - INFO - Adding document 'batch_717' with 1000 pre-computed chunks to corpus 806c13c2-01af-4ef3-9094-6bab514d631e
2026-02-08 05:05:19 - infrastructure.repositories.library_repository - INFO - Publishing event document.added to event bus
2026-02-08 05:05:19 - infrastructure.repositories.library_repository - INFO - Event document.added queued successfully
2026-02-08 05:05:19 - app.services.library_service - INFO - Added document 38b83236-11a9-40a6-911b-adc85705ed2f with 1000 chunks to corpus 806c13c2-01af-4ef3-9094-6bab514d631e
INFO:     127.0.0.1:41536 - "POST /v1/libraries/806c13c2-01af-4ef3-9094-6bab514d631e/documents/with-embeddings HTTP/1.1" 201 Created
2026-02-08 05:05:21 - app.services.library_service - INFO - Adding document 'batch_718' with 1000 pre-computed chunks to corpus 806c13c2-01af-4ef3-9094-6bab514d631e
2026-02-08 05:12:30 - infrastructure.repositories.library_repository - INFO - Publishing event document.added to event bus
2026-02-08 05:12:30 - infrastructure.repositories.library_repository - INFO - Event document.added queued successfully
2026-02-08 05:12:30 - app.services.library_service - INFO - Added document 40c835de-7162-45af-8d01-f78001e7daff with 1000 chunks to corpus 806c13c2-01af-4ef3-9094-6bab514d631e
INFO:     127.0.0.1:41536 - "POST /v1/libraries/806c13c2-01af-4ef3-9094-6bab514d631e/documents/with-embeddings HTTP/1.1" 201 Created
2026-02-08 05:12:33 - app.services.library_service - INFO - Adding document 'batch_719' with 1000 pre-computed chunks to corpus 806c13c2-01af-4ef3-9094-6bab514d631e
2026-02-08 05:19:42 - infrastructure.repositories.library_repository - INFO - Publishing event document.added to event bus
2026-02-08 05:19:42 - infrastructure.repositories.library_repository - INFO - Event document.added queued successfully
2026-02-08 05:19:42 - app.services.library_service - INFO - Added document 45c0cb25-e8d1-4a6f-b543-648f5fdeed28 with 1000 chunks to corpus 806c13c2-01af-4ef3-9094-6bab514d631e
INFO:     127.0.0.1:41536 - "POST /v1/libraries/806c13c2-01af-4ef3-9094-6bab514d631e/documents/with-embeddings HTTP/1.1" 201 Created
2026-02-08 05:19:44 - app.services.library_service - INFO - Adding document 'batch_720' with 1000 pre-computed chunks to corpus 806c13c2-01af-4ef3-9094-6bab514d631e
2026-02-08 05:26:55 - infrastructure.repositories.library_repository - INFO - Publishing event document.added to event bus
2026-02-08 05:26:55 - infrastructure.repositories.library_repository - INFO - Event document.added queued successfully
2026-02-08 05:26:55 - app.services.library_service - INFO - Added document b3410da4-7b28-4186-8fa9-665a90721b19 with 1000 chunks to corpus 806c13c2-01af-4ef3-9094-6bab514d631e
INFO:     127.0.0.1:41536 - "POST /v1/libraries/806c13c2-01af-4ef3-9094-6bab514d631e/documents/with-embeddings HTTP/1.1" 201 Created
2026-02-08 05:26:57 - app.services.library_service - INFO - Adding document 'batch_721' with 1000 pre-computed chunks to corpus 806c13c2-01af-4ef3-9094-6bab514d631e
2026-02-08 05:34:04 - infrastructure.repositories.library_repository - INFO - Publishing event document.added to event bus
2026-02-08 05:34:04 - infrastructure.repositories.library_repository - INFO - Event document.added queued successfully
2026-02-08 05:34:04 - app.services.library_service - INFO - Added document 72c33efd-79c3-4ca8-a060-1f5aaf053222 with 1000 chunks to corpus 806c13c2-01af-4ef3-9094-6bab514d631e
INFO:     127.0.0.1:41536 - "POST /v1/libraries/806c13c2-01af-4ef3-9094-6bab514d631e/documents/with-embeddings HTTP/1.1" 201 Created
2026-02-08 05:34:06 - app.services.library_service - INFO - Adding document 'batch_722' with 1000 pre-computed chunks to corpus 806c13c2-01af-4ef3-9094-6bab514d631e
2026-02-08 05:41:14 - infrastructure.repositories.library_repository - INFO - Publishing event document.added to event bus
2026-02-08 05:41:14 - infrastructure.repositories.library_repository - INFO - Event document.added queued successfully
2026-02-08 05:41:14 - app.services.library_service - INFO - Added document bc0af783-63df-4820-94d4-6c0a5fe07c6c with 1000 chunks to corpus 806c13c2-01af-4ef3-9094-6bab514d631e
INFO:     127.0.0.1:41536 - "POST /v1/libraries/806c13c2-01af-4ef3-9094-6bab514d631e/documents/with-embeddings HTTP/1.1" 201 Created
2026-02-08 05:41:16 - app.services.library_service - INFO - Adding document 'batch_723' with 1000 pre-computed chunks to corpus 806c13c2-01af-4ef3-9094-6bab514d631e
2026-02-08 05:48:24 - infrastructure.repositories.library_repository - INFO - Publishing event document.added to event bus
2026-02-08 05:48:24 - infrastructure.repositories.library_repository - INFO - Event document.added queued successfully
2026-02-08 05:48:24 - app.services.library_service - INFO - Added document 409c2c02-2d9a-494b-bd93-645acc99c170 with 1000 chunks to corpus 806c13c2-01af-4ef3-9094-6bab514d631e
INFO:     127.0.0.1:41536 - "POST /v1/libraries/806c13c2-01af-4ef3-9094-6bab514d631e/documents/with-embeddings HTTP/1.1" 201 Created
2026-02-08 05:48:26 - app.services.library_service - INFO - Adding document 'batch_724' with 1000 pre-computed chunks to corpus 806c13c2-01af-4ef3-9094-6bab514d631e
2026-02-08 05:55:36 - infrastructure.repositories.library_repository - INFO - Publishing event document.added to event bus
2026-02-08 05:55:36 - infrastructure.repositories.library_repository - INFO - Event document.added queued successfully
2026-02-08 05:55:36 - app.services.library_service - INFO - Added document 3a24d3e2-183d-48a8-b431-aa0f7fd5b301 with 1000 chunks to corpus 806c13c2-01af-4ef3-9094-6bab514d631e
INFO:     127.0.0.1:41536 - "POST /v1/libraries/806c13c2-01af-4ef3-9094-6bab514d631e/documents/with-embeddings HTTP/1.1" 201 Created
2026-02-08 05:55:38 - app.services.library_service - INFO - Adding document 'batch_725' with 1000 pre-computed chunks to corpus 806c13c2-01af-4ef3-9094-6bab514d631e
2026-02-08 06:02:46 - infrastructure.repositories.library_repository - INFO - Publishing event document.added to event bus
2026-02-08 06:02:46 - infrastructure.repositories.library_repository - INFO - Event document.added queued successfully
2026-02-08 06:02:46 - app.services.library_service - INFO - Added document 764b293e-a062-4c3a-be08-7c061714cf69 with 1000 chunks to corpus 806c13c2-01af-4ef3-9094-6bab514d631e
INFO:     127.0.0.1:41536 - "POST /v1/libraries/806c13c2-01af-4ef3-9094-6bab514d631e/documents/with-embeddings HTTP/1.1" 201 Created
2026-02-08 06:02:49 - app.services.library_service - INFO - Adding document 'batch_726' with 1000 pre-computed chunks to corpus 806c13c2-01af-4ef3-9094-6bab514d631e
2026-02-08 06:09:55 - infrastructure.repositories.library_repository - INFO - Publishing event document.added to event bus
2026-02-08 06:09:55 - infrastructure.repositories.library_repository - INFO - Event document.added queued successfully
2026-02-08 06:09:55 - app.services.library_service - INFO - Added document 2bd831af-ddb0-4b20-92d4-39e5807bd717 with 1000 chunks to corpus 806c13c2-01af-4ef3-9094-6bab514d631e
INFO:     127.0.0.1:41536 - "POST /v1/libraries/806c13c2-01af-4ef3-9094-6bab514d631e/documents/with-embeddings HTTP/1.1" 201 Created
2026-02-08 06:09:57 - app.services.library_service - INFO - Adding document 'batch_727' with 1000 pre-computed chunks to corpus 806c13c2-01af-4ef3-9094-6bab514d631e
2026-02-08 06:17:03 - infrastructure.repositories.library_repository - INFO - Publishing event document.added to event bus
2026-02-08 06:17:03 - infrastructure.repositories.library_repository - INFO - Event document.added queued successfully
2026-02-08 06:17:03 - app.services.library_service - INFO - Added document 19080f66-ceb1-43e4-aaf7-18e4382af657 with 1000 chunks to corpus 806c13c2-01af-4ef3-9094-6bab514d631e
INFO:     127.0.0.1:41536 - "POST /v1/libraries/806c13c2-01af-4ef3-9094-6bab514d631e/documents/with-embeddings HTTP/1.1" 201 Created
2026-02-08 06:17:06 - app.services.library_service - INFO - Adding document 'batch_728' with 1000 pre-computed chunks to corpus 806c13c2-01af-4ef3-9094-6bab514d631e
2026-02-08 06:24:14 - infrastructure.repositories.library_repository - INFO - Publishing event document.added to event bus
2026-02-08 06:24:14 - infrastructure.repositories.library_repository - INFO - Event document.added queued successfully
2026-02-08 06:24:14 - app.services.library_service - INFO - Added document fd36d955-6d06-4957-ae96-3d7900ed67bd with 1000 chunks to corpus 806c13c2-01af-4ef3-9094-6bab514d631e
INFO:     127.0.0.1:41536 - "POST /v1/libraries/806c13c2-01af-4ef3-9094-6bab514d631e/documents/with-embeddings HTTP/1.1" 201 Created
2026-02-08 06:24:17 - app.services.library_service - INFO - Adding document 'batch_729' with 1000 pre-computed chunks to corpus 806c13c2-01af-4ef3-9094-6bab514d631e
2026-02-08 06:31:24 - infrastructure.repositories.library_repository - INFO - Publishing event document.added to event bus
2026-02-08 06:31:24 - infrastructure.repositories.library_repository - INFO - Event document.added queued successfully
2026-02-08 06:31:24 - app.services.library_service - INFO - Added document 8671c886-320a-45c8-ae77-81d498121a86 with 1000 chunks to corpus 806c13c2-01af-4ef3-9094-6bab514d631e
INFO:     127.0.0.1:41536 - "POST /v1/libraries/806c13c2-01af-4ef3-9094-6bab514d631e/documents/with-embeddings HTTP/1.1" 201 Created
2026-02-08 06:31:26 - app.services.library_service - INFO - Adding document 'batch_730' with 1000 pre-computed chunks to corpus 806c13c2-01af-4ef3-9094-6bab514d631e
2026-02-08 06:38:29 - infrastructure.repositories.library_repository - INFO - Publishing event document.added to event bus
2026-02-08 06:38:29 - infrastructure.repositories.library_repository - INFO - Event document.added queued successfully
2026-02-08 06:38:29 - app.services.library_service - INFO - Added document 4f1b3654-c522-4564-a33a-c168ad968367 with 1000 chunks to corpus 806c13c2-01af-4ef3-9094-6bab514d631e
INFO:     127.0.0.1:41536 - "POST /v1/libraries/806c13c2-01af-4ef3-9094-6bab514d631e/documents/with-embeddings HTTP/1.1" 201 Created
2026-02-08 06:38:32 - app.services.library_service - INFO - Adding document 'batch_731' with 1000 pre-computed chunks to corpus 806c13c2-01af-4ef3-9094-6bab514d631e
2026-02-08 06:45:39 - infrastructure.repositories.library_repository - INFO - Publishing event document.added to event bus
2026-02-08 06:45:39 - infrastructure.repositories.library_repository - INFO - Event document.added queued successfully
2026-02-08 06:45:39 - app.services.library_service - INFO - Added document 910e6d39-fafa-45fd-a38f-8d4f6efbd23b with 1000 chunks to corpus 806c13c2-01af-4ef3-9094-6bab514d631e
INFO:     127.0.0.1:41536 - "POST /v1/libraries/806c13c2-01af-4ef3-9094-6bab514d631e/documents/with-embeddings HTTP/1.1" 201 Created
2026-02-08 06:45:41 - app.services.library_service - INFO - Adding document 'batch_732' with 1000 pre-computed chunks to corpus 806c13c2-01af-4ef3-9094-6bab514d631e
2026-02-08 06:52:48 - infrastructure.repositories.library_repository - INFO - Publishing event document.added to event bus
2026-02-08 06:52:48 - infrastructure.repositories.library_repository - INFO - Event document.added queued successfully
2026-02-08 06:52:48 - app.services.library_service - INFO - Added document 6aada524-abbc-4b26-82dc-e53a8b028837 with 1000 chunks to corpus 806c13c2-01af-4ef3-9094-6bab514d631e
INFO:     127.0.0.1:41536 - "POST /v1/libraries/806c13c2-01af-4ef3-9094-6bab514d631e/documents/with-embeddings HTTP/1.1" 201 Created
2026-02-08 06:52:50 - app.services.library_service - INFO - Adding document 'batch_733' with 1000 pre-computed chunks to corpus 806c13c2-01af-4ef3-9094-6bab514d631e
2026-02-08 06:59:58 - infrastructure.repositories.library_repository - INFO - Publishing event document.added to event bus
2026-02-08 06:59:58 - infrastructure.repositories.library_repository - INFO - Event document.added queued successfully
2026-02-08 06:59:58 - app.services.library_service - INFO - Added document 49accc1a-b762-43ab-a491-cb684ca3fcbe with 1000 chunks to corpus 806c13c2-01af-4ef3-9094-6bab514d631e
INFO:     127.0.0.1:41536 - "POST /v1/libraries/806c13c2-01af-4ef3-9094-6bab514d631e/documents/with-embeddings HTTP/1.1" 201 Created
2026-02-08 07:00:00 - app.services.library_service - INFO - Adding document 'batch_734' with 1000 pre-computed chunks to corpus 806c13c2-01af-4ef3-9094-6bab514d631e
2026-02-08 07:07:08 - infrastructure.repositories.library_repository - INFO - Publishing event document.added to event bus
2026-02-08 07:07:08 - infrastructure.repositories.library_repository - INFO - Event document.added queued successfully
2026-02-08 07:07:08 - app.services.library_service - INFO - Added document bab1e77a-ac33-40a1-a402-24fe88747937 with 1000 chunks to corpus 806c13c2-01af-4ef3-9094-6bab514d631e
INFO:     127.0.0.1:41536 - "POST /v1/libraries/806c13c2-01af-4ef3-9094-6bab514d631e/documents/with-embeddings HTTP/1.1" 201 Created
2026-02-08 07:07:10 - app.services.library_service - INFO - Adding document 'batch_735' with 1000 pre-computed chunks to corpus 806c13c2-01af-4ef3-9094-6bab514d631e
2026-02-08 07:14:18 - infrastructure.repositories.library_repository - INFO - Publishing event document.added to event bus
2026-02-08 07:14:18 - infrastructure.repositories.library_repository - INFO - Event document.added queued successfully
2026-02-08 07:14:18 - app.services.library_service - INFO - Added document b3944634-2e6e-4496-abc5-239fde9156a7 with 1000 chunks to corpus 806c13c2-01af-4ef3-9094-6bab514d631e
INFO:     127.0.0.1:41536 - "POST /v1/libraries/806c13c2-01af-4ef3-9094-6bab514d631e/documents/with-embeddings HTTP/1.1" 201 Created
2026-02-08 07:14:21 - app.services.library_service - INFO - Adding document 'batch_736' with 1000 pre-computed chunks to corpus 806c13c2-01af-4ef3-9094-6bab514d631e
2026-02-08 07:21:27 - infrastructure.repositories.library_repository - INFO - Publishing event document.added to event bus
2026-02-08 07:21:27 - infrastructure.repositories.library_repository - INFO - Event document.added queued successfully
2026-02-08 07:21:27 - app.services.library_service - INFO - Added document 8a4d54ca-dadb-48ba-bde0-f2a1f58241f2 with 1000 chunks to corpus 806c13c2-01af-4ef3-9094-6bab514d631e
INFO:     127.0.0.1:41536 - "POST /v1/libraries/806c13c2-01af-4ef3-9094-6bab514d631e/documents/with-embeddings HTTP/1.1" 201 Created
2026-02-08 07:21:29 - app.services.library_service - INFO - Adding document 'batch_737' with 1000 pre-computed chunks to corpus 806c13c2-01af-4ef3-9094-6bab514d631e
2026-02-08 07:28:35 - infrastructure.repositories.library_repository - INFO - Publishing event document.added to event bus
2026-02-08 07:28:35 - infrastructure.repositories.library_repository - INFO - Event document.added queued successfully
2026-02-08 07:28:35 - app.services.library_service - INFO - Added document ef42ed3a-0239-4792-a19a-5848617e764a with 1000 chunks to corpus 806c13c2-01af-4ef3-9094-6bab514d631e
INFO:     127.0.0.1:41536 - "POST /v1/libraries/806c13c2-01af-4ef3-9094-6bab514d631e/documents/with-embeddings HTTP/1.1" 201 Created
2026-02-08 07:28:37 - app.services.library_service - INFO - Adding document 'batch_738' with 1000 pre-computed chunks to corpus 806c13c2-01af-4ef3-9094-6bab514d631e
2026-02-08 07:35:44 - infrastructure.repositories.library_repository - INFO - Publishing event document.added to event bus
2026-02-08 07:35:44 - infrastructure.repositories.library_repository - INFO - Event document.added queued successfully
2026-02-08 07:35:44 - app.services.library_service - INFO - Added document 0dcf95c8-1b3a-4646-950f-8d1b1e076c89 with 1000 chunks to corpus 806c13c2-01af-4ef3-9094-6bab514d631e
INFO:     127.0.0.1:41536 - "POST /v1/libraries/806c13c2-01af-4ef3-9094-6bab514d631e/documents/with-embeddings HTTP/1.1" 201 Created
2026-02-08 07:35:47 - app.services.library_service - INFO - Adding document 'batch_739' with 1000 pre-computed chunks to corpus 806c13c2-01af-4ef3-9094-6bab514d631e
2026-02-08 07:42:53 - infrastructure.repositories.library_repository - INFO - Publishing event document.added to event bus
2026-02-08 07:42:53 - infrastructure.repositories.library_repository - INFO - Event document.added queued successfully
2026-02-08 07:42:53 - app.services.library_service - INFO - Added document a4ed94c5-106c-4bb0-babf-4f087fded454 with 1000 chunks to corpus 806c13c2-01af-4ef3-9094-6bab514d631e
INFO:     127.0.0.1:41536 - "POST /v1/libraries/806c13c2-01af-4ef3-9094-6bab514d631e/documents/with-embeddings HTTP/1.1" 201 Created
2026-02-08 07:42:56 - app.services.library_service - INFO - Adding document 'batch_740' with 1000 pre-computed chunks to corpus 806c13c2-01af-4ef3-9094-6bab514d631e
2026-02-08 07:50:03 - infrastructure.repositories.library_repository - INFO - Publishing event document.added to event bus
2026-02-08 07:50:03 - infrastructure.repositories.library_repository - INFO - Event document.added queued successfully
2026-02-08 07:50:03 - app.services.library_service - INFO - Added document 1d5d35b7-ecce-4ee4-b7c9-e1f08877bf44 with 1000 chunks to corpus 806c13c2-01af-4ef3-9094-6bab514d631e
INFO:     127.0.0.1:41536 - "POST /v1/libraries/806c13c2-01af-4ef3-9094-6bab514d631e/documents/with-embeddings HTTP/1.1" 201 Created
2026-02-08 07:50:05 - app.services.library_service - INFO - Adding document 'batch_741' with 1000 pre-computed chunks to corpus 806c13c2-01af-4ef3-9094-6bab514d631e
2026-02-08 07:57:13 - infrastructure.repositories.library_repository - INFO - Publishing event document.added to event bus
2026-02-08 07:57:13 - infrastructure.repositories.library_repository - INFO - Event document.added queued successfully
2026-02-08 07:57:13 - app.services.library_service - INFO - Added document 6d28ab87-3c41-43b6-bd4e-4ca78b12bdae with 1000 chunks to corpus 806c13c2-01af-4ef3-9094-6bab514d631e
INFO:     127.0.0.1:41536 - "POST /v1/libraries/806c13c2-01af-4ef3-9094-6bab514d631e/documents/with-embeddings HTTP/1.1" 201 Created
2026-02-08 07:57:15 - app.services.library_service - INFO - Adding document 'batch_742' with 1000 pre-computed chunks to corpus 806c13c2-01af-4ef3-9094-6bab514d631e
2026-02-08 08:04:21 - infrastructure.repositories.library_repository - INFO - Publishing event document.added to event bus
2026-02-08 08:04:21 - infrastructure.repositories.library_repository - INFO - Event document.added queued successfully
2026-02-08 08:04:21 - app.services.library_service - INFO - Added document 569e7300-a6bb-467e-b67f-1bd255506635 with 1000 chunks to corpus 806c13c2-01af-4ef3-9094-6bab514d631e
INFO:     127.0.0.1:41536 - "POST /v1/libraries/806c13c2-01af-4ef3-9094-6bab514d631e/documents/with-embeddings HTTP/1.1" 201 Created
2026-02-08 08:04:23 - app.services.library_service - INFO - Adding document 'batch_743' with 1000 pre-computed chunks to corpus 806c13c2-01af-4ef3-9094-6bab514d631e
2026-02-08 08:11:31 - infrastructure.repositories.library_repository - INFO - Publishing event document.added to event bus
2026-02-08 08:11:31 - infrastructure.repositories.library_repository - INFO - Event document.added queued successfully
2026-02-08 08:11:31 - app.services.library_service - INFO - Added document 7e508fee-3771-4201-aec4-c4fbb36fd007 with 1000 chunks to corpus 806c13c2-01af-4ef3-9094-6bab514d631e
INFO:     127.0.0.1:41536 - "POST /v1/libraries/806c13c2-01af-4ef3-9094-6bab514d631e/documents/with-embeddings HTTP/1.1" 201 Created
2026-02-08 08:11:33 - app.services.library_service - INFO - Adding document 'batch_744' with 1000 pre-computed chunks to corpus 806c13c2-01af-4ef3-9094-6bab514d631e
2026-02-08 08:18:39 - infrastructure.repositories.library_repository - INFO - Publishing event document.added to event bus
2026-02-08 08:18:39 - infrastructure.repositories.library_repository - INFO - Event document.added queued successfully
2026-02-08 08:18:39 - app.services.library_service - INFO - Added document b9539d72-f386-4cae-8527-985606577969 with 1000 chunks to corpus 806c13c2-01af-4ef3-9094-6bab514d631e
INFO:     127.0.0.1:41536 - "POST /v1/libraries/806c13c2-01af-4ef3-9094-6bab514d631e/documents/with-embeddings HTTP/1.1" 201 Created
2026-02-08 08:18:42 - app.services.library_service - INFO - Adding document 'batch_745' with 1000 pre-computed chunks to corpus 806c13c2-01af-4ef3-9094-6bab514d631e
2026-02-08 08:25:48 - infrastructure.repositories.library_repository - INFO - Publishing event document.added to event bus
2026-02-08 08:25:48 - infrastructure.repositories.library_repository - INFO - Event document.added queued successfully
2026-02-08 08:25:48 - app.services.library_service - INFO - Added document 223d4ceb-6e5c-4ee9-b298-e598aca483f5 with 1000 chunks to corpus 806c13c2-01af-4ef3-9094-6bab514d631e
INFO:     127.0.0.1:41536 - "POST /v1/libraries/806c13c2-01af-4ef3-9094-6bab514d631e/documents/with-embeddings HTTP/1.1" 201 Created
2026-02-08 08:25:50 - app.services.library_service - INFO - Adding document 'batch_746' with 1000 pre-computed chunks to corpus 806c13c2-01af-4ef3-9094-6bab514d631e
2026-02-08 08:32:56 - infrastructure.repositories.library_repository - INFO - Publishing event document.added to event bus
2026-02-08 08:32:56 - infrastructure.repositories.library_repository - INFO - Event document.added queued successfully
2026-02-08 08:32:56 - app.services.library_service - INFO - Added document 5a2e6242-2545-4f71-bff3-099e0838dd0d with 1000 chunks to corpus 806c13c2-01af-4ef3-9094-6bab514d631e
INFO:     127.0.0.1:41536 - "POST /v1/libraries/806c13c2-01af-4ef3-9094-6bab514d631e/documents/with-embeddings HTTP/1.1" 201 Created
2026-02-08 08:32:58 - app.services.library_service - INFO - Adding document 'batch_747' with 1000 pre-computed chunks to corpus 806c13c2-01af-4ef3-9094-6bab514d631e
2026-02-08 08:40:05 - infrastructure.repositories.library_repository - INFO - Publishing event document.added to event bus
2026-02-08 08:40:05 - infrastructure.repositories.library_repository - INFO - Event document.added queued successfully
2026-02-08 08:40:05 - app.services.library_service - INFO - Added document 518a0924-e614-488f-9aad-3691b54540c7 with 1000 chunks to corpus 806c13c2-01af-4ef3-9094-6bab514d631e
INFO:     127.0.0.1:41536 - "POST /v1/libraries/806c13c2-01af-4ef3-9094-6bab514d631e/documents/with-embeddings HTTP/1.1" 201 Created
2026-02-08 08:40:07 - app.services.library_service - INFO - Adding document 'batch_748' with 1000 pre-computed chunks to corpus 806c13c2-01af-4ef3-9094-6bab514d631e
2026-02-08 08:47:16 - infrastructure.repositories.library_repository - INFO - Publishing event document.added to event bus
2026-02-08 08:47:16 - infrastructure.repositories.library_repository - INFO - Event document.added queued successfully
2026-02-08 08:47:16 - app.services.library_service - INFO - Added document 6520d413-3f8a-4972-90b3-ed878b8b101f with 1000 chunks to corpus 806c13c2-01af-4ef3-9094-6bab514d631e
INFO:     127.0.0.1:41536 - "POST /v1/libraries/806c13c2-01af-4ef3-9094-6bab514d631e/documents/with-embeddings HTTP/1.1" 201 Created
2026-02-08 08:47:18 - app.services.library_service - INFO - Adding document 'batch_749' with 1000 pre-computed chunks to corpus 806c13c2-01af-4ef3-9094-6bab514d631e
2026-02-08 08:54:24 - infrastructure.repositories.library_repository - INFO - Publishing event document.added to event bus
2026-02-08 08:54:24 - infrastructure.repositories.library_repository - INFO - Event document.added queued successfully
2026-02-08 08:54:24 - app.services.library_service - INFO - Added document 15cb207f-0fab-4b0f-a051-1d3652d36aaf with 1000 chunks to corpus 806c13c2-01af-4ef3-9094-6bab514d631e
INFO:     127.0.0.1:41536 - "POST /v1/libraries/806c13c2-01af-4ef3-9094-6bab514d631e/documents/with-embeddings HTTP/1.1" 201 Created
2026-02-08 08:54:27 - app.services.library_service - INFO - Adding document 'batch_750' with 1000 pre-computed chunks to corpus 806c13c2-01af-4ef3-9094-6bab514d631e
2026-02-08 09:01:36 - infrastructure.repositories.library_repository - INFO - Publishing event document.added to event bus
2026-02-08 09:01:36 - infrastructure.repositories.library_repository - INFO - Event document.added queued successfully
2026-02-08 09:01:36 - app.services.library_service - INFO - Added document 3a58e1b9-3c85-42d9-8e7c-9bc2472e1ce7 with 1000 chunks to corpus 806c13c2-01af-4ef3-9094-6bab514d631e
INFO:     127.0.0.1:41536 - "POST /v1/libraries/806c13c2-01af-4ef3-9094-6bab514d631e/documents/with-embeddings HTTP/1.1" 201 Created
2026-02-08 09:01:39 - app.services.library_service - INFO - Adding document 'batch_751' with 1000 pre-computed chunks to corpus 806c13c2-01af-4ef3-9094-6bab514d631e
2026-02-08 09:08:48 - infrastructure.repositories.library_repository - INFO - Publishing event document.added to event bus
2026-02-08 09:08:48 - infrastructure.repositories.library_repository - INFO - Event document.added queued successfully
2026-02-08 09:08:48 - app.services.library_service - INFO - Added document 489f7259-28c7-4b43-9e48-6a4d32fa30d1 with 1000 chunks to corpus 806c13c2-01af-4ef3-9094-6bab514d631e
INFO:     127.0.0.1:41536 - "POST /v1/libraries/806c13c2-01af-4ef3-9094-6bab514d631e/documents/with-embeddings HTTP/1.1" 201 Created
2026-02-08 09:08:50 - app.services.library_service - INFO - Adding document 'batch_752' with 1000 pre-computed chunks to corpus 806c13c2-01af-4ef3-9094-6bab514d631e
2026-02-08 09:15:58 - infrastructure.repositories.library_repository - INFO - Publishing event document.added to event bus
2026-02-08 09:15:58 - infrastructure.repositories.library_repository - INFO - Event document.added queued successfully
2026-02-08 09:15:58 - app.services.library_service - INFO - Added document 45e2b287-ec0b-47c7-939e-91382b95d928 with 1000 chunks to corpus 806c13c2-01af-4ef3-9094-6bab514d631e
INFO:     127.0.0.1:41536 - "POST /v1/libraries/806c13c2-01af-4ef3-9094-6bab514d631e/documents/with-embeddings HTTP/1.1" 201 Created
2026-02-08 09:16:01 - app.services.library_service - INFO - Adding document 'batch_753' with 1000 pre-computed chunks to corpus 806c13c2-01af-4ef3-9094-6bab514d631e
2026-02-08 09:23:10 - infrastructure.repositories.library_repository - INFO - Publishing event document.added to event bus
2026-02-08 09:23:10 - infrastructure.repositories.library_repository - INFO - Event document.added queued successfully
2026-02-08 09:23:10 - app.services.library_service - INFO - Added document d46bd04a-43bd-47fd-9eeb-9ba767e589a5 with 1000 chunks to corpus 806c13c2-01af-4ef3-9094-6bab514d631e
INFO:     127.0.0.1:41536 - "POST /v1/libraries/806c13c2-01af-4ef3-9094-6bab514d631e/documents/with-embeddings HTTP/1.1" 201 Created
2026-02-08 09:23:12 - app.services.library_service - INFO - Adding document 'batch_754' with 1000 pre-computed chunks to corpus 806c13c2-01af-4ef3-9094-6bab514d631e
2026-02-08 09:30:23 - infrastructure.repositories.library_repository - INFO - Publishing event document.added to event bus
2026-02-08 09:30:23 - infrastructure.repositories.library_repository - INFO - Event document.added queued successfully
2026-02-08 09:30:23 - app.services.library_service - INFO - Added document 27a65627-eb78-44e6-ad9d-5af72aea0c59 with 1000 chunks to corpus 806c13c2-01af-4ef3-9094-6bab514d631e
INFO:     127.0.0.1:41536 - "POST /v1/libraries/806c13c2-01af-4ef3-9094-6bab514d631e/documents/with-embeddings HTTP/1.1" 201 Created
2026-02-08 09:30:26 - app.services.library_service - INFO - Adding document 'batch_755' with 1000 pre-computed chunks to corpus 806c13c2-01af-4ef3-9094-6bab514d631e
2026-02-08 09:37:35 - infrastructure.repositories.library_repository - INFO - Publishing event document.added to event bus
2026-02-08 09:37:35 - infrastructure.repositories.library_repository - INFO - Event document.added queued successfully
2026-02-08 09:37:35 - app.services.library_service - INFO - Added document 78dda543-bb83-4d0d-827c-b00e73bb4394 with 1000 chunks to corpus 806c13c2-01af-4ef3-9094-6bab514d631e
INFO:     127.0.0.1:41536 - "POST /v1/libraries/806c13c2-01af-4ef3-9094-6bab514d631e/documents/with-embeddings HTTP/1.1" 201 Created
2026-02-08 09:37:38 - app.services.library_service - INFO - Adding document 'batch_756' with 1000 pre-computed chunks to corpus 806c13c2-01af-4ef3-9094-6bab514d631e
2026-02-08 09:44:48 - infrastructure.repositories.library_repository - INFO - Publishing event document.added to event bus
2026-02-08 09:44:48 - infrastructure.repositories.library_repository - INFO - Event document.added queued successfully
2026-02-08 09:44:48 - app.services.library_service - INFO - Added document 33e84be8-d5ae-4823-8d7b-6a873c6c6d32 with 1000 chunks to corpus 806c13c2-01af-4ef3-9094-6bab514d631e
INFO:     127.0.0.1:41536 - "POST /v1/libraries/806c13c2-01af-4ef3-9094-6bab514d631e/documents/with-embeddings HTTP/1.1" 201 Created
2026-02-08 09:44:51 - app.services.library_service - INFO - Adding document 'batch_757' with 1000 pre-computed chunks to corpus 806c13c2-01af-4ef3-9094-6bab514d631e
2026-02-08 09:52:00 - infrastructure.repositories.library_repository - INFO - Publishing event document.added to event bus
2026-02-08 09:52:00 - infrastructure.repositories.library_repository - INFO - Event document.added queued successfully
2026-02-08 09:52:00 - app.services.library_service - INFO - Added document 3b912127-2750-440a-ba31-88126bc0ee6f with 1000 chunks to corpus 806c13c2-01af-4ef3-9094-6bab514d631e
INFO:     127.0.0.1:41536 - "POST /v1/libraries/806c13c2-01af-4ef3-9094-6bab514d631e/documents/with-embeddings HTTP/1.1" 201 Created
2026-02-08 09:52:03 - app.services.library_service - INFO - Adding document 'batch_758' with 1000 pre-computed chunks to corpus 806c13c2-01af-4ef3-9094-6bab514d631e
2026-02-08 09:59:13 - infrastructure.repositories.library_repository - INFO - Publishing event document.added to event bus
2026-02-08 09:59:13 - infrastructure.repositories.library_repository - INFO - Event document.added queued successfully
2026-02-08 09:59:13 - app.services.library_service - INFO - Added document cc92e41f-e5d3-4f8e-b6aa-3361ef325af2 with 1000 chunks to corpus 806c13c2-01af-4ef3-9094-6bab514d631e
INFO:     127.0.0.1:41536 - "POST /v1/libraries/806c13c2-01af-4ef3-9094-6bab514d631e/documents/with-embeddings HTTP/1.1" 201 Created
2026-02-08 09:59:15 - app.services.library_service - INFO - Adding document 'batch_759' with 1000 pre-computed chunks to corpus 806c13c2-01af-4ef3-9094-6bab514d631e
2026-02-08 10:06:26 - infrastructure.repositories.library_repository - INFO - Publishing event document.added to event bus
2026-02-08 10:06:26 - infrastructure.repositories.library_repository - INFO - Event document.added queued successfully
2026-02-08 10:06:26 - app.services.library_service - INFO - Added document ae925309-e917-4503-b813-3396e8520811 with 1000 chunks to corpus 806c13c2-01af-4ef3-9094-6bab514d631e
INFO:     127.0.0.1:41536 - "POST /v1/libraries/806c13c2-01af-4ef3-9094-6bab514d631e/documents/with-embeddings HTTP/1.1" 201 Created
2026-02-08 10:06:28 - app.services.library_service - INFO - Adding document 'batch_760' with 1000 pre-computed chunks to corpus 806c13c2-01af-4ef3-9094-6bab514d631e
2026-02-08 10:13:36 - infrastructure.repositories.library_repository - INFO - Publishing event document.added to event bus
2026-02-08 10:13:36 - infrastructure.repositories.library_repository - INFO - Event document.added queued successfully
2026-02-08 10:13:36 - app.services.library_service - INFO - Added document 6958f254-6b3d-4770-8be5-3b5c765dadb0 with 1000 chunks to corpus 806c13c2-01af-4ef3-9094-6bab514d631e
INFO:     127.0.0.1:41536 - "POST /v1/libraries/806c13c2-01af-4ef3-9094-6bab514d631e/documents/with-embeddings HTTP/1.1" 201 Created
2026-02-08 10:13:38 - app.services.library_service - INFO - Adding document 'batch_761' with 1000 pre-computed chunks to corpus 806c13c2-01af-4ef3-9094-6bab514d631e
2026-02-08 10:20:47 - infrastructure.repositories.library_repository - INFO - Publishing event document.added to event bus
2026-02-08 10:20:47 - infrastructure.repositories.library_repository - INFO - Event document.added queued successfully
2026-02-08 10:20:47 - app.services.library_service - INFO - Added document 92e5ad10-d72a-48cc-ac1c-080034fa13a7 with 1000 chunks to corpus 806c13c2-01af-4ef3-9094-6bab514d631e
INFO:     127.0.0.1:41536 - "POST /v1/libraries/806c13c2-01af-4ef3-9094-6bab514d631e/documents/with-embeddings HTTP/1.1" 201 Created
2026-02-08 10:20:49 - app.services.library_service - INFO - Adding document 'batch_762' with 1000 pre-computed chunks to corpus 806c13c2-01af-4ef3-9094-6bab514d631e
2026-02-08 10:27:58 - infrastructure.repositories.library_repository - INFO - Publishing event document.added to event bus
2026-02-08 10:27:58 - infrastructure.repositories.library_repository - INFO - Event document.added queued successfully
2026-02-08 10:27:58 - app.services.library_service - INFO - Added document 456db30a-d7f3-461b-9096-0196f0d95bdc with 1000 chunks to corpus 806c13c2-01af-4ef3-9094-6bab514d631e
INFO:     127.0.0.1:41536 - "POST /v1/libraries/806c13c2-01af-4ef3-9094-6bab514d631e/documents/with-embeddings HTTP/1.1" 201 Created
2026-02-08 10:28:00 - app.services.library_service - INFO - Adding document 'batch_763' with 1000 pre-computed chunks to corpus 806c13c2-01af-4ef3-9094-6bab514d631e
2026-02-08 10:35:07 - infrastructure.repositories.library_repository - INFO - Publishing event document.added to event bus
2026-02-08 10:35:07 - infrastructure.repositories.library_repository - INFO - Event document.added queued successfully
2026-02-08 10:35:07 - app.services.library_service - INFO - Added document 70545dd7-9b84-4e96-9a22-cd8f213464af with 1000 chunks to corpus 806c13c2-01af-4ef3-9094-6bab514d631e
INFO:     127.0.0.1:41536 - "POST /v1/libraries/806c13c2-01af-4ef3-9094-6bab514d631e/documents/with-embeddings HTTP/1.1" 201 Created
2026-02-08 10:35:10 - app.services.library_service - INFO - Adding document 'batch_764' with 1000 pre-computed chunks to corpus 806c13c2-01af-4ef3-9094-6bab514d631e
2026-02-08 10:42:19 - infrastructure.repositories.library_repository - INFO - Publishing event document.added to event bus
2026-02-08 10:42:19 - infrastructure.repositories.library_repository - INFO - Event document.added queued successfully
2026-02-08 10:42:19 - app.services.library_service - INFO - Added document 95c3d59f-1335-4e1f-b570-43f7c6a12f44 with 1000 chunks to corpus 806c13c2-01af-4ef3-9094-6bab514d631e
INFO:     127.0.0.1:41536 - "POST /v1/libraries/806c13c2-01af-4ef3-9094-6bab514d631e/documents/with-embeddings HTTP/1.1" 201 Created
2026-02-08 10:42:21 - app.services.library_service - INFO - Adding document 'batch_765' with 1000 pre-computed chunks to corpus 806c13c2-01af-4ef3-9094-6bab514d631e
2026-02-08 10:49:27 - infrastructure.repositories.library_repository - INFO - Publishing event document.added to event bus
2026-02-08 10:49:27 - infrastructure.repositories.library_repository - INFO - Event document.added queued successfully
2026-02-08 10:49:27 - app.services.library_service - INFO - Added document d26ce52e-5ddb-4a16-8e2b-ba1e467d25f1 with 1000 chunks to corpus 806c13c2-01af-4ef3-9094-6bab514d631e
INFO:     127.0.0.1:41536 - "POST /v1/libraries/806c13c2-01af-4ef3-9094-6bab514d631e/documents/with-embeddings HTTP/1.1" 201 Created
2026-02-08 10:49:29 - app.services.library_service - INFO - Adding document 'batch_766' with 1000 pre-computed chunks to corpus 806c13c2-01af-4ef3-9094-6bab514d631e
2026-02-08 10:56:37 - infrastructure.repositories.library_repository - INFO - Publishing event document.added to event bus
2026-02-08 10:56:37 - infrastructure.repositories.library_repository - INFO - Event document.added queued successfully
2026-02-08 10:56:37 - app.services.library_service - INFO - Added document efd4458e-f368-4ffd-9e06-951091ef9e6a with 1000 chunks to corpus 806c13c2-01af-4ef3-9094-6bab514d631e
INFO:     127.0.0.1:41536 - "POST /v1/libraries/806c13c2-01af-4ef3-9094-6bab514d631e/documents/with-embeddings HTTP/1.1" 201 Created
2026-02-08 10:56:39 - app.services.library_service - INFO - Adding document 'batch_767' with 1000 pre-computed chunks to corpus 806c13c2-01af-4ef3-9094-6bab514d631e
2026-02-08 11:03:45 - infrastructure.repositories.library_repository - INFO - Publishing event document.added to event bus
2026-02-08 11:03:45 - infrastructure.repositories.library_repository - INFO - Event document.added queued successfully
2026-02-08 11:03:45 - app.services.library_service - INFO - Added document 6125d37e-2e82-4583-8e23-2011fb89d73e with 1000 chunks to corpus 806c13c2-01af-4ef3-9094-6bab514d631e
INFO:     127.0.0.1:41536 - "POST /v1/libraries/806c13c2-01af-4ef3-9094-6bab514d631e/documents/with-embeddings HTTP/1.1" 201 Created
2026-02-08 11:03:48 - app.services.library_service - INFO - Adding document 'batch_768' with 1000 pre-computed chunks to corpus 806c13c2-01af-4ef3-9094-6bab514d631e
2026-02-08 11:10:56 - infrastructure.repositories.library_repository - INFO - Publishing event document.added to event bus
2026-02-08 11:10:56 - infrastructure.repositories.library_repository - INFO - Event document.added queued successfully
2026-02-08 11:10:56 - app.services.library_service - INFO - Added document 37b8e250-e51d-4771-a7f7-a90523fed9dc with 1000 chunks to corpus 806c13c2-01af-4ef3-9094-6bab514d631e
INFO:     127.0.0.1:41536 - "POST /v1/libraries/806c13c2-01af-4ef3-9094-6bab514d631e/documents/with-embeddings HTTP/1.1" 201 Created
2026-02-08 11:10:58 - app.services.library_service - INFO - Adding document 'batch_769' with 1000 pre-computed chunks to corpus 806c13c2-01af-4ef3-9094-6bab514d631e
2026-02-08 11:18:06 - infrastructure.repositories.library_repository - INFO - Publishing event document.added to event bus
2026-02-08 11:18:06 - infrastructure.repositories.library_repository - INFO - Event document.added queued successfully
2026-02-08 11:18:06 - app.services.library_service - INFO - Added document 88472dfe-353a-46c1-930b-024032d01113 with 1000 chunks to corpus 806c13c2-01af-4ef3-9094-6bab514d631e
INFO:     127.0.0.1:41536 - "POST /v1/libraries/806c13c2-01af-4ef3-9094-6bab514d631e/documents/with-embeddings HTTP/1.1" 201 Created
2026-02-08 11:18:09 - app.services.library_service - INFO - Adding document 'batch_770' with 1000 pre-computed chunks to corpus 806c13c2-01af-4ef3-9094-6bab514d631e
2026-02-08 11:25:16 - infrastructure.repositories.library_repository - INFO - Publishing event document.added to event bus
2026-02-08 11:25:16 - infrastructure.repositories.library_repository - INFO - Event document.added queued successfully
2026-02-08 11:25:16 - app.services.library_service - INFO - Added document 6155bbba-3e64-4ee7-ae12-8efa2cd74c26 with 1000 chunks to corpus 806c13c2-01af-4ef3-9094-6bab514d631e
INFO:     127.0.0.1:41536 - "POST /v1/libraries/806c13c2-01af-4ef3-9094-6bab514d631e/documents/with-embeddings HTTP/1.1" 201 Created
2026-02-08 11:25:18 - app.services.library_service - INFO - Adding document 'batch_771' with 1000 pre-computed chunks to corpus 806c13c2-01af-4ef3-9094-6bab514d631e
2026-02-08 11:32:25 - infrastructure.repositories.library_repository - INFO - Publishing event document.added to event bus
2026-02-08 11:32:25 - infrastructure.repositories.library_repository - INFO - Event document.added queued successfully
2026-02-08 11:32:25 - app.services.library_service - INFO - Added document e4358b59-101e-4be8-a035-33282bb285cc with 1000 chunks to corpus 806c13c2-01af-4ef3-9094-6bab514d631e
INFO:     127.0.0.1:41536 - "POST /v1/libraries/806c13c2-01af-4ef3-9094-6bab514d631e/documents/with-embeddings HTTP/1.1" 201 Created
2026-02-08 11:32:27 - app.services.library_service - INFO - Adding document 'batch_772' with 1000 pre-computed chunks to corpus 806c13c2-01af-4ef3-9094-6bab514d631e
2026-02-08 11:39:32 - infrastructure.repositories.library_repository - INFO - Publishing event document.added to event bus
2026-02-08 11:39:32 - infrastructure.repositories.library_repository - INFO - Event document.added queued successfully
2026-02-08 11:39:32 - app.services.library_service - INFO - Added document 6c5020b7-8408-47a4-8fb7-1c06498ba894 with 1000 chunks to corpus 806c13c2-01af-4ef3-9094-6bab514d631e
INFO:     127.0.0.1:41536 - "POST /v1/libraries/806c13c2-01af-4ef3-9094-6bab514d631e/documents/with-embeddings HTTP/1.1" 201 Created
2026-02-08 11:39:34 - app.services.library_service - INFO - Adding document 'batch_773' with 1000 pre-computed chunks to corpus 806c13c2-01af-4ef3-9094-6bab514d631e
2026-02-08 11:46:41 - infrastructure.repositories.library_repository - INFO - Publishing event document.added to event bus
2026-02-08 11:46:41 - infrastructure.repositories.library_repository - INFO - Event document.added queued successfully
2026-02-08 11:46:41 - app.services.library_service - INFO - Added document f7805c16-5b5a-432d-916d-65a6e1014dad with 1000 chunks to corpus 806c13c2-01af-4ef3-9094-6bab514d631e
INFO:     127.0.0.1:41536 - "POST /v1/libraries/806c13c2-01af-4ef3-9094-6bab514d631e/documents/with-embeddings HTTP/1.1" 201 Created
2026-02-08 11:46:43 - app.services.library_service - INFO - Adding document 'batch_774' with 1000 pre-computed chunks to corpus 806c13c2-01af-4ef3-9094-6bab514d631e
2026-02-08 11:53:50 - infrastructure.repositories.library_repository - INFO - Publishing event document.added to event bus
2026-02-08 11:53:50 - infrastructure.repositories.library_repository - INFO - Event document.added queued successfully
2026-02-08 11:53:50 - app.services.library_service - INFO - Added document c26136e4-0e57-4ffe-b44c-f01bea4f9e29 with 1000 chunks to corpus 806c13c2-01af-4ef3-9094-6bab514d631e
INFO:     127.0.0.1:41536 - "POST /v1/libraries/806c13c2-01af-4ef3-9094-6bab514d631e/documents/with-embeddings HTTP/1.1" 201 Created
2026-02-08 11:53:52 - app.services.library_service - INFO - Adding document 'batch_775' with 1000 pre-computed chunks to corpus 806c13c2-01af-4ef3-9094-6bab514d631e
2026-02-08 12:00:59 - infrastructure.repositories.library_repository - INFO - Publishing event document.added to event bus
2026-02-08 12:00:59 - infrastructure.repositories.library_repository - INFO - Event document.added queued successfully
2026-02-08 12:00:59 - app.services.library_service - INFO - Added document 748210c5-8b3d-4e66-8714-103d1827b499 with 1000 chunks to corpus 806c13c2-01af-4ef3-9094-6bab514d631e
INFO:     127.0.0.1:41536 - "POST /v1/libraries/806c13c2-01af-4ef3-9094-6bab514d631e/documents/with-embeddings HTTP/1.1" 201 Created
2026-02-08 12:01:01 - app.services.library_service - INFO - Adding document 'batch_776' with 1000 pre-computed chunks to corpus 806c13c2-01af-4ef3-9094-6bab514d631e
2026-02-08 12:08:08 - infrastructure.repositories.library_repository - INFO - Publishing event document.added to event bus
2026-02-08 12:08:08 - infrastructure.repositories.library_repository - INFO - Event document.added queued successfully
2026-02-08 12:08:08 - app.services.library_service - INFO - Added document 6d1bf675-bd11-4506-b1a4-de7dac71a63d with 1000 chunks to corpus 806c13c2-01af-4ef3-9094-6bab514d631e
INFO:     127.0.0.1:41536 - "POST /v1/libraries/806c13c2-01af-4ef3-9094-6bab514d631e/documents/with-embeddings HTTP/1.1" 201 Created
2026-02-08 12:08:18 - app.services.library_service - INFO - Adding document 'batch_777' with 1000 pre-computed chunks to corpus 806c13c2-01af-4ef3-9094-6bab514d631e
2026-02-08 12:15:24 - infrastructure.repositories.library_repository - INFO - Publishing event document.added to event bus
2026-02-08 12:15:24 - infrastructure.repositories.library_repository - INFO - Event document.added queued successfully
2026-02-08 12:15:24 - app.services.library_service - INFO - Added document 69d99ce3-7384-4e3d-88f1-18ee15a65121 with 1000 chunks to corpus 806c13c2-01af-4ef3-9094-6bab514d631e
INFO:     127.0.0.1:41536 - "POST /v1/libraries/806c13c2-01af-4ef3-9094-6bab514d631e/documents/with-embeddings HTTP/1.1" 201 Created
2026-02-08 12:15:27 - app.services.library_service - INFO - Adding document 'batch_778' with 1000 pre-computed chunks to corpus 806c13c2-01af-4ef3-9094-6bab514d631e
2026-02-08 12:22:33 - infrastructure.repositories.library_repository - INFO - Publishing event document.added to event bus
2026-02-08 12:22:33 - infrastructure.repositories.library_repository - INFO - Event document.added queued successfully
2026-02-08 12:22:33 - app.services.library_service - INFO - Added document adb637f1-8547-4079-8b4c-6690933dade0 with 1000 chunks to corpus 806c13c2-01af-4ef3-9094-6bab514d631e
INFO:     127.0.0.1:41536 - "POST /v1/libraries/806c13c2-01af-4ef3-9094-6bab514d631e/documents/with-embeddings HTTP/1.1" 201 Created
2026-02-08 12:22:35 - app.services.library_service - INFO - Adding document 'batch_779' with 1000 pre-computed chunks to corpus 806c13c2-01af-4ef3-9094-6bab514d631e
2026-02-08 12:29:43 - infrastructure.repositories.library_repository - INFO - Publishing event document.added to event bus
2026-02-08 12:29:43 - infrastructure.repositories.library_repository - INFO - Event document.added queued successfully
2026-02-08 12:29:43 - app.services.library_service - INFO - Added document c96c914b-af4d-41a0-8572-ab8bb10216dd with 1000 chunks to corpus 806c13c2-01af-4ef3-9094-6bab514d631e
INFO:     127.0.0.1:41536 - "POST /v1/libraries/806c13c2-01af-4ef3-9094-6bab514d631e/documents/with-embeddings HTTP/1.1" 201 Created
2026-02-08 12:29:45 - app.services.library_service - INFO - Adding document 'batch_780' with 1000 pre-computed chunks to corpus 806c13c2-01af-4ef3-9094-6bab514d631e
2026-02-08 12:36:54 - infrastructure.repositories.library_repository - INFO - Publishing event document.added to event bus
2026-02-08 12:36:54 - infrastructure.repositories.library_repository - INFO - Event document.added queued successfully
2026-02-08 12:36:54 - app.services.library_service - INFO - Added document 6e384e10-f669-4899-ba28-cd6c624e8286 with 1000 chunks to corpus 806c13c2-01af-4ef3-9094-6bab514d631e
INFO:     127.0.0.1:41536 - "POST /v1/libraries/806c13c2-01af-4ef3-9094-6bab514d631e/documents/with-embeddings HTTP/1.1" 201 Created
2026-02-08 12:36:56 - app.services.library_service - INFO - Adding document 'batch_781' with 1000 pre-computed chunks to corpus 806c13c2-01af-4ef3-9094-6bab514d631e
2026-02-08 12:44:03 - infrastructure.repositories.library_repository - INFO - Publishing event document.added to event bus
2026-02-08 12:44:03 - infrastructure.repositories.library_repository - INFO - Event document.added queued successfully
2026-02-08 12:44:03 - app.services.library_service - INFO - Added document 1ec84541-63a8-47f5-bbb2-652f6a5b3f17 with 1000 chunks to corpus 806c13c2-01af-4ef3-9094-6bab514d631e
INFO:     127.0.0.1:41536 - "POST /v1/libraries/806c13c2-01af-4ef3-9094-6bab514d631e/documents/with-embeddings HTTP/1.1" 201 Created
2026-02-08 12:44:05 - app.services.library_service - INFO - Adding document 'batch_782' with 1000 pre-computed chunks to corpus 806c13c2-01af-4ef3-9094-6bab514d631e
2026-02-08 12:51:12 - infrastructure.repositories.library_repository - INFO - Publishing event document.added to event bus
2026-02-08 12:51:12 - infrastructure.repositories.library_repository - INFO - Event document.added queued successfully
2026-02-08 12:51:12 - app.services.library_service - INFO - Added document c169a90c-0a9c-4353-aef6-7a0c4f8b8fe5 with 1000 chunks to corpus 806c13c2-01af-4ef3-9094-6bab514d631e
INFO:     127.0.0.1:41536 - "POST /v1/libraries/806c13c2-01af-4ef3-9094-6bab514d631e/documents/with-embeddings HTTP/1.1" 201 Created
2026-02-08 12:51:14 - app.services.library_service - INFO - Adding document 'batch_783' with 1000 pre-computed chunks to corpus 806c13c2-01af-4ef3-9094-6bab514d631e
2026-02-08 12:58:20 - infrastructure.repositories.library_repository - INFO - Publishing event document.added to event bus
2026-02-08 12:58:20 - infrastructure.repositories.library_repository - INFO - Event document.added queued successfully
2026-02-08 12:58:20 - app.services.library_service - INFO - Added document ede69ec4-f7b9-4810-b3a5-ce624f9f02c5 with 1000 chunks to corpus 806c13c2-01af-4ef3-9094-6bab514d631e
INFO:     127.0.0.1:41536 - "POST /v1/libraries/806c13c2-01af-4ef3-9094-6bab514d631e/documents/with-embeddings HTTP/1.1" 201 Created
2026-02-08 12:58:23 - app.services.library_service - INFO - Adding document 'batch_784' with 1000 pre-computed chunks to corpus 806c13c2-01af-4ef3-9094-6bab514d631e
2026-02-08 13:05:30 - infrastructure.repositories.library_repository - INFO - Publishing event document.added to event bus
2026-02-08 13:05:30 - infrastructure.repositories.library_repository - INFO - Event document.added queued successfully
2026-02-08 13:05:30 - app.services.library_service - INFO - Added document 12b67675-2175-45c7-939f-5d5391f92c18 with 1000 chunks to corpus 806c13c2-01af-4ef3-9094-6bab514d631e
INFO:     127.0.0.1:41536 - "POST /v1/libraries/806c13c2-01af-4ef3-9094-6bab514d631e/documents/with-embeddings HTTP/1.1" 201 Created
2026-02-08 13:05:32 - app.services.library_service - INFO - Adding document 'batch_785' with 1000 pre-computed chunks to corpus 806c13c2-01af-4ef3-9094-6bab514d631e
2026-02-08 13:12:39 - infrastructure.repositories.library_repository - INFO - Publishing event document.added to event bus
2026-02-08 13:12:39 - infrastructure.repositories.library_repository - INFO - Event document.added queued successfully
2026-02-08 13:12:39 - app.services.library_service - INFO - Added document 4b9612b0-0dfb-427a-8574-74d1f1cd9628 with 1000 chunks to corpus 806c13c2-01af-4ef3-9094-6bab514d631e
INFO:     127.0.0.1:41536 - "POST /v1/libraries/806c13c2-01af-4ef3-9094-6bab514d631e/documents/with-embeddings HTTP/1.1" 201 Created
2026-02-08 13:12:41 - app.services.library_service - INFO - Adding document 'batch_786' with 1000 pre-computed chunks to corpus 806c13c2-01af-4ef3-9094-6bab514d631e
2026-02-08 13:19:51 - infrastructure.repositories.library_repository - INFO - Publishing event document.added to event bus
2026-02-08 13:19:51 - infrastructure.repositories.library_repository - INFO - Event document.added queued successfully
2026-02-08 13:19:51 - app.services.library_service - INFO - Added document d1701874-5985-46ae-a2f9-3fd809de4ca5 with 1000 chunks to corpus 806c13c2-01af-4ef3-9094-6bab514d631e
INFO:     127.0.0.1:41536 - "POST /v1/libraries/806c13c2-01af-4ef3-9094-6bab514d631e/documents/with-embeddings HTTP/1.1" 201 Created
2026-02-08 13:19:53 - app.services.library_service - INFO - Adding document 'batch_787' with 1000 pre-computed chunks to corpus 806c13c2-01af-4ef3-9094-6bab514d631e
2026-02-08 13:27:00 - infrastructure.repositories.library_repository - INFO - Publishing event document.added to event bus
2026-02-08 13:27:00 - infrastructure.repositories.library_repository - INFO - Event document.added queued successfully
2026-02-08 13:27:00 - app.services.library_service - INFO - Added document d3bf5722-2f37-47c2-9bbe-0fd99886237f with 1000 chunks to corpus 806c13c2-01af-4ef3-9094-6bab514d631e
INFO:     127.0.0.1:41536 - "POST /v1/libraries/806c13c2-01af-4ef3-9094-6bab514d631e/documents/with-embeddings HTTP/1.1" 201 Created
2026-02-08 13:27:02 - app.services.library_service - INFO - Adding document 'batch_788' with 1000 pre-computed chunks to corpus 806c13c2-01af-4ef3-9094-6bab514d631e
2026-02-08 13:34:10 - infrastructure.repositories.library_repository - INFO - Publishing event document.added to event bus
2026-02-08 13:34:10 - infrastructure.repositories.library_repository - INFO - Event document.added queued successfully
2026-02-08 13:34:10 - app.services.library_service - INFO - Added document 8ca705d3-2f7a-4120-a68e-7a6723ead91a with 1000 chunks to corpus 806c13c2-01af-4ef3-9094-6bab514d631e
INFO:     127.0.0.1:41536 - "POST /v1/libraries/806c13c2-01af-4ef3-9094-6bab514d631e/documents/with-embeddings HTTP/1.1" 201 Created
2026-02-08 13:34:12 - app.services.library_service - INFO - Adding document 'batch_789' with 1000 pre-computed chunks to corpus 806c13c2-01af-4ef3-9094-6bab514d631e
2026-02-08 13:41:20 - infrastructure.repositories.library_repository - INFO - Publishing event document.added to event bus
2026-02-08 13:41:20 - infrastructure.repositories.library_repository - INFO - Event document.added queued successfully
2026-02-08 13:41:20 - app.services.library_service - INFO - Added document fcf3af58-e787-4f8c-9713-e05ba3b9b322 with 1000 chunks to corpus 806c13c2-01af-4ef3-9094-6bab514d631e
INFO:     127.0.0.1:41536 - "POST /v1/libraries/806c13c2-01af-4ef3-9094-6bab514d631e/documents/with-embeddings HTTP/1.1" 201 Created
2026-02-08 13:41:22 - app.services.library_service - INFO - Adding document 'batch_790' with 1000 pre-computed chunks to corpus 806c13c2-01af-4ef3-9094-6bab514d631e
2026-02-08 13:48:30 - infrastructure.repositories.library_repository - INFO - Publishing event document.added to event bus
2026-02-08 13:48:30 - infrastructure.repositories.library_repository - INFO - Event document.added queued successfully
2026-02-08 13:48:30 - app.services.library_service - INFO - Added document 066b3d0e-66aa-4f55-b72c-0230e35f3b52 with 1000 chunks to corpus 806c13c2-01af-4ef3-9094-6bab514d631e
INFO:     127.0.0.1:41536 - "POST /v1/libraries/806c13c2-01af-4ef3-9094-6bab514d631e/documents/with-embeddings HTTP/1.1" 201 Created
2026-02-08 13:48:32 - app.services.library_service - INFO - Adding document 'batch_791' with 1000 pre-computed chunks to corpus 806c13c2-01af-4ef3-9094-6bab514d631e
2026-02-08 13:55:41 - infrastructure.repositories.library_repository - INFO - Publishing event document.added to event bus
2026-02-08 13:55:41 - infrastructure.repositories.library_repository - INFO - Event document.added queued successfully
2026-02-08 13:55:41 - app.services.library_service - INFO - Added document 60fa5e31-7dbf-4f38-aa73-b96c9fd2b4df with 1000 chunks to corpus 806c13c2-01af-4ef3-9094-6bab514d631e
INFO:     127.0.0.1:41536 - "POST /v1/libraries/806c13c2-01af-4ef3-9094-6bab514d631e/documents/with-embeddings HTTP/1.1" 201 Created
2026-02-08 13:55:44 - app.services.library_service - INFO - Adding document 'batch_792' with 1000 pre-computed chunks to corpus 806c13c2-01af-4ef3-9094-6bab514d631e
2026-02-08 14:02:51 - infrastructure.repositories.library_repository - INFO - Publishing event document.added to event bus
2026-02-08 14:02:51 - infrastructure.repositories.library_repository - INFO - Event document.added queued successfully
2026-02-08 14:02:51 - app.services.library_service - INFO - Added document b6fa3505-0a73-4ecd-b62d-cf12cc240ca4 with 1000 chunks to corpus 806c13c2-01af-4ef3-9094-6bab514d631e
INFO:     127.0.0.1:41536 - "POST /v1/libraries/806c13c2-01af-4ef3-9094-6bab514d631e/documents/with-embeddings HTTP/1.1" 201 Created
2026-02-08 14:02:54 - app.services.library_service - INFO - Adding document 'batch_793' with 1000 pre-computed chunks to corpus 806c13c2-01af-4ef3-9094-6bab514d631e
2026-02-08 14:09:58 - infrastructure.repositories.library_repository - INFO - Publishing event document.added to event bus
2026-02-08 14:09:58 - infrastructure.repositories.library_repository - INFO - Event document.added queued successfully
2026-02-08 14:09:58 - app.services.library_service - INFO - Added document 133e3a7d-0938-4a6d-ac65-c29a17dec28b with 1000 chunks to corpus 806c13c2-01af-4ef3-9094-6bab514d631e
INFO:     127.0.0.1:41536 - "POST /v1/libraries/806c13c2-01af-4ef3-9094-6bab514d631e/documents/with-embeddings HTTP/1.1" 201 Created
2026-02-08 14:10:01 - app.services.library_service - INFO - Adding document 'batch_794' with 1000 pre-computed chunks to corpus 806c13c2-01af-4ef3-9094-6bab514d631e
2026-02-08 14:17:06 - infrastructure.repositories.library_repository - INFO - Publishing event document.added to event bus
2026-02-08 14:17:06 - infrastructure.repositories.library_repository - INFO - Event document.added queued successfully
2026-02-08 14:17:06 - app.services.library_service - INFO - Added document f7cdaa93-631f-4cd4-8389-45ab674dd92c with 1000 chunks to corpus 806c13c2-01af-4ef3-9094-6bab514d631e
INFO:     127.0.0.1:41536 - "POST /v1/libraries/806c13c2-01af-4ef3-9094-6bab514d631e/documents/with-embeddings HTTP/1.1" 201 Created
2026-02-08 14:17:08 - app.services.library_service - INFO - Adding document 'batch_795' with 1000 pre-computed chunks to corpus 806c13c2-01af-4ef3-9094-6bab514d631e
2026-02-08 14:24:12 - infrastructure.repositories.library_repository - INFO - Publishing event document.added to event bus
2026-02-08 14:24:12 - infrastructure.repositories.library_repository - INFO - Event document.added queued successfully
2026-02-08 14:24:12 - app.services.library_service - INFO - Added document 053a09f1-af90-42e0-bb77-7abcb70fcf97 with 1000 chunks to corpus 806c13c2-01af-4ef3-9094-6bab514d631e
INFO:     127.0.0.1:41536 - "POST /v1/libraries/806c13c2-01af-4ef3-9094-6bab514d631e/documents/with-embeddings HTTP/1.1" 201 Created
2026-02-08 14:24:15 - app.services.library_service - INFO - Adding document 'batch_796' with 1000 pre-computed chunks to corpus 806c13c2-01af-4ef3-9094-6bab514d631e
2026-02-08 14:31:20 - infrastructure.repositories.library_repository - INFO - Publishing event document.added to event bus
2026-02-08 14:31:20 - infrastructure.repositories.library_repository - INFO - Event document.added queued successfully
2026-02-08 14:31:20 - app.services.library_service - INFO - Added document 795811be-10a2-4cb8-9346-9b1b9725c362 with 1000 chunks to corpus 806c13c2-01af-4ef3-9094-6bab514d631e
INFO:     127.0.0.1:41536 - "POST /v1/libraries/806c13c2-01af-4ef3-9094-6bab514d631e/documents/with-embeddings HTTP/1.1" 201 Created
2026-02-08 14:31:22 - app.services.library_service - INFO - Adding document 'batch_797' with 1000 pre-computed chunks to corpus 806c13c2-01af-4ef3-9094-6bab514d631e
2026-02-08 14:38:28 - infrastructure.repositories.library_repository - INFO - Publishing event document.added to event bus
2026-02-08 14:38:28 - infrastructure.repositories.library_repository - INFO - Event document.added queued successfully
2026-02-08 14:38:28 - app.services.library_service - INFO - Added document 5fc5eb88-fcd5-49f5-9df7-0f812fd7669f with 1000 chunks to corpus 806c13c2-01af-4ef3-9094-6bab514d631e
INFO:     127.0.0.1:41536 - "POST /v1/libraries/806c13c2-01af-4ef3-9094-6bab514d631e/documents/with-embeddings HTTP/1.1" 201 Created
2026-02-08 14:38:30 - app.services.library_service - INFO - Adding document 'batch_798' with 1000 pre-computed chunks to corpus 806c13c2-01af-4ef3-9094-6bab514d631e
2026-02-08 14:45:36 - infrastructure.repositories.library_repository - INFO - Publishing event document.added to event bus
2026-02-08 14:45:36 - infrastructure.repositories.library_repository - INFO - Event document.added queued successfully
2026-02-08 14:45:36 - app.services.library_service - INFO - Added document e2180938-daa8-4915-8d72-6c025ed52cf1 with 1000 chunks to corpus 806c13c2-01af-4ef3-9094-6bab514d631e
INFO:     127.0.0.1:41536 - "POST /v1/libraries/806c13c2-01af-4ef3-9094-6bab514d631e/documents/with-embeddings HTTP/1.1" 201 Created
2026-02-08 14:45:38 - app.services.library_service - INFO - Adding document 'batch_799' with 1000 pre-computed chunks to corpus 806c13c2-01af-4ef3-9094-6bab514d631e
2026-02-08 14:52:43 - infrastructure.repositories.library_repository - INFO - Publishing event document.added to event bus
2026-02-08 14:52:43 - infrastructure.repositories.library_repository - INFO - Event document.added queued successfully
2026-02-08 14:52:43 - app.services.library_service - INFO - Added document d8b6fe3b-c52e-42ea-b70a-484efbd30c2f with 1000 chunks to corpus 806c13c2-01af-4ef3-9094-6bab514d631e
INFO:     127.0.0.1:41536 - "POST /v1/libraries/806c13c2-01af-4ef3-9094-6bab514d631e/documents/with-embeddings HTTP/1.1" 201 Created
2026-02-08 14:52:45 - app.services.library_service - INFO - Adding document 'batch_800' with 1000 pre-computed chunks to corpus 806c13c2-01af-4ef3-9094-6bab514d631e
2026-02-08 14:59:51 - infrastructure.repositories.library_repository - INFO - Publishing event document.added to event bus
2026-02-08 14:59:51 - infrastructure.repositories.library_repository - INFO - Event document.added queued successfully
2026-02-08 14:59:51 - app.services.library_service - INFO - Added document c9371b2b-0e8f-4bfb-b1ea-6e57341b0653 with 1000 chunks to corpus 806c13c2-01af-4ef3-9094-6bab514d631e
INFO:     127.0.0.1:41536 - "POST /v1/libraries/806c13c2-01af-4ef3-9094-6bab514d631e/documents/with-embeddings HTTP/1.1" 201 Created
2026-02-08 14:59:53 - app.services.library_service - INFO - Adding document 'batch_801' with 1000 pre-computed chunks to corpus 806c13c2-01af-4ef3-9094-6bab514d631e
2026-02-08 15:06:59 - infrastructure.repositories.library_repository - INFO - Publishing event document.added to event bus
2026-02-08 15:06:59 - infrastructure.repositories.library_repository - INFO - Event document.added queued successfully
2026-02-08 15:06:59 - app.services.library_service - INFO - Added document 74c8443d-840a-4c19-b731-f5676d543d24 with 1000 chunks to corpus 806c13c2-01af-4ef3-9094-6bab514d631e
INFO:     127.0.0.1:41536 - "POST /v1/libraries/806c13c2-01af-4ef3-9094-6bab514d631e/documents/with-embeddings HTTP/1.1" 201 Created
2026-02-08 15:07:02 - app.services.library_service - INFO - Adding document 'batch_802' with 1000 pre-computed chunks to corpus 806c13c2-01af-4ef3-9094-6bab514d631e
2026-02-08 15:14:07 - infrastructure.repositories.library_repository - INFO - Publishing event document.added to event bus
2026-02-08 15:14:07 - infrastructure.repositories.library_repository - INFO - Event document.added queued successfully
2026-02-08 15:14:07 - app.services.library_service - INFO - Added document 2e13844a-5cb6-414d-a054-42bf2d3083b2 with 1000 chunks to corpus 806c13c2-01af-4ef3-9094-6bab514d631e
INFO:     127.0.0.1:41536 - "POST /v1/libraries/806c13c2-01af-4ef3-9094-6bab514d631e/documents/with-embeddings HTTP/1.1" 201 Created
2026-02-08 15:14:09 - app.services.library_service - INFO - Adding document 'batch_803' with 1000 pre-computed chunks to corpus 806c13c2-01af-4ef3-9094-6bab514d631e
2026-02-08 15:21:17 - infrastructure.repositories.library_repository - INFO - Publishing event document.added to event bus
2026-02-08 15:21:17 - infrastructure.repositories.library_repository - INFO - Event document.added queued successfully
2026-02-08 15:21:17 - app.services.library_service - INFO - Added document 0f3d4ca4-40d9-4cd3-bfc6-35a9a4e13692 with 1000 chunks to corpus 806c13c2-01af-4ef3-9094-6bab514d631e
INFO:     127.0.0.1:41536 - "POST /v1/libraries/806c13c2-01af-4ef3-9094-6bab514d631e/documents/with-embeddings HTTP/1.1" 201 Created
2026-02-08 15:21:19 - app.services.library_service - INFO - Adding document 'batch_804' with 1000 pre-computed chunks to corpus 806c13c2-01af-4ef3-9094-6bab514d631e
2026-02-08 15:28:27 - infrastructure.repositories.library_repository - INFO - Publishing event document.added to event bus
2026-02-08 15:28:27 - infrastructure.repositories.library_repository - INFO - Event document.added queued successfully
2026-02-08 15:28:27 - app.services.library_service - INFO - Added document 145baf61-7af7-403f-9320-550f6122e21f with 1000 chunks to corpus 806c13c2-01af-4ef3-9094-6bab514d631e
INFO:     127.0.0.1:41536 - "POST /v1/libraries/806c13c2-01af-4ef3-9094-6bab514d631e/documents/with-embeddings HTTP/1.1" 201 Created
2026-02-08 15:28:29 - app.services.library_service - INFO - Adding document 'batch_805' with 1000 pre-computed chunks to corpus 806c13c2-01af-4ef3-9094-6bab514d631e
2026-02-08 15:35:38 - infrastructure.repositories.library_repository - INFO - Publishing event document.added to event bus
2026-02-08 15:35:38 - infrastructure.repositories.library_repository - INFO - Event document.added queued successfully
2026-02-08 15:35:38 - app.services.library_service - INFO - Added document cfa45181-46f4-4fa0-b66e-fe4de11e2611 with 1000 chunks to corpus 806c13c2-01af-4ef3-9094-6bab514d631e
INFO:     127.0.0.1:41536 - "POST /v1/libraries/806c13c2-01af-4ef3-9094-6bab514d631e/documents/with-embeddings HTTP/1.1" 201 Created
2026-02-08 15:35:40 - app.services.library_service - INFO - Adding document 'batch_806' with 1000 pre-computed chunks to corpus 806c13c2-01af-4ef3-9094-6bab514d631e
2026-02-08 15:42:47 - infrastructure.repositories.library_repository - INFO - Publishing event document.added to event bus
2026-02-08 15:42:47 - infrastructure.repositories.library_repository - INFO - Event document.added queued successfully
2026-02-08 15:42:47 - app.services.library_service - INFO - Added document d32834e7-02f0-4a25-817a-2a8ae5885852 with 1000 chunks to corpus 806c13c2-01af-4ef3-9094-6bab514d631e
INFO:     127.0.0.1:41536 - "POST /v1/libraries/806c13c2-01af-4ef3-9094-6bab514d631e/documents/with-embeddings HTTP/1.1" 201 Created
2026-02-08 15:42:50 - app.services.library_service - INFO - Adding document 'batch_807' with 1000 pre-computed chunks to corpus 806c13c2-01af-4ef3-9094-6bab514d631e
2026-02-08 15:49:55 - infrastructure.repositories.library_repository - INFO - Publishing event document.added to event bus
2026-02-08 15:49:55 - infrastructure.repositories.library_repository - INFO - Event document.added queued successfully
2026-02-08 15:49:55 - app.services.library_service - INFO - Added document fb8218a1-dfe8-4bc5-8515-3d2167bee5b4 with 1000 chunks to corpus 806c13c2-01af-4ef3-9094-6bab514d631e
INFO:     127.0.0.1:41536 - "POST /v1/libraries/806c13c2-01af-4ef3-9094-6bab514d631e/documents/with-embeddings HTTP/1.1" 201 Created
2026-02-08 15:49:57 - app.services.library_service - INFO - Adding document 'batch_808' with 1000 pre-computed chunks to corpus 806c13c2-01af-4ef3-9094-6bab514d631e
2026-02-08 15:57:06 - infrastructure.repositories.library_repository - INFO - Publishing event document.added to event bus
2026-02-08 15:57:06 - infrastructure.repositories.library_repository - INFO - Event document.added queued successfully
2026-02-08 15:57:06 - app.services.library_service - INFO - Added document b772b6f2-9fd6-4173-9af0-a0c6ad738970 with 1000 chunks to corpus 806c13c2-01af-4ef3-9094-6bab514d631e
INFO:     127.0.0.1:41536 - "POST /v1/libraries/806c13c2-01af-4ef3-9094-6bab514d631e/documents/with-embeddings HTTP/1.1" 201 Created
2026-02-08 15:57:08 - app.services.library_service - INFO - Adding document 'batch_809' with 1000 pre-computed chunks to corpus 806c13c2-01af-4ef3-9094-6bab514d631e
2026-02-08 16:04:16 - infrastructure.repositories.library_repository - INFO - Publishing event document.added to event bus
2026-02-08 16:04:16 - infrastructure.repositories.library_repository - INFO - Event document.added queued successfully
2026-02-08 16:04:16 - app.services.library_service - INFO - Added document 9e83dbe9-7b92-4c3f-b2ec-4da0a4a05912 with 1000 chunks to corpus 806c13c2-01af-4ef3-9094-6bab514d631e
INFO:     127.0.0.1:41536 - "POST /v1/libraries/806c13c2-01af-4ef3-9094-6bab514d631e/documents/with-embeddings HTTP/1.1" 201 Created
2026-02-08 16:04:18 - app.services.library_service - INFO - Adding document 'batch_810' with 1000 pre-computed chunks to corpus 806c13c2-01af-4ef3-9094-6bab514d631e
2026-02-08 16:11:24 - infrastructure.repositories.library_repository - INFO - Publishing event document.added to event bus
2026-02-08 16:11:24 - infrastructure.repositories.library_repository - INFO - Event document.added queued successfully
2026-02-08 16:11:24 - app.services.library_service - INFO - Added document 9a71cb5a-32dd-4c0d-b7d8-68b302ebfe03 with 1000 chunks to corpus 806c13c2-01af-4ef3-9094-6bab514d631e
INFO:     127.0.0.1:41536 - "POST /v1/libraries/806c13c2-01af-4ef3-9094-6bab514d631e/documents/with-embeddings HTTP/1.1" 201 Created
2026-02-08 16:11:26 - app.services.library_service - INFO - Adding document 'batch_811' with 1000 pre-computed chunks to corpus 806c13c2-01af-4ef3-9094-6bab514d631e
2026-02-08 16:18:33 - infrastructure.repositories.library_repository - INFO - Publishing event document.added to event bus
2026-02-08 16:18:33 - infrastructure.repositories.library_repository - INFO - Event document.added queued successfully
2026-02-08 16:18:33 - app.services.library_service - INFO - Added document e114cff6-aa49-47b1-a3b1-efb0700f7e73 with 1000 chunks to corpus 806c13c2-01af-4ef3-9094-6bab514d631e
INFO:     127.0.0.1:41536 - "POST /v1/libraries/806c13c2-01af-4ef3-9094-6bab514d631e/documents/with-embeddings HTTP/1.1" 201 Created
2026-02-08 16:18:35 - app.services.library_service - INFO - Adding document 'batch_812' with 1000 pre-computed chunks to corpus 806c13c2-01af-4ef3-9094-6bab514d631e
2026-02-08 16:25:41 - infrastructure.repositories.library_repository - INFO - Publishing event document.added to event bus
2026-02-08 16:25:41 - infrastructure.repositories.library_repository - INFO - Event document.added queued successfully
2026-02-08 16:25:41 - app.services.library_service - INFO - Added document 89ac62d1-bdad-4517-9129-a732b79ebb1b with 1000 chunks to corpus 806c13c2-01af-4ef3-9094-6bab514d631e
INFO:     127.0.0.1:41536 - "POST /v1/libraries/806c13c2-01af-4ef3-9094-6bab514d631e/documents/with-embeddings HTTP/1.1" 201 Created
2026-02-08 16:25:43 - app.services.library_service - INFO - Adding document 'batch_813' with 1000 pre-computed chunks to corpus 806c13c2-01af-4ef3-9094-6bab514d631e
2026-02-08 16:32:48 - infrastructure.repositories.library_repository - INFO - Publishing event document.added to event bus
2026-02-08 16:32:48 - infrastructure.repositories.library_repository - INFO - Event document.added queued successfully
2026-02-08 16:32:48 - app.services.library_service - INFO - Added document 8bfe9780-18e4-46cf-87f5-7ec817015382 with 1000 chunks to corpus 806c13c2-01af-4ef3-9094-6bab514d631e
INFO:     127.0.0.1:41536 - "POST /v1/libraries/806c13c2-01af-4ef3-9094-6bab514d631e/documents/with-embeddings HTTP/1.1" 201 Created
2026-02-08 16:32:51 - app.services.library_service - INFO - Adding document 'batch_814' with 1000 pre-computed chunks to corpus 806c13c2-01af-4ef3-9094-6bab514d631e
2026-02-08 16:39:58 - infrastructure.repositories.library_repository - INFO - Publishing event document.added to event bus
2026-02-08 16:39:58 - infrastructure.repositories.library_repository - INFO - Event document.added queued successfully
2026-02-08 16:39:58 - app.services.library_service - INFO - Added document 9e5174a2-337d-4d1d-8780-689e0f5c1bae with 1000 chunks to corpus 806c13c2-01af-4ef3-9094-6bab514d631e
INFO:     127.0.0.1:41536 - "POST /v1/libraries/806c13c2-01af-4ef3-9094-6bab514d631e/documents/with-embeddings HTTP/1.1" 201 Created
2026-02-08 16:40:00 - app.services.library_service - INFO - Adding document 'batch_815' with 1000 pre-computed chunks to corpus 806c13c2-01af-4ef3-9094-6bab514d631e
2026-02-08 16:47:11 - infrastructure.repositories.library_repository - INFO - Publishing event document.added to event bus
2026-02-08 16:47:11 - infrastructure.repositories.library_repository - INFO - Event document.added queued successfully
2026-02-08 16:47:11 - app.services.library_service - INFO - Added document ea4a1029-a297-4496-8f01-dfa816293629 with 1000 chunks to corpus 806c13c2-01af-4ef3-9094-6bab514d631e
INFO:     127.0.0.1:41536 - "POST /v1/libraries/806c13c2-01af-4ef3-9094-6bab514d631e/documents/with-embeddings HTTP/1.1" 201 Created
2026-02-08 16:47:13 - app.services.library_service - INFO - Adding document 'batch_816' with 1000 pre-computed chunks to corpus 806c13c2-01af-4ef3-9094-6bab514d631e
2026-02-08 16:54:21 - infrastructure.repositories.library_repository - INFO - Publishing event document.added to event bus
2026-02-08 16:54:21 - infrastructure.repositories.library_repository - INFO - Event document.added queued successfully
2026-02-08 16:54:21 - app.services.library_service - INFO - Added document 81177e19-6ede-4324-81b7-9a2bec410655 with 1000 chunks to corpus 806c13c2-01af-4ef3-9094-6bab514d631e
INFO:     127.0.0.1:41536 - "POST /v1/libraries/806c13c2-01af-4ef3-9094-6bab514d631e/documents/with-embeddings HTTP/1.1" 201 Created
2026-02-08 16:54:23 - app.services.library_service - INFO - Adding document 'batch_817' with 1000 pre-computed chunks to corpus 806c13c2-01af-4ef3-9094-6bab514d631e
2026-02-08 17:01:30 - infrastructure.repositories.library_repository - INFO - Publishing event document.added to event bus
2026-02-08 17:01:30 - infrastructure.repositories.library_repository - INFO - Event document.added queued successfully
2026-02-08 17:01:30 - app.services.library_service - INFO - Added document ce7f096e-6aed-440d-b57a-b379e75cd827 with 1000 chunks to corpus 806c13c2-01af-4ef3-9094-6bab514d631e
INFO:     127.0.0.1:41536 - "POST /v1/libraries/806c13c2-01af-4ef3-9094-6bab514d631e/documents/with-embeddings HTTP/1.1" 201 Created
2026-02-08 17:01:33 - app.services.library_service - INFO - Adding document 'batch_818' with 1000 pre-computed chunks to corpus 806c13c2-01af-4ef3-9094-6bab514d631e
2026-02-08 17:08:41 - infrastructure.repositories.library_repository - INFO - Publishing event document.added to event bus
2026-02-08 17:08:41 - infrastructure.repositories.library_repository - INFO - Event document.added queued successfully
2026-02-08 17:08:41 - app.services.library_service - INFO - Added document 017e2d17-9391-4f66-a265-450b5fdc80a1 with 1000 chunks to corpus 806c13c2-01af-4ef3-9094-6bab514d631e
INFO:     127.0.0.1:41536 - "POST /v1/libraries/806c13c2-01af-4ef3-9094-6bab514d631e/documents/with-embeddings HTTP/1.1" 201 Created
2026-02-08 17:08:43 - app.services.library_service - INFO - Adding document 'batch_819' with 1000 pre-computed chunks to corpus 806c13c2-01af-4ef3-9094-6bab514d631e
2026-02-08 17:15:51 - infrastructure.repositories.library_repository - INFO - Publishing event document.added to event bus
2026-02-08 17:15:51 - infrastructure.repositories.library_repository - INFO - Event document.added queued successfully
2026-02-08 17:15:51 - app.services.library_service - INFO - Added document 817086cd-de45-4290-be1c-30d283192ead with 1000 chunks to corpus 806c13c2-01af-4ef3-9094-6bab514d631e
INFO:     127.0.0.1:41536 - "POST /v1/libraries/806c13c2-01af-4ef3-9094-6bab514d631e/documents/with-embeddings HTTP/1.1" 201 Created
2026-02-08 17:15:54 - app.services.library_service - INFO - Adding document 'batch_820' with 1000 pre-computed chunks to corpus 806c13c2-01af-4ef3-9094-6bab514d631e
2026-02-08 17:22:59 - infrastructure.repositories.library_repository - INFO - Publishing event document.added to event bus
2026-02-08 17:22:59 - infrastructure.repositories.library_repository - INFO - Event document.added queued successfully
2026-02-08 17:22:59 - app.services.library_service - INFO - Added document fe14adaf-081c-42de-bd2e-7f5c8f5fba41 with 1000 chunks to corpus 806c13c2-01af-4ef3-9094-6bab514d631e
INFO:     127.0.0.1:41536 - "POST /v1/libraries/806c13c2-01af-4ef3-9094-6bab514d631e/documents/with-embeddings HTTP/1.1" 201 Created
2026-02-08 17:23:01 - app.services.library_service - INFO - Adding document 'batch_821' with 1000 pre-computed chunks to corpus 806c13c2-01af-4ef3-9094-6bab514d631e
2026-02-08 17:30:08 - infrastructure.repositories.library_repository - INFO - Publishing event document.added to event bus
2026-02-08 17:30:08 - infrastructure.repositories.library_repository - INFO - Event document.added queued successfully
2026-02-08 17:30:08 - app.services.library_service - INFO - Added document 2157f278-2a2a-4e65-8466-8c4c9b71aac4 with 1000 chunks to corpus 806c13c2-01af-4ef3-9094-6bab514d631e
INFO:     127.0.0.1:41536 - "POST /v1/libraries/806c13c2-01af-4ef3-9094-6bab514d631e/documents/with-embeddings HTTP/1.1" 201 Created
2026-02-08 17:30:11 - app.services.library_service - INFO - Adding document 'batch_822' with 1000 pre-computed chunks to corpus 806c13c2-01af-4ef3-9094-6bab514d631e
2026-02-08 17:37:19 - infrastructure.repositories.library_repository - INFO - Publishing event document.added to event bus
2026-02-08 17:37:19 - infrastructure.repositories.library_repository - INFO - Event document.added queued successfully
2026-02-08 17:37:19 - app.services.library_service - INFO - Added document 88bd0e53-5c55-4006-a551-20dc6fc2bab1 with 1000 chunks to corpus 806c13c2-01af-4ef3-9094-6bab514d631e
INFO:     127.0.0.1:41536 - "POST /v1/libraries/806c13c2-01af-4ef3-9094-6bab514d631e/documents/with-embeddings HTTP/1.1" 201 Created
2026-02-08 17:37:21 - app.services.library_service - INFO - Adding document 'batch_823' with 1000 pre-computed chunks to corpus 806c13c2-01af-4ef3-9094-6bab514d631e
2026-02-08 17:44:28 - infrastructure.repositories.library_repository - INFO - Publishing event document.added to event bus
2026-02-08 17:44:28 - infrastructure.repositories.library_repository - INFO - Event document.added queued successfully
2026-02-08 17:44:28 - app.services.library_service - INFO - Added document 8316ac12-92ac-4809-ac51-0c71485dd836 with 1000 chunks to corpus 806c13c2-01af-4ef3-9094-6bab514d631e
INFO:     127.0.0.1:41536 - "POST /v1/libraries/806c13c2-01af-4ef3-9094-6bab514d631e/documents/with-embeddings HTTP/1.1" 201 Created
2026-02-08 17:44:30 - app.services.library_service - INFO - Adding document 'batch_824' with 1000 pre-computed chunks to corpus 806c13c2-01af-4ef3-9094-6bab514d631e
2026-02-08 17:51:36 - infrastructure.repositories.library_repository - INFO - Publishing event document.added to event bus
2026-02-08 17:51:36 - infrastructure.repositories.library_repository - INFO - Event document.added queued successfully
2026-02-08 17:51:36 - app.services.library_service - INFO - Added document d1946024-f2a6-4dc7-a406-2ec12c332048 with 1000 chunks to corpus 806c13c2-01af-4ef3-9094-6bab514d631e
INFO:     127.0.0.1:41536 - "POST /v1/libraries/806c13c2-01af-4ef3-9094-6bab514d631e/documents/with-embeddings HTTP/1.1" 201 Created
2026-02-08 17:51:38 - app.services.library_service - INFO - Adding document 'batch_825' with 1000 pre-computed chunks to corpus 806c13c2-01af-4ef3-9094-6bab514d631e
2026-02-08 17:58:48 - infrastructure.repositories.library_repository - INFO - Publishing event document.added to event bus
2026-02-08 17:58:48 - infrastructure.repositories.library_repository - INFO - Event document.added queued successfully
2026-02-08 17:58:48 - app.services.library_service - INFO - Added document fbf4a60c-993d-4476-87b1-d891da01eb22 with 1000 chunks to corpus 806c13c2-01af-4ef3-9094-6bab514d631e
INFO:     127.0.0.1:41536 - "POST /v1/libraries/806c13c2-01af-4ef3-9094-6bab514d631e/documents/with-embeddings HTTP/1.1" 201 Created
2026-02-08 17:58:50 - app.services.library_service - INFO - Adding document 'batch_826' with 1000 pre-computed chunks to corpus 806c13c2-01af-4ef3-9094-6bab514d631e
2026-02-08 18:05:56 - infrastructure.repositories.library_repository - INFO - Publishing event document.added to event bus
2026-02-08 18:05:56 - infrastructure.repositories.library_repository - INFO - Event document.added queued successfully
2026-02-08 18:05:56 - app.services.library_service - INFO - Added document 777fdd5c-be97-4802-af26-48359ef61df0 with 1000 chunks to corpus 806c13c2-01af-4ef3-9094-6bab514d631e
INFO:     127.0.0.1:41536 - "POST /v1/libraries/806c13c2-01af-4ef3-9094-6bab514d631e/documents/with-embeddings HTTP/1.1" 201 Created
2026-02-08 18:05:58 - app.services.library_service - INFO - Adding document 'batch_827' with 1000 pre-computed chunks to corpus 806c13c2-01af-4ef3-9094-6bab514d631e
2026-02-08 18:13:08 - infrastructure.repositories.library_repository - INFO - Publishing event document.added to event bus
2026-02-08 18:13:08 - infrastructure.repositories.library_repository - INFO - Event document.added queued successfully
2026-02-08 18:13:08 - app.services.library_service - INFO - Added document 09821e2c-6a3a-4644-af1e-d3ffdbd749f6 with 1000 chunks to corpus 806c13c2-01af-4ef3-9094-6bab514d631e
INFO:     127.0.0.1:41536 - "POST /v1/libraries/806c13c2-01af-4ef3-9094-6bab514d631e/documents/with-embeddings HTTP/1.1" 201 Created
2026-02-08 18:13:10 - app.services.library_service - INFO - Adding document 'batch_828' with 1000 pre-computed chunks to corpus 806c13c2-01af-4ef3-9094-6bab514d631e
2026-02-08 18:20:18 - infrastructure.repositories.library_repository - INFO - Publishing event document.added to event bus
2026-02-08 18:20:18 - infrastructure.repositories.library_repository - INFO - Event document.added queued successfully
2026-02-08 18:20:18 - app.services.library_service - INFO - Added document 310b68a9-de22-490d-a06d-282bb8f12eb2 with 1000 chunks to corpus 806c13c2-01af-4ef3-9094-6bab514d631e
INFO:     127.0.0.1:41536 - "POST /v1/libraries/806c13c2-01af-4ef3-9094-6bab514d631e/documents/with-embeddings HTTP/1.1" 201 Created
2026-02-08 18:20:20 - app.services.library_service - INFO - Adding document 'batch_829' with 1000 pre-computed chunks to corpus 806c13c2-01af-4ef3-9094-6bab514d631e
2026-02-08 18:27:28 - infrastructure.repositories.library_repository - INFO - Publishing event document.added to event bus
2026-02-08 18:27:28 - infrastructure.repositories.library_repository - INFO - Event document.added queued successfully
2026-02-08 18:27:28 - app.services.library_service - INFO - Added document 720b8929-88dd-4b49-9ec4-288329d52d78 with 1000 chunks to corpus 806c13c2-01af-4ef3-9094-6bab514d631e
INFO:     127.0.0.1:41536 - "POST /v1/libraries/806c13c2-01af-4ef3-9094-6bab514d631e/documents/with-embeddings HTTP/1.1" 201 Created
2026-02-08 18:27:30 - app.services.library_service - INFO - Adding document 'batch_830' with 1000 pre-computed chunks to corpus 806c13c2-01af-4ef3-9094-6bab514d631e
2026-02-08 18:34:35 - infrastructure.repositories.library_repository - INFO - Publishing event document.added to event bus
2026-02-08 18:34:35 - infrastructure.repositories.library_repository - INFO - Event document.added queued successfully
2026-02-08 18:34:35 - app.services.library_service - INFO - Added document 5e620ae8-3ba6-4b42-9ddb-37670baad249 with 1000 chunks to corpus 806c13c2-01af-4ef3-9094-6bab514d631e
INFO:     127.0.0.1:41536 - "POST /v1/libraries/806c13c2-01af-4ef3-9094-6bab514d631e/documents/with-embeddings HTTP/1.1" 201 Created
2026-02-08 18:34:37 - app.services.library_service - INFO - Adding document 'batch_831' with 1000 pre-computed chunks to corpus 806c13c2-01af-4ef3-9094-6bab514d631e
2026-02-08 18:41:44 - infrastructure.repositories.library_repository - INFO - Publishing event document.added to event bus
2026-02-08 18:41:44 - infrastructure.repositories.library_repository - INFO - Event document.added queued successfully
2026-02-08 18:41:44 - app.services.library_service - INFO - Added document 75413ad9-d597-4d78-942d-fd1e28812369 with 1000 chunks to corpus 806c13c2-01af-4ef3-9094-6bab514d631e
INFO:     127.0.0.1:41536 - "POST /v1/libraries/806c13c2-01af-4ef3-9094-6bab514d631e/documents/with-embeddings HTTP/1.1" 201 Created
2026-02-08 18:41:47 - app.services.library_service - INFO - Adding document 'batch_832' with 1000 pre-computed chunks to corpus 806c13c2-01af-4ef3-9094-6bab514d631e
2026-02-08 18:48:55 - infrastructure.repositories.library_repository - INFO - Publishing event document.added to event bus
2026-02-08 18:48:55 - infrastructure.repositories.library_repository - INFO - Event document.added queued successfully
2026-02-08 18:48:55 - app.services.library_service - INFO - Added document b010e68a-276b-4756-b7af-a2118108503a with 1000 chunks to corpus 806c13c2-01af-4ef3-9094-6bab514d631e
INFO:     127.0.0.1:41536 - "POST /v1/libraries/806c13c2-01af-4ef3-9094-6bab514d631e/documents/with-embeddings HTTP/1.1" 201 Created
2026-02-08 18:48:57 - app.services.library_service - INFO - Adding document 'batch_833' with 1000 pre-computed chunks to corpus 806c13c2-01af-4ef3-9094-6bab514d631e
2026-02-08 18:56:05 - infrastructure.repositories.library_repository - INFO - Publishing event document.added to event bus
2026-02-08 18:56:05 - infrastructure.repositories.library_repository - INFO - Event document.added queued successfully
2026-02-08 18:56:05 - app.services.library_service - INFO - Added document 6e584ec4-3f20-4842-91a0-66823d11e052 with 1000 chunks to corpus 806c13c2-01af-4ef3-9094-6bab514d631e
INFO:     127.0.0.1:41536 - "POST /v1/libraries/806c13c2-01af-4ef3-9094-6bab514d631e/documents/with-embeddings HTTP/1.1" 201 Created
2026-02-08 18:56:08 - app.services.library_service - INFO - Adding document 'batch_834' with 1000 pre-computed chunks to corpus 806c13c2-01af-4ef3-9094-6bab514d631e
2026-02-08 19:03:16 - infrastructure.repositories.library_repository - INFO - Publishing event document.added to event bus
2026-02-08 19:03:16 - infrastructure.repositories.library_repository - INFO - Event document.added queued successfully
2026-02-08 19:03:16 - app.services.library_service - INFO - Added document 8becffda-0487-4eac-ba02-94e875b6578e with 1000 chunks to corpus 806c13c2-01af-4ef3-9094-6bab514d631e
INFO:     127.0.0.1:41536 - "POST /v1/libraries/806c13c2-01af-4ef3-9094-6bab514d631e/documents/with-embeddings HTTP/1.1" 201 Created
2026-02-08 19:03:18 - app.services.library_service - INFO - Adding document 'batch_835' with 1000 pre-computed chunks to corpus 806c13c2-01af-4ef3-9094-6bab514d631e
2026-02-08 19:10:26 - infrastructure.repositories.library_repository - INFO - Publishing event document.added to event bus
2026-02-08 19:10:26 - infrastructure.repositories.library_repository - INFO - Event document.added queued successfully
2026-02-08 19:10:26 - app.services.library_service - INFO - Added document 0aab0234-cc32-40a7-a8af-ea17784c0660 with 1000 chunks to corpus 806c13c2-01af-4ef3-9094-6bab514d631e
INFO:     127.0.0.1:41536 - "POST /v1/libraries/806c13c2-01af-4ef3-9094-6bab514d631e/documents/with-embeddings HTTP/1.1" 201 Created
2026-02-08 19:10:28 - app.services.library_service - INFO - Adding document 'batch_836' with 1000 pre-computed chunks to corpus 806c13c2-01af-4ef3-9094-6bab514d631e
2026-02-08 19:17:40 - infrastructure.repositories.library_repository - INFO - Publishing event document.added to event bus
2026-02-08 19:17:40 - infrastructure.repositories.library_repository - INFO - Event document.added queued successfully
2026-02-08 19:17:40 - app.services.library_service - INFO - Added document 5f5bb4fe-a3bc-4769-abe3-21dbf35ac171 with 1000 chunks to corpus 806c13c2-01af-4ef3-9094-6bab514d631e
INFO:     127.0.0.1:41536 - "POST /v1/libraries/806c13c2-01af-4ef3-9094-6bab514d631e/documents/with-embeddings HTTP/1.1" 201 Created
2026-02-08 19:17:43 - app.services.library_service - INFO - Adding document 'batch_837' with 1000 pre-computed chunks to corpus 806c13c2-01af-4ef3-9094-6bab514d631e
2026-02-08 19:24:51 - infrastructure.repositories.library_repository - INFO - Publishing event document.added to event bus
2026-02-08 19:24:51 - infrastructure.repositories.library_repository - INFO - Event document.added queued successfully
2026-02-08 19:24:51 - app.services.library_service - INFO - Added document d56a682f-85d6-4288-8738-488893b6413f with 1000 chunks to corpus 806c13c2-01af-4ef3-9094-6bab514d631e
INFO:     127.0.0.1:41536 - "POST /v1/libraries/806c13c2-01af-4ef3-9094-6bab514d631e/documents/with-embeddings HTTP/1.1" 201 Created
2026-02-08 19:24:53 - app.services.library_service - INFO - Adding document 'batch_838' with 1000 pre-computed chunks to corpus 806c13c2-01af-4ef3-9094-6bab514d631e
2026-02-08 19:32:01 - infrastructure.repositories.library_repository - INFO - Publishing event document.added to event bus
2026-02-08 19:32:01 - infrastructure.repositories.library_repository - INFO - Event document.added queued successfully
2026-02-08 19:32:01 - app.services.library_service - INFO - Added document 1736bef9-308a-430e-9ad5-744fde51ff56 with 1000 chunks to corpus 806c13c2-01af-4ef3-9094-6bab514d631e
INFO:     127.0.0.1:41536 - "POST /v1/libraries/806c13c2-01af-4ef3-9094-6bab514d631e/documents/with-embeddings HTTP/1.1" 201 Created
2026-02-08 19:32:03 - app.services.library_service - INFO - Adding document 'batch_839' with 1000 pre-computed chunks to corpus 806c13c2-01af-4ef3-9094-6bab514d631e
2026-02-08 19:39:12 - infrastructure.repositories.library_repository - INFO - Publishing event document.added to event bus
2026-02-08 19:39:12 - infrastructure.repositories.library_repository - INFO - Event document.added queued successfully
2026-02-08 19:39:12 - app.services.library_service - INFO - Added document 29cb747e-d7d7-4624-8ab7-1d6f5a360ddc with 1000 chunks to corpus 806c13c2-01af-4ef3-9094-6bab514d631e
INFO:     127.0.0.1:41536 - "POST /v1/libraries/806c13c2-01af-4ef3-9094-6bab514d631e/documents/with-embeddings HTTP/1.1" 201 Created
2026-02-08 19:39:14 - app.services.library_service - INFO - Adding document 'batch_840' with 1000 pre-computed chunks to corpus 806c13c2-01af-4ef3-9094-6bab514d631e
2026-02-08 19:46:22 - infrastructure.repositories.library_repository - INFO - Publishing event document.added to event bus
2026-02-08 19:46:22 - infrastructure.repositories.library_repository - INFO - Event document.added queued successfully
2026-02-08 19:46:22 - app.services.library_service - INFO - Added document 79014ba8-bb9e-42a5-934f-ec9d6a4c6fdc with 1000 chunks to corpus 806c13c2-01af-4ef3-9094-6bab514d631e
INFO:     127.0.0.1:41536 - "POST /v1/libraries/806c13c2-01af-4ef3-9094-6bab514d631e/documents/with-embeddings HTTP/1.1" 201 Created
2026-02-08 19:46:24 - app.services.library_service - INFO - Adding document 'batch_841' with 1000 pre-computed chunks to corpus 806c13c2-01af-4ef3-9094-6bab514d631e
2026-02-08 19:53:31 - infrastructure.repositories.library_repository - INFO - Publishing event document.added to event bus
2026-02-08 19:53:31 - infrastructure.repositories.library_repository - INFO - Event document.added queued successfully
2026-02-08 19:53:31 - app.services.library_service - INFO - Added document f0233d1e-fdb3-4458-9079-62ce850ac462 with 1000 chunks to corpus 806c13c2-01af-4ef3-9094-6bab514d631e
INFO:     127.0.0.1:41536 - "POST /v1/libraries/806c13c2-01af-4ef3-9094-6bab514d631e/documents/with-embeddings HTTP/1.1" 201 Created
2026-02-08 19:53:33 - app.services.library_service - INFO - Adding document 'batch_842' with 1000 pre-computed chunks to corpus 806c13c2-01af-4ef3-9094-6bab514d631e
2026-02-08 20:00:41 - infrastructure.repositories.library_repository - INFO - Publishing event document.added to event bus
2026-02-08 20:00:41 - infrastructure.repositories.library_repository - INFO - Event document.added queued successfully
2026-02-08 20:00:41 - app.services.library_service - INFO - Added document 43c8f613-450a-4dd3-8738-a4db71bc7e41 with 1000 chunks to corpus 806c13c2-01af-4ef3-9094-6bab514d631e
INFO:     127.0.0.1:41536 - "POST /v1/libraries/806c13c2-01af-4ef3-9094-6bab514d631e/documents/with-embeddings HTTP/1.1" 201 Created
2026-02-08 20:00:43 - app.services.library_service - INFO - Adding document 'batch_843' with 1000 pre-computed chunks to corpus 806c13c2-01af-4ef3-9094-6bab514d631e
2026-02-08 20:07:51 - infrastructure.repositories.library_repository - INFO - Publishing event document.added to event bus
2026-02-08 20:07:51 - infrastructure.repositories.library_repository - INFO - Event document.added queued successfully
2026-02-08 20:07:51 - app.services.library_service - INFO - Added document d4ac14fd-4521-4cc6-8060-17f4529321de with 1000 chunks to corpus 806c13c2-01af-4ef3-9094-6bab514d631e
INFO:     127.0.0.1:41536 - "POST /v1/libraries/806c13c2-01af-4ef3-9094-6bab514d631e/documents/with-embeddings HTTP/1.1" 201 Created
2026-02-08 20:07:54 - app.services.library_service - INFO - Adding document 'batch_844' with 1000 pre-computed chunks to corpus 806c13c2-01af-4ef3-9094-6bab514d631e
2026-02-08 20:15:02 - infrastructure.repositories.library_repository - INFO - Publishing event document.added to event bus
2026-02-08 20:15:02 - infrastructure.repositories.library_repository - INFO - Event document.added queued successfully
2026-02-08 20:15:02 - app.services.library_service - INFO - Added document 13030959-85b4-431d-8560-d24e7da6e4df with 1000 chunks to corpus 806c13c2-01af-4ef3-9094-6bab514d631e
INFO:     127.0.0.1:41536 - "POST /v1/libraries/806c13c2-01af-4ef3-9094-6bab514d631e/documents/with-embeddings HTTP/1.1" 201 Created
2026-02-08 20:15:05 - app.services.library_service - INFO - Adding document 'batch_845' with 1000 pre-computed chunks to corpus 806c13c2-01af-4ef3-9094-6bab514d631e
2026-02-08 20:22:13 - infrastructure.repositories.library_repository - INFO - Publishing event document.added to event bus
2026-02-08 20:22:13 - infrastructure.repositories.library_repository - INFO - Event document.added queued successfully
2026-02-08 20:22:13 - app.services.library_service - INFO - Added document a296b89b-1faf-455a-b3d9-1c13541c67c5 with 1000 chunks to corpus 806c13c2-01af-4ef3-9094-6bab514d631e
INFO:     127.0.0.1:41536 - "POST /v1/libraries/806c13c2-01af-4ef3-9094-6bab514d631e/documents/with-embeddings HTTP/1.1" 201 Created
2026-02-08 20:22:15 - app.services.library_service - INFO - Adding document 'batch_846' with 1000 pre-computed chunks to corpus 806c13c2-01af-4ef3-9094-6bab514d631e
2026-02-08 20:29:24 - infrastructure.repositories.library_repository - INFO - Publishing event document.added to event bus
2026-02-08 20:29:24 - infrastructure.repositories.library_repository - INFO - Event document.added queued successfully
2026-02-08 20:29:24 - app.services.library_service - INFO - Added document 0dbfdeb8-84f5-4625-90b0-5c5fa467ef75 with 1000 chunks to corpus 806c13c2-01af-4ef3-9094-6bab514d631e
INFO:     127.0.0.1:41536 - "POST /v1/libraries/806c13c2-01af-4ef3-9094-6bab514d631e/documents/with-embeddings HTTP/1.1" 201 Created
2026-02-08 20:29:27 - app.services.library_service - INFO - Adding document 'batch_847' with 1000 pre-computed chunks to corpus 806c13c2-01af-4ef3-9094-6bab514d631e
2026-02-08 20:36:35 - infrastructure.repositories.library_repository - INFO - Publishing event document.added to event bus
2026-02-08 20:36:35 - infrastructure.repositories.library_repository - INFO - Event document.added queued successfully
2026-02-08 20:36:35 - app.services.library_service - INFO - Added document 06511fca-943b-4657-8d3f-e4713196ed72 with 1000 chunks to corpus 806c13c2-01af-4ef3-9094-6bab514d631e
INFO:     127.0.0.1:41536 - "POST /v1/libraries/806c13c2-01af-4ef3-9094-6bab514d631e/documents/with-embeddings HTTP/1.1" 201 Created
2026-02-08 20:36:37 - app.services.library_service - INFO - Adding document 'batch_848' with 1000 pre-computed chunks to corpus 806c13c2-01af-4ef3-9094-6bab514d631e
2026-02-08 20:43:42 - infrastructure.repositories.library_repository - INFO - Publishing event document.added to event bus
2026-02-08 20:43:42 - infrastructure.repositories.library_repository - INFO - Event document.added queued successfully
2026-02-08 20:43:42 - app.services.library_service - INFO - Added document dc268e49-c412-4a82-8455-7a5c3ba2dd44 with 1000 chunks to corpus 806c13c2-01af-4ef3-9094-6bab514d631e
INFO:     127.0.0.1:41536 - "POST /v1/libraries/806c13c2-01af-4ef3-9094-6bab514d631e/documents/with-embeddings HTTP/1.1" 201 Created
2026-02-08 20:43:45 - app.services.library_service - INFO - Adding document 'batch_849' with 1000 pre-computed chunks to corpus 806c13c2-01af-4ef3-9094-6bab514d631e
2026-02-08 20:50:52 - infrastructure.repositories.library_repository - INFO - Publishing event document.added to event bus
2026-02-08 20:50:52 - infrastructure.repositories.library_repository - INFO - Event document.added queued successfully
2026-02-08 20:50:52 - app.services.library_service - INFO - Added document 988a662d-b826-45f6-bb10-70e8e09889d0 with 1000 chunks to corpus 806c13c2-01af-4ef3-9094-6bab514d631e
INFO:     127.0.0.1:41536 - "POST /v1/libraries/806c13c2-01af-4ef3-9094-6bab514d631e/documents/with-embeddings HTTP/1.1" 201 Created
2026-02-08 20:51:03 - app.services.library_service - INFO - Adding document 'batch_850' with 1000 pre-computed chunks to corpus 806c13c2-01af-4ef3-9094-6bab514d631e
2026-02-08 20:58:08 - infrastructure.repositories.library_repository - INFO - Publishing event document.added to event bus
2026-02-08 20:58:08 - infrastructure.repositories.library_repository - INFO - Event document.added queued successfully
2026-02-08 20:58:08 - app.services.library_service - INFO - Added document 05ecc2b4-6178-40f1-be46-a4162691cb8a with 1000 chunks to corpus 806c13c2-01af-4ef3-9094-6bab514d631e
INFO:     127.0.0.1:41536 - "POST /v1/libraries/806c13c2-01af-4ef3-9094-6bab514d631e/documents/with-embeddings HTTP/1.1" 201 Created
2026-02-08 20:58:10 - app.services.library_service - INFO - Adding document 'batch_851' with 1000 pre-computed chunks to corpus 806c13c2-01af-4ef3-9094-6bab514d631e
2026-02-08 21:05:20 - infrastructure.repositories.library_repository - INFO - Publishing event document.added to event bus
2026-02-08 21:05:20 - infrastructure.repositories.library_repository - INFO - Event document.added queued successfully
2026-02-08 21:05:20 - app.services.library_service - INFO - Added document d4cf176a-fadf-4003-9e6a-d2ed44152d09 with 1000 chunks to corpus 806c13c2-01af-4ef3-9094-6bab514d631e
INFO:     127.0.0.1:41536 - "POST /v1/libraries/806c13c2-01af-4ef3-9094-6bab514d631e/documents/with-embeddings HTTP/1.1" 201 Created
2026-02-08 21:05:22 - app.services.library_service - INFO - Adding document 'batch_852' with 1000 pre-computed chunks to corpus 806c13c2-01af-4ef3-9094-6bab514d631e
2026-02-08 21:12:29 - infrastructure.repositories.library_repository - INFO - Publishing event document.added to event bus
2026-02-08 21:12:29 - infrastructure.repositories.library_repository - INFO - Event document.added queued successfully
2026-02-08 21:12:29 - app.services.library_service - INFO - Added document c2bcbdd6-1731-4150-8055-880bf13a36e7 with 1000 chunks to corpus 806c13c2-01af-4ef3-9094-6bab514d631e
INFO:     127.0.0.1:41536 - "POST /v1/libraries/806c13c2-01af-4ef3-9094-6bab514d631e/documents/with-embeddings HTTP/1.1" 201 Created
2026-02-08 21:12:32 - app.services.library_service - INFO - Adding document 'batch_853' with 1000 pre-computed chunks to corpus 806c13c2-01af-4ef3-9094-6bab514d631e
2026-02-08 21:19:38 - infrastructure.repositories.library_repository - INFO - Publishing event document.added to event bus
2026-02-08 21:19:38 - infrastructure.repositories.library_repository - INFO - Event document.added queued successfully
2026-02-08 21:19:38 - app.services.library_service - INFO - Added document 68d13862-3315-4b50-8a3d-1c2519787023 with 1000 chunks to corpus 806c13c2-01af-4ef3-9094-6bab514d631e
INFO:     127.0.0.1:41536 - "POST /v1/libraries/806c13c2-01af-4ef3-9094-6bab514d631e/documents/with-embeddings HTTP/1.1" 201 Created
2026-02-08 21:19:41 - app.services.library_service - INFO - Adding document 'batch_854' with 1000 pre-computed chunks to corpus 806c13c2-01af-4ef3-9094-6bab514d631e
2026-02-08 21:26:51 - infrastructure.repositories.library_repository - INFO - Publishing event document.added to event bus
2026-02-08 21:26:51 - infrastructure.repositories.library_repository - INFO - Event document.added queued successfully
2026-02-08 21:26:51 - app.services.library_service - INFO - Added document 97cde3d6-de3d-4bc2-9b5a-68686786f182 with 1000 chunks to corpus 806c13c2-01af-4ef3-9094-6bab514d631e
INFO:     127.0.0.1:41536 - "POST /v1/libraries/806c13c2-01af-4ef3-9094-6bab514d631e/documents/with-embeddings HTTP/1.1" 201 Created
2026-02-08 21:26:53 - app.services.library_service - INFO - Adding document 'batch_855' with 1000 pre-computed chunks to corpus 806c13c2-01af-4ef3-9094-6bab514d631e
2026-02-08 21:33:58 - infrastructure.repositories.library_repository - INFO - Publishing event document.added to event bus
2026-02-08 21:33:58 - infrastructure.repositories.library_repository - INFO - Event document.added queued successfully
2026-02-08 21:33:58 - app.services.library_service - INFO - Added document d29b13ab-1bc9-4b5c-b2f3-e5e66e2a7ed7 with 1000 chunks to corpus 806c13c2-01af-4ef3-9094-6bab514d631e
INFO:     127.0.0.1:41536 - "POST /v1/libraries/806c13c2-01af-4ef3-9094-6bab514d631e/documents/with-embeddings HTTP/1.1" 201 Created
2026-02-08 21:34:01 - app.services.library_service - INFO - Adding document 'batch_856' with 1000 pre-computed chunks to corpus 806c13c2-01af-4ef3-9094-6bab514d631e
2026-02-08 21:41:08 - infrastructure.repositories.library_repository - INFO - Publishing event document.added to event bus
2026-02-08 21:41:08 - infrastructure.repositories.library_repository - INFO - Event document.added queued successfully
2026-02-08 21:41:08 - app.services.library_service - INFO - Added document 31355a08-648a-46ad-904c-8d35a87f9c2a with 1000 chunks to corpus 806c13c2-01af-4ef3-9094-6bab514d631e
INFO:     127.0.0.1:41536 - "POST /v1/libraries/806c13c2-01af-4ef3-9094-6bab514d631e/documents/with-embeddings HTTP/1.1" 201 Created
2026-02-08 21:41:10 - app.services.library_service - INFO - Adding document 'batch_857' with 1000 pre-computed chunks to corpus 806c13c2-01af-4ef3-9094-6bab514d631e
2026-02-08 21:48:18 - infrastructure.repositories.library_repository - INFO - Publishing event document.added to event bus
2026-02-08 21:48:18 - infrastructure.repositories.library_repository - INFO - Event document.added queued successfully
2026-02-08 21:48:18 - app.services.library_service - INFO - Added document 5d808299-bfbe-4fca-b41f-0264b6fd9d7e with 1000 chunks to corpus 806c13c2-01af-4ef3-9094-6bab514d631e
INFO:     127.0.0.1:41536 - "POST /v1/libraries/806c13c2-01af-4ef3-9094-6bab514d631e/documents/with-embeddings HTTP/1.1" 201 Created
2026-02-08 21:48:21 - app.services.library_service - INFO - Adding document 'batch_858' with 1000 pre-computed chunks to corpus 806c13c2-01af-4ef3-9094-6bab514d631e
2026-02-08 21:55:29 - infrastructure.repositories.library_repository - INFO - Publishing event document.added to event bus
2026-02-08 21:55:29 - infrastructure.repositories.library_repository - INFO - Event document.added queued successfully
2026-02-08 21:55:29 - app.services.library_service - INFO - Added document 56c1a62f-495d-46a1-b8f6-3a160cee3369 with 1000 chunks to corpus 806c13c2-01af-4ef3-9094-6bab514d631e
INFO:     127.0.0.1:41536 - "POST /v1/libraries/806c13c2-01af-4ef3-9094-6bab514d631e/documents/with-embeddings HTTP/1.1" 201 Created
2026-02-08 21:55:31 - app.services.library_service - INFO - Adding document 'batch_859' with 1000 pre-computed chunks to corpus 806c13c2-01af-4ef3-9094-6bab514d631e
2026-02-08 22:02:39 - infrastructure.repositories.library_repository - INFO - Publishing event document.added to event bus
2026-02-08 22:02:39 - infrastructure.repositories.library_repository - INFO - Event document.added queued successfully
2026-02-08 22:02:39 - app.services.library_service - INFO - Added document 3fe4053c-dc8e-4d83-a60b-9baddc373a46 with 1000 chunks to corpus 806c13c2-01af-4ef3-9094-6bab514d631e
INFO:     127.0.0.1:41536 - "POST /v1/libraries/806c13c2-01af-4ef3-9094-6bab514d631e/documents/with-embeddings HTTP/1.1" 201 Created
2026-02-08 22:02:42 - app.services.library_service - INFO - Adding document 'batch_860' with 1000 pre-computed chunks to corpus 806c13c2-01af-4ef3-9094-6bab514d631e
2026-02-08 22:09:47 - infrastructure.repositories.library_repository - INFO - Publishing event document.added to event bus
2026-02-08 22:09:47 - infrastructure.repositories.library_repository - INFO - Event document.added queued successfully
2026-02-08 22:09:47 - app.services.library_service - INFO - Added document 2c86f933-476a-4ca1-a0d0-479443417a51 with 1000 chunks to corpus 806c13c2-01af-4ef3-9094-6bab514d631e
INFO:     127.0.0.1:41536 - "POST /v1/libraries/806c13c2-01af-4ef3-9094-6bab514d631e/documents/with-embeddings HTTP/1.1" 201 Created
2026-02-08 22:09:49 - app.services.library_service - INFO - Adding document 'batch_861' with 1000 pre-computed chunks to corpus 806c13c2-01af-4ef3-9094-6bab514d631e
2026-02-08 22:16:57 - infrastructure.repositories.library_repository - INFO - Publishing event document.added to event bus
2026-02-08 22:16:57 - infrastructure.repositories.library_repository - INFO - Event document.added queued successfully
2026-02-08 22:16:57 - app.services.library_service - INFO - Added document 868d7888-f60b-4f8e-9b19-b18912c9bd5a with 1000 chunks to corpus 806c13c2-01af-4ef3-9094-6bab514d631e
INFO:     127.0.0.1:41536 - "POST /v1/libraries/806c13c2-01af-4ef3-9094-6bab514d631e/documents/with-embeddings HTTP/1.1" 201 Created
2026-02-08 22:17:00 - app.services.library_service - INFO - Adding document 'batch_862' with 1000 pre-computed chunks to corpus 806c13c2-01af-4ef3-9094-6bab514d631e
2026-02-08 22:24:08 - infrastructure.repositories.library_repository - INFO - Publishing event document.added to event bus
2026-02-08 22:24:08 - infrastructure.repositories.library_repository - INFO - Event document.added queued successfully
2026-02-08 22:24:08 - app.services.library_service - INFO - Added document ed731f14-5a9b-4303-9750-253601000bc1 with 1000 chunks to corpus 806c13c2-01af-4ef3-9094-6bab514d631e
INFO:     127.0.0.1:41536 - "POST /v1/libraries/806c13c2-01af-4ef3-9094-6bab514d631e/documents/with-embeddings HTTP/1.1" 201 Created
2026-02-08 22:24:11 - app.services.library_service - INFO - Adding document 'batch_863' with 1000 pre-computed chunks to corpus 806c13c2-01af-4ef3-9094-6bab514d631e
2026-02-08 22:31:19 - infrastructure.repositories.library_repository - INFO - Publishing event document.added to event bus
2026-02-08 22:31:19 - infrastructure.repositories.library_repository - INFO - Event document.added queued successfully
2026-02-08 22:31:19 - app.services.library_service - INFO - Added document b05000e2-dc69-4f2d-bbab-69106bedc9ce with 1000 chunks to corpus 806c13c2-01af-4ef3-9094-6bab514d631e
INFO:     127.0.0.1:41536 - "POST /v1/libraries/806c13c2-01af-4ef3-9094-6bab514d631e/documents/with-embeddings HTTP/1.1" 201 Created
2026-02-08 22:31:21 - app.services.library_service - INFO - Adding document 'batch_864' with 1000 pre-computed chunks to corpus 806c13c2-01af-4ef3-9094-6bab514d631e
2026-02-08 22:38:29 - infrastructure.repositories.library_repository - INFO - Publishing event document.added to event bus
2026-02-08 22:38:29 - infrastructure.repositories.library_repository - INFO - Event document.added queued successfully
2026-02-08 22:38:29 - app.services.library_service - INFO - Added document c7a1fba0-86b4-4526-9c8b-945e284e9c2e with 1000 chunks to corpus 806c13c2-01af-4ef3-9094-6bab514d631e
INFO:     127.0.0.1:41536 - "POST /v1/libraries/806c13c2-01af-4ef3-9094-6bab514d631e/documents/with-embeddings HTTP/1.1" 201 Created
2026-02-08 22:38:31 - app.services.library_service - INFO - Adding document 'batch_865' with 1000 pre-computed chunks to corpus 806c13c2-01af-4ef3-9094-6bab514d631e
2026-02-08 22:45:38 - infrastructure.repositories.library_repository - INFO - Publishing event document.added to event bus
2026-02-08 22:45:38 - infrastructure.repositories.library_repository - INFO - Event document.added queued successfully
2026-02-08 22:45:38 - app.services.library_service - INFO - Added document df0b2f92-34d6-4e79-b4f6-b7f9135117b4 with 1000 chunks to corpus 806c13c2-01af-4ef3-9094-6bab514d631e
INFO:     127.0.0.1:41536 - "POST /v1/libraries/806c13c2-01af-4ef3-9094-6bab514d631e/documents/with-embeddings HTTP/1.1" 201 Created
2026-02-08 22:45:40 - app.services.library_service - INFO - Adding document 'batch_866' with 1000 pre-computed chunks to corpus 806c13c2-01af-4ef3-9094-6bab514d631e
2026-02-08 22:52:48 - infrastructure.repositories.library_repository - INFO - Publishing event document.added to event bus
2026-02-08 22:52:48 - infrastructure.repositories.library_repository - INFO - Event document.added queued successfully
2026-02-08 22:52:48 - app.services.library_service - INFO - Added document c7a76115-6bed-49cd-893c-cb84a163f247 with 1000 chunks to corpus 806c13c2-01af-4ef3-9094-6bab514d631e
INFO:     127.0.0.1:41536 - "POST /v1/libraries/806c13c2-01af-4ef3-9094-6bab514d631e/documents/with-embeddings HTTP/1.1" 201 Created
2026-02-08 22:52:50 - app.services.library_service - INFO - Adding document 'batch_867' with 1000 pre-computed chunks to corpus 806c13c2-01af-4ef3-9094-6bab514d631e
2026-02-08 23:00:02 - infrastructure.repositories.library_repository - INFO - Publishing event document.added to event bus
2026-02-08 23:00:02 - infrastructure.repositories.library_repository - INFO - Event document.added queued successfully
2026-02-08 23:00:02 - app.services.library_service - INFO - Added document d76eb61d-52b8-4f03-b29c-25915a062743 with 1000 chunks to corpus 806c13c2-01af-4ef3-9094-6bab514d631e
INFO:     127.0.0.1:41536 - "POST /v1/libraries/806c13c2-01af-4ef3-9094-6bab514d631e/documents/with-embeddings HTTP/1.1" 201 Created
2026-02-08 23:00:04 - app.services.library_service - INFO - Adding document 'batch_868' with 1000 pre-computed chunks to corpus 806c13c2-01af-4ef3-9094-6bab514d631e
2026-02-08 23:07:14 - infrastructure.repositories.library_repository - INFO - Publishing event document.added to event bus
2026-02-08 23:07:14 - infrastructure.repositories.library_repository - INFO - Event document.added queued successfully
2026-02-08 23:07:14 - app.services.library_service - INFO - Added document 842b1472-0776-4699-8016-dd91c82e5376 with 1000 chunks to corpus 806c13c2-01af-4ef3-9094-6bab514d631e
INFO:     127.0.0.1:41536 - "POST /v1/libraries/806c13c2-01af-4ef3-9094-6bab514d631e/documents/with-embeddings HTTP/1.1" 201 Created
2026-02-08 23:07:16 - app.services.library_service - INFO - Adding document 'batch_869' with 1000 pre-computed chunks to corpus 806c13c2-01af-4ef3-9094-6bab514d631e
2026-02-08 23:14:28 - infrastructure.repositories.library_repository - INFO - Publishing event document.added to event bus
2026-02-08 23:14:28 - infrastructure.repositories.library_repository - INFO - Event document.added queued successfully
2026-02-08 23:14:28 - app.services.library_service - INFO - Added document 8d4cabcb-a721-4f33-bfca-93c1d5023fb5 with 1000 chunks to corpus 806c13c2-01af-4ef3-9094-6bab514d631e
INFO:     127.0.0.1:41536 - "POST /v1/libraries/806c13c2-01af-4ef3-9094-6bab514d631e/documents/with-embeddings HTTP/1.1" 201 Created
2026-02-08 23:14:31 - app.services.library_service - INFO - Adding document 'batch_870' with 1000 pre-computed chunks to corpus 806c13c2-01af-4ef3-9094-6bab514d631e
2026-02-08 23:21:40 - infrastructure.repositories.library_repository - INFO - Publishing event document.added to event bus
2026-02-08 23:21:40 - infrastructure.repositories.library_repository - INFO - Event document.added queued successfully
2026-02-08 23:21:40 - app.services.library_service - INFO - Added document b2a1028b-afdb-49fb-bdb7-397db3323a6f with 1000 chunks to corpus 806c13c2-01af-4ef3-9094-6bab514d631e
INFO:     127.0.0.1:41536 - "POST /v1/libraries/806c13c2-01af-4ef3-9094-6bab514d631e/documents/with-embeddings HTTP/1.1" 201 Created
2026-02-08 23:21:42 - app.services.library_service - INFO - Adding document 'batch_871' with 1000 pre-computed chunks to corpus 806c13c2-01af-4ef3-9094-6bab514d631e
2026-02-08 23:28:54 - infrastructure.repositories.library_repository - INFO - Publishing event document.added to event bus
2026-02-08 23:28:54 - infrastructure.repositories.library_repository - INFO - Event document.added queued successfully
2026-02-08 23:28:54 - app.services.library_service - INFO - Added document aebb0ec3-1347-4cb7-ba49-b7b275c39ef4 with 1000 chunks to corpus 806c13c2-01af-4ef3-9094-6bab514d631e
INFO:     127.0.0.1:41536 - "POST /v1/libraries/806c13c2-01af-4ef3-9094-6bab514d631e/documents/with-embeddings HTTP/1.1" 201 Created
2026-02-08 23:28:56 - app.services.library_service - INFO - Adding document 'batch_872' with 1000 pre-computed chunks to corpus 806c13c2-01af-4ef3-9094-6bab514d631e
2026-02-08 23:36:05 - infrastructure.repositories.library_repository - INFO - Publishing event document.added to event bus
2026-02-08 23:36:05 - infrastructure.repositories.library_repository - INFO - Event document.added queued successfully
2026-02-08 23:36:05 - app.services.library_service - INFO - Added document f5d71578-9e7d-44fe-9e61-b1d46d169b74 with 1000 chunks to corpus 806c13c2-01af-4ef3-9094-6bab514d631e
INFO:     127.0.0.1:41536 - "POST /v1/libraries/806c13c2-01af-4ef3-9094-6bab514d631e/documents/with-embeddings HTTP/1.1" 201 Created
2026-02-08 23:36:07 - app.services.library_service - INFO - Adding document 'batch_873' with 1000 pre-computed chunks to corpus 806c13c2-01af-4ef3-9094-6bab514d631e
2026-02-08 23:43:18 - infrastructure.repositories.library_repository - INFO - Publishing event document.added to event bus
2026-02-08 23:43:18 - infrastructure.repositories.library_repository - INFO - Event document.added queued successfully
2026-02-08 23:43:18 - app.services.library_service - INFO - Added document 7ccac26f-5e85-4c09-80fc-39f31c0d6de1 with 1000 chunks to corpus 806c13c2-01af-4ef3-9094-6bab514d631e
INFO:     127.0.0.1:41536 - "POST /v1/libraries/806c13c2-01af-4ef3-9094-6bab514d631e/documents/with-embeddings HTTP/1.1" 201 Created
2026-02-08 23:43:20 - app.services.library_service - INFO - Adding document 'batch_874' with 1000 pre-computed chunks to corpus 806c13c2-01af-4ef3-9094-6bab514d631e
2026-02-08 23:50:29 - infrastructure.repositories.library_repository - INFO - Publishing event document.added to event bus
2026-02-08 23:50:29 - infrastructure.repositories.library_repository - INFO - Event document.added queued successfully
2026-02-08 23:50:29 - app.services.library_service - INFO - Added document b43d2104-8a82-46b2-9ae7-ea94b77574fa with 1000 chunks to corpus 806c13c2-01af-4ef3-9094-6bab514d631e
INFO:     127.0.0.1:41536 - "POST /v1/libraries/806c13c2-01af-4ef3-9094-6bab514d631e/documents/with-embeddings HTTP/1.1" 201 Created
2026-02-08 23:50:31 - app.services.library_service - INFO - Adding document 'batch_875' with 1000 pre-computed chunks to corpus 806c13c2-01af-4ef3-9094-6bab514d631e
2026-02-08 23:57:41 - infrastructure.repositories.library_repository - INFO - Publishing event document.added to event bus
2026-02-08 23:57:41 - infrastructure.repositories.library_repository - INFO - Event document.added queued successfully
2026-02-08 23:57:41 - app.services.library_service - INFO - Added document 6e2b228a-bb47-4fba-abea-ed1102e8f39f with 1000 chunks to corpus 806c13c2-01af-4ef3-9094-6bab514d631e
INFO:     127.0.0.1:41536 - "POST /v1/libraries/806c13c2-01af-4ef3-9094-6bab514d631e/documents/with-embeddings HTTP/1.1" 201 Created
2026-02-08 23:57:43 - app.services.library_service - INFO - Adding document 'batch_876' with 1000 pre-computed chunks to corpus 806c13c2-01af-4ef3-9094-6bab514d631e
2026-02-09 00:04:55 - infrastructure.repositories.library_repository - INFO - Publishing event document.added to event bus
2026-02-09 00:04:55 - infrastructure.repositories.library_repository - INFO - Event document.added queued successfully
2026-02-09 00:04:55 - app.services.library_service - INFO - Added document 3dc20a2b-bd14-4012-908b-d17e9d2428a3 with 1000 chunks to corpus 806c13c2-01af-4ef3-9094-6bab514d631e
INFO:     127.0.0.1:41536 - "POST /v1/libraries/806c13c2-01af-4ef3-9094-6bab514d631e/documents/with-embeddings HTTP/1.1" 201 Created
2026-02-09 00:04:57 - app.services.library_service - INFO - Adding document 'batch_877' with 1000 pre-computed chunks to corpus 806c13c2-01af-4ef3-9094-6bab514d631e
2026-02-09 00:12:06 - infrastructure.repositories.library_repository - INFO - Publishing event document.added to event bus
2026-02-09 00:12:06 - infrastructure.repositories.library_repository - INFO - Event document.added queued successfully
2026-02-09 00:12:06 - app.services.library_service - INFO - Added document 7f9595af-d6dc-44db-bef2-e3ad58163190 with 1000 chunks to corpus 806c13c2-01af-4ef3-9094-6bab514d631e
INFO:     127.0.0.1:41536 - "POST /v1/libraries/806c13c2-01af-4ef3-9094-6bab514d631e/documents/with-embeddings HTTP/1.1" 201 Created
2026-02-09 00:12:08 - app.services.library_service - INFO - Adding document 'batch_878' with 1000 pre-computed chunks to corpus 806c13c2-01af-4ef3-9094-6bab514d631e
2026-02-09 00:19:18 - infrastructure.repositories.library_repository - INFO - Publishing event document.added to event bus
2026-02-09 00:19:18 - infrastructure.repositories.library_repository - INFO - Event document.added queued successfully
2026-02-09 00:19:18 - app.services.library_service - INFO - Added document c9054d72-1348-4222-a533-cb9c6cf7dcc3 with 1000 chunks to corpus 806c13c2-01af-4ef3-9094-6bab514d631e
INFO:     127.0.0.1:41536 - "POST /v1/libraries/806c13c2-01af-4ef3-9094-6bab514d631e/documents/with-embeddings HTTP/1.1" 201 Created
2026-02-09 00:19:21 - app.services.library_service - INFO - Adding document 'batch_879' with 1000 pre-computed chunks to corpus 806c13c2-01af-4ef3-9094-6bab514d631e
2026-02-09 00:26:30 - infrastructure.repositories.library_repository - INFO - Publishing event document.added to event bus
2026-02-09 00:26:30 - infrastructure.repositories.library_repository - INFO - Event document.added queued successfully
2026-02-09 00:26:30 - app.services.library_service - INFO - Added document 45c430a7-ddcf-4ac5-bae8-a55b9e9ec8b8 with 1000 chunks to corpus 806c13c2-01af-4ef3-9094-6bab514d631e
INFO:     127.0.0.1:41536 - "POST /v1/libraries/806c13c2-01af-4ef3-9094-6bab514d631e/documents/with-embeddings HTTP/1.1" 201 Created
2026-02-09 00:26:33 - app.services.library_service - INFO - Adding document 'batch_880' with 1000 pre-computed chunks to corpus 806c13c2-01af-4ef3-9094-6bab514d631e
2026-02-09 00:33:39 - infrastructure.repositories.library_repository - INFO - Publishing event document.added to event bus
2026-02-09 00:33:39 - infrastructure.repositories.library_repository - INFO - Event document.added queued successfully
2026-02-09 00:33:39 - app.services.library_service - INFO - Added document 74fdf11e-41ab-40a9-a4cd-726ec67f8fea with 1000 chunks to corpus 806c13c2-01af-4ef3-9094-6bab514d631e
INFO:     127.0.0.1:41536 - "POST /v1/libraries/806c13c2-01af-4ef3-9094-6bab514d631e/documents/with-embeddings HTTP/1.1" 201 Created
2026-02-09 00:33:42 - app.services.library_service - INFO - Adding document 'batch_881' with 1000 pre-computed chunks to corpus 806c13c2-01af-4ef3-9094-6bab514d631e
2026-02-09 00:40:51 - infrastructure.repositories.library_repository - INFO - Publishing event document.added to event bus
2026-02-09 00:40:51 - infrastructure.repositories.library_repository - INFO - Event document.added queued successfully
2026-02-09 00:40:51 - app.services.library_service - INFO - Added document 60dd231b-35d6-498c-8aec-2eced8d9da3c with 1000 chunks to corpus 806c13c2-01af-4ef3-9094-6bab514d631e
INFO:     127.0.0.1:41536 - "POST /v1/libraries/806c13c2-01af-4ef3-9094-6bab514d631e/documents/with-embeddings HTTP/1.1" 201 Created
2026-02-09 00:40:53 - app.services.library_service - INFO - Adding document 'batch_882' with 1000 pre-computed chunks to corpus 806c13c2-01af-4ef3-9094-6bab514d631e
2026-02-09 00:48:02 - infrastructure.repositories.library_repository - INFO - Publishing event document.added to event bus
2026-02-09 00:48:02 - infrastructure.repositories.library_repository - INFO - Event document.added queued successfully
2026-02-09 00:48:02 - app.services.library_service - INFO - Added document 7c5ea2ea-18bf-4eab-bd12-5010f7dc186f with 1000 chunks to corpus 806c13c2-01af-4ef3-9094-6bab514d631e
INFO:     127.0.0.1:41536 - "POST /v1/libraries/806c13c2-01af-4ef3-9094-6bab514d631e/documents/with-embeddings HTTP/1.1" 201 Created
2026-02-09 00:48:04 - app.services.library_service - INFO - Adding document 'batch_883' with 1000 pre-computed chunks to corpus 806c13c2-01af-4ef3-9094-6bab514d631e
2026-02-09 00:55:14 - infrastructure.repositories.library_repository - INFO - Publishing event document.added to event bus
2026-02-09 00:55:14 - infrastructure.repositories.library_repository - INFO - Event document.added queued successfully
2026-02-09 00:55:14 - app.services.library_service - INFO - Added document 35f57a7d-9df5-4d23-8e21-78ac48829d26 with 1000 chunks to corpus 806c13c2-01af-4ef3-9094-6bab514d631e
INFO:     127.0.0.1:41536 - "POST /v1/libraries/806c13c2-01af-4ef3-9094-6bab514d631e/documents/with-embeddings HTTP/1.1" 201 Created
2026-02-09 00:55:16 - app.services.library_service - INFO - Adding document 'batch_884' with 1000 pre-computed chunks to corpus 806c13c2-01af-4ef3-9094-6bab514d631e
2026-02-09 01:02:26 - infrastructure.repositories.library_repository - INFO - Publishing event document.added to event bus
2026-02-09 01:02:26 - infrastructure.repositories.library_repository - INFO - Event document.added queued successfully
2026-02-09 01:02:26 - app.services.library_service - INFO - Added document c91f9f93-e10d-47c3-a52b-4d6cfabb59ad with 1000 chunks to corpus 806c13c2-01af-4ef3-9094-6bab514d631e
INFO:     127.0.0.1:41536 - "POST /v1/libraries/806c13c2-01af-4ef3-9094-6bab514d631e/documents/with-embeddings HTTP/1.1" 201 Created
2026-02-09 01:02:28 - app.services.library_service - INFO - Adding document 'batch_885' with 1000 pre-computed chunks to corpus 806c13c2-01af-4ef3-9094-6bab514d631e
2026-02-09 01:09:39 - infrastructure.repositories.library_repository - INFO - Publishing event document.added to event bus
2026-02-09 01:09:39 - infrastructure.repositories.library_repository - INFO - Event document.added queued successfully
2026-02-09 01:09:39 - app.services.library_service - INFO - Added document 3d719381-bbd0-4823-bed7-7f78f6b391e1 with 1000 chunks to corpus 806c13c2-01af-4ef3-9094-6bab514d631e
INFO:     127.0.0.1:41536 - "POST /v1/libraries/806c13c2-01af-4ef3-9094-6bab514d631e/documents/with-embeddings HTTP/1.1" 201 Created
2026-02-09 01:09:41 - app.services.library_service - INFO - Adding document 'batch_886' with 1000 pre-computed chunks to corpus 806c13c2-01af-4ef3-9094-6bab514d631e
2026-02-09 01:16:51 - infrastructure.repositories.library_repository - INFO - Publishing event document.added to event bus
2026-02-09 01:16:51 - infrastructure.repositories.library_repository - INFO - Event document.added queued successfully
2026-02-09 01:16:51 - app.services.library_service - INFO - Added document 50d07d2a-445e-49dd-9a2d-e80b15557ba7 with 1000 chunks to corpus 806c13c2-01af-4ef3-9094-6bab514d631e
INFO:     127.0.0.1:41536 - "POST /v1/libraries/806c13c2-01af-4ef3-9094-6bab514d631e/documents/with-embeddings HTTP/1.1" 201 Created
2026-02-09 01:16:53 - app.services.library_service - INFO - Adding document 'batch_887' with 1000 pre-computed chunks to corpus 806c13c2-01af-4ef3-9094-6bab514d631e
2026-02-09 01:24:05 - infrastructure.repositories.library_repository - INFO - Publishing event document.added to event bus
2026-02-09 01:24:05 - infrastructure.repositories.library_repository - INFO - Event document.added queued successfully
2026-02-09 01:24:05 - app.services.library_service - INFO - Added document 63114bbd-e384-4060-819a-d14119bba6fc with 1000 chunks to corpus 806c13c2-01af-4ef3-9094-6bab514d631e
INFO:     127.0.0.1:41536 - "POST /v1/libraries/806c13c2-01af-4ef3-9094-6bab514d631e/documents/with-embeddings HTTP/1.1" 201 Created
2026-02-09 01:24:07 - app.services.library_service - INFO - Adding document 'batch_888' with 1000 pre-computed chunks to corpus 806c13c2-01af-4ef3-9094-6bab514d631e
2026-02-09 01:31:15 - infrastructure.repositories.library_repository - INFO - Publishing event document.added to event bus
2026-02-09 01:31:15 - infrastructure.repositories.library_repository - INFO - Event document.added queued successfully
2026-02-09 01:31:15 - app.services.library_service - INFO - Added document 90d34b94-3182-43ca-a2e1-5aa14d81f70a with 1000 chunks to corpus 806c13c2-01af-4ef3-9094-6bab514d631e
INFO:     127.0.0.1:41536 - "POST /v1/libraries/806c13c2-01af-4ef3-9094-6bab514d631e/documents/with-embeddings HTTP/1.1" 201 Created
2026-02-09 01:31:17 - app.services.library_service - INFO - Adding document 'batch_889' with 1000 pre-computed chunks to corpus 806c13c2-01af-4ef3-9094-6bab514d631e
2026-02-09 01:38:26 - infrastructure.repositories.library_repository - INFO - Publishing event document.added to event bus
2026-02-09 01:38:26 - infrastructure.repositories.library_repository - INFO - Event document.added queued successfully
2026-02-09 01:38:26 - app.services.library_service - INFO - Added document ee878839-d940-4845-bd43-e2656187b0f0 with 1000 chunks to corpus 806c13c2-01af-4ef3-9094-6bab514d631e
INFO:     127.0.0.1:41536 - "POST /v1/libraries/806c13c2-01af-4ef3-9094-6bab514d631e/documents/with-embeddings HTTP/1.1" 201 Created
2026-02-09 01:38:29 - app.services.library_service - INFO - Adding document 'batch_890' with 1000 pre-computed chunks to corpus 806c13c2-01af-4ef3-9094-6bab514d631e
2026-02-09 01:45:40 - infrastructure.repositories.library_repository - INFO - Publishing event document.added to event bus
2026-02-09 01:45:40 - infrastructure.repositories.library_repository - INFO - Event document.added queued successfully
2026-02-09 01:45:40 - app.services.library_service - INFO - Added document 9eec7f14-358c-40d2-b928-194e3196e154 with 1000 chunks to corpus 806c13c2-01af-4ef3-9094-6bab514d631e
INFO:     127.0.0.1:41536 - "POST /v1/libraries/806c13c2-01af-4ef3-9094-6bab514d631e/documents/with-embeddings HTTP/1.1" 201 Created
2026-02-09 01:45:42 - app.services.library_service - INFO - Adding document 'batch_891' with 1000 pre-computed chunks to corpus 806c13c2-01af-4ef3-9094-6bab514d631e
2026-02-09 01:52:52 - infrastructure.repositories.library_repository - INFO - Publishing event document.added to event bus
2026-02-09 01:52:52 - infrastructure.repositories.library_repository - INFO - Event document.added queued successfully
2026-02-09 01:52:52 - app.services.library_service - INFO - Added document caf956df-e68d-496d-a6dc-858b5b6b92ab with 1000 chunks to corpus 806c13c2-01af-4ef3-9094-6bab514d631e
INFO:     127.0.0.1:41536 - "POST /v1/libraries/806c13c2-01af-4ef3-9094-6bab514d631e/documents/with-embeddings HTTP/1.1" 201 Created
2026-02-09 01:52:54 - app.services.library_service - INFO - Adding document 'batch_892' with 1000 pre-computed chunks to corpus 806c13c2-01af-4ef3-9094-6bab514d631e
2026-02-09 02:00:03 - infrastructure.repositories.library_repository - INFO - Publishing event document.added to event bus
2026-02-09 02:00:03 - infrastructure.repositories.library_repository - INFO - Event document.added queued successfully
2026-02-09 02:00:03 - app.services.library_service - INFO - Added document 86cff0ac-c160-4926-82b3-57619d318f2e with 1000 chunks to corpus 806c13c2-01af-4ef3-9094-6bab514d631e
INFO:     127.0.0.1:41536 - "POST /v1/libraries/806c13c2-01af-4ef3-9094-6bab514d631e/documents/with-embeddings HTTP/1.1" 201 Created
2026-02-09 02:00:05 - app.services.library_service - INFO - Adding document 'batch_893' with 1000 pre-computed chunks to corpus 806c13c2-01af-4ef3-9094-6bab514d631e
2026-02-09 02:07:14 - infrastructure.repositories.library_repository - INFO - Publishing event document.added to event bus
2026-02-09 02:07:14 - infrastructure.repositories.library_repository - INFO - Event document.added queued successfully
2026-02-09 02:07:14 - app.services.library_service - INFO - Added document 4ac39116-6d0f-49c9-95d7-202e6867d228 with 1000 chunks to corpus 806c13c2-01af-4ef3-9094-6bab514d631e
INFO:     127.0.0.1:41536 - "POST /v1/libraries/806c13c2-01af-4ef3-9094-6bab514d631e/documents/with-embeddings HTTP/1.1" 201 Created
2026-02-09 02:07:16 - app.services.library_service - INFO - Adding document 'batch_894' with 1000 pre-computed chunks to corpus 806c13c2-01af-4ef3-9094-6bab514d631e
2026-02-09 02:14:26 - infrastructure.repositories.library_repository - INFO - Publishing event document.added to event bus
2026-02-09 02:14:26 - infrastructure.repositories.library_repository - INFO - Event document.added queued successfully
2026-02-09 02:14:26 - app.services.library_service - INFO - Added document c0287f98-c69a-4457-aefc-e46382d8066e with 1000 chunks to corpus 806c13c2-01af-4ef3-9094-6bab514d631e
INFO:     127.0.0.1:41536 - "POST /v1/libraries/806c13c2-01af-4ef3-9094-6bab514d631e/documents/with-embeddings HTTP/1.1" 201 Created
2026-02-09 02:14:29 - app.services.library_service - INFO - Adding document 'batch_895' with 1000 pre-computed chunks to corpus 806c13c2-01af-4ef3-9094-6bab514d631e
2026-02-09 02:21:38 - infrastructure.repositories.library_repository - INFO - Publishing event document.added to event bus
2026-02-09 02:21:38 - infrastructure.repositories.library_repository - INFO - Event document.added queued successfully
2026-02-09 02:21:38 - app.services.library_service - INFO - Added document c83dcac0-e0b9-4d84-99de-2ac4f9e4f4c8 with 1000 chunks to corpus 806c13c2-01af-4ef3-9094-6bab514d631e
INFO:     127.0.0.1:41536 - "POST /v1/libraries/806c13c2-01af-4ef3-9094-6bab514d631e/documents/with-embeddings HTTP/1.1" 201 Created
2026-02-09 02:21:41 - app.services.library_service - INFO - Adding document 'batch_896' with 1000 pre-computed chunks to corpus 806c13c2-01af-4ef3-9094-6bab514d631e
2026-02-09 02:28:52 - infrastructure.repositories.library_repository - INFO - Publishing event document.added to event bus
2026-02-09 02:28:52 - infrastructure.repositories.library_repository - INFO - Event document.added queued successfully
2026-02-09 02:28:52 - app.services.library_service - INFO - Added document b2be118c-4826-4ca2-895b-792e7a5c7642 with 1000 chunks to corpus 806c13c2-01af-4ef3-9094-6bab514d631e
INFO:     127.0.0.1:41536 - "POST /v1/libraries/806c13c2-01af-4ef3-9094-6bab514d631e/documents/with-embeddings HTTP/1.1" 201 Created
2026-02-09 02:28:54 - app.services.library_service - INFO - Adding document 'batch_897' with 1000 pre-computed chunks to corpus 806c13c2-01af-4ef3-9094-6bab514d631e
2026-02-09 02:36:04 - infrastructure.repositories.library_repository - INFO - Publishing event document.added to event bus
2026-02-09 02:36:04 - infrastructure.repositories.library_repository - INFO - Event document.added queued successfully
2026-02-09 02:36:04 - app.services.library_service - INFO - Added document 2cbaf8bd-1bb4-41e2-8836-d084b8f8a98b with 1000 chunks to corpus 806c13c2-01af-4ef3-9094-6bab514d631e
INFO:     127.0.0.1:41536 - "POST /v1/libraries/806c13c2-01af-4ef3-9094-6bab514d631e/documents/with-embeddings HTTP/1.1" 201 Created
2026-02-09 02:36:06 - app.services.library_service - INFO - Adding document 'batch_898' with 1000 pre-computed chunks to corpus 806c13c2-01af-4ef3-9094-6bab514d631e
2026-02-09 02:43:15 - infrastructure.repositories.library_repository - INFO - Publishing event document.added to event bus
2026-02-09 02:43:15 - infrastructure.repositories.library_repository - INFO - Event document.added queued successfully
2026-02-09 02:43:15 - app.services.library_service - INFO - Added document a3217897-81b8-426e-9b46-caed4843bb0c with 1000 chunks to corpus 806c13c2-01af-4ef3-9094-6bab514d631e
INFO:     127.0.0.1:41536 - "POST /v1/libraries/806c13c2-01af-4ef3-9094-6bab514d631e/documents/with-embeddings HTTP/1.1" 201 Created
2026-02-09 02:43:17 - app.services.library_service - INFO - Adding document 'batch_899' with 1000 pre-computed chunks to corpus 806c13c2-01af-4ef3-9094-6bab514d631e
2026-02-09 02:50:24 - infrastructure.repositories.library_repository - INFO - Publishing event document.added to event bus
2026-02-09 02:50:24 - infrastructure.repositories.library_repository - INFO - Event document.added queued successfully
2026-02-09 02:50:24 - app.services.library_service - INFO - Added document dfbbbcab-133b-4ce1-b562-e0b1cc386133 with 1000 chunks to corpus 806c13c2-01af-4ef3-9094-6bab514d631e
INFO:     127.0.0.1:41536 - "POST /v1/libraries/806c13c2-01af-4ef3-9094-6bab514d631e/documents/with-embeddings HTTP/1.1" 201 Created
2026-02-09 02:50:26 - app.services.library_service - INFO - Adding document 'batch_900' with 1000 pre-computed chunks to corpus 806c13c2-01af-4ef3-9094-6bab514d631e
2026-02-09 02:57:34 - infrastructure.repositories.library_repository - INFO - Publishing event document.added to event bus
2026-02-09 02:57:34 - infrastructure.repositories.library_repository - INFO - Event document.added queued successfully
2026-02-09 02:57:34 - app.services.library_service - INFO - Added document 1baec1e0-4baa-4956-9eea-ca206e34743d with 1000 chunks to corpus 806c13c2-01af-4ef3-9094-6bab514d631e
INFO:     127.0.0.1:41536 - "POST /v1/libraries/806c13c2-01af-4ef3-9094-6bab514d631e/documents/with-embeddings HTTP/1.1" 201 Created
2026-02-09 02:57:36 - app.services.library_service - INFO - Adding document 'batch_901' with 1000 pre-computed chunks to corpus 806c13c2-01af-4ef3-9094-6bab514d631e
2026-02-09 03:04:43 - infrastructure.repositories.library_repository - INFO - Publishing event document.added to event bus
2026-02-09 03:04:43 - infrastructure.repositories.library_repository - INFO - Event document.added queued successfully
2026-02-09 03:04:43 - app.services.library_service - INFO - Added document ff653244-ee4f-4972-af28-abc6d31611a3 with 1000 chunks to corpus 806c13c2-01af-4ef3-9094-6bab514d631e
INFO:     127.0.0.1:41536 - "POST /v1/libraries/806c13c2-01af-4ef3-9094-6bab514d631e/documents/with-embeddings HTTP/1.1" 201 Created
2026-02-09 03:04:45 - app.services.library_service - INFO - Adding document 'batch_902' with 1000 pre-computed chunks to corpus 806c13c2-01af-4ef3-9094-6bab514d631e
2026-02-09 03:11:53 - infrastructure.repositories.library_repository - INFO - Publishing event document.added to event bus
2026-02-09 03:11:53 - infrastructure.repositories.library_repository - INFO - Event document.added queued successfully
2026-02-09 03:11:53 - app.services.library_service - INFO - Added document fc2f1acc-6be2-49fd-8059-5ec96090fa22 with 1000 chunks to corpus 806c13c2-01af-4ef3-9094-6bab514d631e
INFO:     127.0.0.1:41536 - "POST /v1/libraries/806c13c2-01af-4ef3-9094-6bab514d631e/documents/with-embeddings HTTP/1.1" 201 Created
2026-02-09 03:11:55 - app.services.library_service - INFO - Adding document 'batch_903' with 1000 pre-computed chunks to corpus 806c13c2-01af-4ef3-9094-6bab514d631e
2026-02-09 03:19:02 - infrastructure.repositories.library_repository - INFO - Publishing event document.added to event bus
2026-02-09 03:19:02 - infrastructure.repositories.library_repository - INFO - Event document.added queued successfully
2026-02-09 03:19:02 - app.services.library_service - INFO - Added document 6cf47059-e6c7-4748-9e14-8a9434f34417 with 1000 chunks to corpus 806c13c2-01af-4ef3-9094-6bab514d631e
INFO:     127.0.0.1:41536 - "POST /v1/libraries/806c13c2-01af-4ef3-9094-6bab514d631e/documents/with-embeddings HTTP/1.1" 201 Created
2026-02-09 03:19:04 - app.services.library_service - INFO - Adding document 'batch_904' with 1000 pre-computed chunks to corpus 806c13c2-01af-4ef3-9094-6bab514d631e
2026-02-09 03:26:13 - urllib3.connectionpool - WARNING - Retrying (Retry(total=2, connect=None, read=None, redirect=None, status=None)) after connection broken by 'SSLEOFError(8, 'EOF occurred in violation of protocol (_ssl.c:2393)')': /api/4510829230030848/envelope/
2026-02-09 03:26:13 - infrastructure.repositories.library_repository - INFO - Publishing event document.added to event bus
2026-02-09 03:26:13 - infrastructure.repositories.library_repository - INFO - Event document.added queued successfully
2026-02-09 03:26:13 - app.services.library_service - INFO - Added document e06c6e71-a02b-4eea-ac14-195ce8813aeb with 1000 chunks to corpus 806c13c2-01af-4ef3-9094-6bab514d631e
INFO:     127.0.0.1:41536 - "POST /v1/libraries/806c13c2-01af-4ef3-9094-6bab514d631e/documents/with-embeddings HTTP/1.1" 201 Created
2026-02-09 03:26:15 - app.services.library_service - INFO - Adding document 'batch_905' with 1000 pre-computed chunks to corpus 806c13c2-01af-4ef3-9094-6bab514d631e
2026-02-09 03:33:23 - infrastructure.repositories.library_repository - INFO - Publishing event document.added to event bus
2026-02-09 03:33:23 - infrastructure.repositories.library_repository - INFO - Event document.added queued successfully
2026-02-09 03:33:23 - app.services.library_service - INFO - Added document cf13d8a7-844d-427b-a0fb-0b2e0f93bedf with 1000 chunks to corpus 806c13c2-01af-4ef3-9094-6bab514d631e
INFO:     127.0.0.1:41536 - "POST /v1/libraries/806c13c2-01af-4ef3-9094-6bab514d631e/documents/with-embeddings HTTP/1.1" 201 Created
2026-02-09 03:33:25 - app.services.library_service - INFO - Adding document 'batch_906' with 1000 pre-computed chunks to corpus 806c13c2-01af-4ef3-9094-6bab514d631e
2026-02-09 03:40:35 - infrastructure.repositories.library_repository - INFO - Publishing event document.added to event bus
2026-02-09 03:40:35 - infrastructure.repositories.library_repository - INFO - Event document.added queued successfully
2026-02-09 03:40:35 - app.services.library_service - INFO - Added document 8388cf3f-f8c7-4666-868f-567ad0a2f865 with 1000 chunks to corpus 806c13c2-01af-4ef3-9094-6bab514d631e
INFO:     127.0.0.1:41536 - "POST /v1/libraries/806c13c2-01af-4ef3-9094-6bab514d631e/documents/with-embeddings HTTP/1.1" 201 Created
2026-02-09 03:40:37 - app.services.library_service - INFO - Adding document 'batch_907' with 1000 pre-computed chunks to corpus 806c13c2-01af-4ef3-9094-6bab514d631e
2026-02-09 03:47:45 - infrastructure.repositories.library_repository - INFO - Publishing event document.added to event bus
2026-02-09 03:47:45 - infrastructure.repositories.library_repository - INFO - Event document.added queued successfully
2026-02-09 03:47:45 - app.services.library_service - INFO - Added document c3e2cd60-e088-4489-93b7-6e43ecab19aa with 1000 chunks to corpus 806c13c2-01af-4ef3-9094-6bab514d631e
INFO:     127.0.0.1:41536 - "POST /v1/libraries/806c13c2-01af-4ef3-9094-6bab514d631e/documents/with-embeddings HTTP/1.1" 201 Created
2026-02-09 03:47:48 - app.services.library_service - INFO - Adding document 'batch_908' with 1000 pre-computed chunks to corpus 806c13c2-01af-4ef3-9094-6bab514d631e
2026-02-09 03:54:58 - infrastructure.repositories.library_repository - INFO - Publishing event document.added to event bus
2026-02-09 03:54:58 - infrastructure.repositories.library_repository - INFO - Event document.added queued successfully
2026-02-09 03:54:58 - app.services.library_service - INFO - Added document 5518befc-2ee7-45da-a9db-a22101668c98 with 1000 chunks to corpus 806c13c2-01af-4ef3-9094-6bab514d631e
INFO:     127.0.0.1:41536 - "POST /v1/libraries/806c13c2-01af-4ef3-9094-6bab514d631e/documents/with-embeddings HTTP/1.1" 201 Created
2026-02-09 03:55:00 - app.services.library_service - INFO - Adding document 'batch_909' with 1000 pre-computed chunks to corpus 806c13c2-01af-4ef3-9094-6bab514d631e
2026-02-09 04:02:07 - infrastructure.repositories.library_repository - INFO - Publishing event document.added to event bus
2026-02-09 04:02:07 - infrastructure.repositories.library_repository - INFO - Event document.added queued successfully
2026-02-09 04:02:07 - app.services.library_service - INFO - Added document f612f4e8-84c9-47e2-b055-0fb1c49c80d6 with 1000 chunks to corpus 806c13c2-01af-4ef3-9094-6bab514d631e
INFO:     127.0.0.1:41536 - "POST /v1/libraries/806c13c2-01af-4ef3-9094-6bab514d631e/documents/with-embeddings HTTP/1.1" 201 Created
2026-02-09 04:02:09 - app.services.library_service - INFO - Adding document 'batch_910' with 1000 pre-computed chunks to corpus 806c13c2-01af-4ef3-9094-6bab514d631e
2026-02-09 04:09:16 - infrastructure.repositories.library_repository - INFO - Publishing event document.added to event bus
2026-02-09 04:09:16 - infrastructure.repositories.library_repository - INFO - Event document.added queued successfully
2026-02-09 04:09:16 - app.services.library_service - INFO - Added document 96e5287b-2c58-4f13-acb8-9d43882b9bb3 with 1000 chunks to corpus 806c13c2-01af-4ef3-9094-6bab514d631e
INFO:     127.0.0.1:41536 - "POST /v1/libraries/806c13c2-01af-4ef3-9094-6bab514d631e/documents/with-embeddings HTTP/1.1" 201 Created
2026-02-09 04:09:18 - app.services.library_service - INFO - Adding document 'batch_911' with 1000 pre-computed chunks to corpus 806c13c2-01af-4ef3-9094-6bab514d631e
2026-02-09 04:16:26 - infrastructure.repositories.library_repository - INFO - Publishing event document.added to event bus
2026-02-09 04:16:26 - infrastructure.repositories.library_repository - INFO - Event document.added queued successfully
2026-02-09 04:16:26 - app.services.library_service - INFO - Added document f5ea3c80-81aa-4cb1-a83d-a21223f2d55e with 1000 chunks to corpus 806c13c2-01af-4ef3-9094-6bab514d631e
INFO:     127.0.0.1:41536 - "POST /v1/libraries/806c13c2-01af-4ef3-9094-6bab514d631e/documents/with-embeddings HTTP/1.1" 201 Created
2026-02-09 04:16:28 - app.services.library_service - INFO - Adding document 'batch_912' with 1000 pre-computed chunks to corpus 806c13c2-01af-4ef3-9094-6bab514d631e
2026-02-09 04:23:34 - infrastructure.repositories.library_repository - INFO - Publishing event document.added to event bus
2026-02-09 04:23:34 - infrastructure.repositories.library_repository - INFO - Event document.added queued successfully
2026-02-09 04:23:34 - app.services.library_service - INFO - Added document 693fc20b-e5eb-494d-ba34-c35365041cdb with 1000 chunks to corpus 806c13c2-01af-4ef3-9094-6bab514d631e
INFO:     127.0.0.1:41536 - "POST /v1/libraries/806c13c2-01af-4ef3-9094-6bab514d631e/documents/with-embeddings HTTP/1.1" 201 Created
2026-02-09 04:23:36 - app.services.library_service - INFO - Adding document 'batch_913' with 1000 pre-computed chunks to corpus 806c13c2-01af-4ef3-9094-6bab514d631e
2026-02-09 04:30:44 - infrastructure.repositories.library_repository - INFO - Publishing event document.added to event bus
2026-02-09 04:30:44 - infrastructure.repositories.library_repository - INFO - Event document.added queued successfully
2026-02-09 04:30:44 - app.services.library_service - INFO - Added document b206b64d-3cc9-43c8-b007-5f531ac1af63 with 1000 chunks to corpus 806c13c2-01af-4ef3-9094-6bab514d631e
INFO:     127.0.0.1:41536 - "POST /v1/libraries/806c13c2-01af-4ef3-9094-6bab514d631e/documents/with-embeddings HTTP/1.1" 201 Created
2026-02-09 04:30:46 - app.services.library_service - INFO - Adding document 'batch_914' with 1000 pre-computed chunks to corpus 806c13c2-01af-4ef3-9094-6bab514d631e
2026-02-09 04:37:50 - infrastructure.repositories.library_repository - INFO - Publishing event document.added to event bus
2026-02-09 04:37:50 - infrastructure.repositories.library_repository - INFO - Event document.added queued successfully
2026-02-09 04:37:50 - app.services.library_service - INFO - Added document 7b0d0237-35ee-48a9-aa4a-8552d94b0d03 with 1000 chunks to corpus 806c13c2-01af-4ef3-9094-6bab514d631e
INFO:     127.0.0.1:41536 - "POST /v1/libraries/806c13c2-01af-4ef3-9094-6bab514d631e/documents/with-embeddings HTTP/1.1" 201 Created
2026-02-09 04:37:53 - app.services.library_service - INFO - Adding document 'batch_915' with 1000 pre-computed chunks to corpus 806c13c2-01af-4ef3-9094-6bab514d631e
2026-02-09 04:45:01 - infrastructure.repositories.library_repository - INFO - Publishing event document.added to event bus
2026-02-09 04:45:01 - infrastructure.repositories.library_repository - INFO - Event document.added queued successfully
2026-02-09 04:45:01 - app.services.library_service - INFO - Added document bc1b96ec-3bf5-46b4-8837-38bb228ccf24 with 1000 chunks to corpus 806c13c2-01af-4ef3-9094-6bab514d631e
INFO:     127.0.0.1:41536 - "POST /v1/libraries/806c13c2-01af-4ef3-9094-6bab514d631e/documents/with-embeddings HTTP/1.1" 201 Created
2026-02-09 04:45:03 - app.services.library_service - INFO - Adding document 'batch_916' with 1000 pre-computed chunks to corpus 806c13c2-01af-4ef3-9094-6bab514d631e
2026-02-09 04:52:12 - infrastructure.repositories.library_repository - INFO - Publishing event document.added to event bus
2026-02-09 04:52:12 - infrastructure.repositories.library_repository - INFO - Event document.added queued successfully
2026-02-09 04:52:12 - app.services.library_service - INFO - Added document 55a6d00e-58ec-4073-9212-f797400c4e14 with 1000 chunks to corpus 806c13c2-01af-4ef3-9094-6bab514d631e
INFO:     127.0.0.1:41536 - "POST /v1/libraries/806c13c2-01af-4ef3-9094-6bab514d631e/documents/with-embeddings HTTP/1.1" 201 Created
2026-02-09 04:52:14 - app.services.library_service - INFO - Adding document 'batch_917' with 1000 pre-computed chunks to corpus 806c13c2-01af-4ef3-9094-6bab514d631e
2026-02-09 04:59:22 - infrastructure.repositories.library_repository - INFO - Publishing event document.added to event bus
2026-02-09 04:59:22 - infrastructure.repositories.library_repository - INFO - Event document.added queued successfully
2026-02-09 04:59:22 - app.services.library_service - INFO - Added document 1f5083b3-ab3a-4b86-8a03-35c5924c6ee8 with 1000 chunks to corpus 806c13c2-01af-4ef3-9094-6bab514d631e
INFO:     127.0.0.1:41536 - "POST /v1/libraries/806c13c2-01af-4ef3-9094-6bab514d631e/documents/with-embeddings HTTP/1.1" 201 Created
2026-02-09 04:59:24 - app.services.library_service - INFO - Adding document 'batch_918' with 1000 pre-computed chunks to corpus 806c13c2-01af-4ef3-9094-6bab514d631e
2026-02-09 05:06:32 - infrastructure.repositories.library_repository - INFO - Publishing event document.added to event bus
2026-02-09 05:06:32 - infrastructure.repositories.library_repository - INFO - Event document.added queued successfully
2026-02-09 05:06:32 - app.services.library_service - INFO - Added document a8bfa3fa-12eb-4660-87d5-ad066419001a with 1000 chunks to corpus 806c13c2-01af-4ef3-9094-6bab514d631e
INFO:     127.0.0.1:41536 - "POST /v1/libraries/806c13c2-01af-4ef3-9094-6bab514d631e/documents/with-embeddings HTTP/1.1" 201 Created
2026-02-09 05:06:34 - app.services.library_service - INFO - Adding document 'batch_919' with 1000 pre-computed chunks to corpus 806c13c2-01af-4ef3-9094-6bab514d631e
2026-02-09 05:13:44 - infrastructure.repositories.library_repository - INFO - Publishing event document.added to event bus
2026-02-09 05:13:44 - infrastructure.repositories.library_repository - INFO - Event document.added queued successfully
2026-02-09 05:13:44 - app.services.library_service - INFO - Added document 59feb0a9-b599-4e3c-9e28-3df94ffe67cd with 1000 chunks to corpus 806c13c2-01af-4ef3-9094-6bab514d631e
INFO:     127.0.0.1:41536 - "POST /v1/libraries/806c13c2-01af-4ef3-9094-6bab514d631e/documents/with-embeddings HTTP/1.1" 201 Created
2026-02-09 05:13:46 - app.services.library_service - INFO - Adding document 'batch_920' with 1000 pre-computed chunks to corpus 806c13c2-01af-4ef3-9094-6bab514d631e
2026-02-09 05:20:58 - infrastructure.repositories.library_repository - INFO - Publishing event document.added to event bus
2026-02-09 05:20:58 - infrastructure.repositories.library_repository - INFO - Event document.added queued successfully
2026-02-09 05:20:58 - app.services.library_service - INFO - Added document e100a752-0ee8-4ccc-aca9-fc6b5e749522 with 1000 chunks to corpus 806c13c2-01af-4ef3-9094-6bab514d631e
INFO:     127.0.0.1:41536 - "POST /v1/libraries/806c13c2-01af-4ef3-9094-6bab514d631e/documents/with-embeddings HTTP/1.1" 201 Created
2026-02-09 05:21:00 - app.services.library_service - INFO - Adding document 'batch_921' with 1000 pre-computed chunks to corpus 806c13c2-01af-4ef3-9094-6bab514d631e
2026-02-09 05:28:09 - infrastructure.repositories.library_repository - INFO - Publishing event document.added to event bus
2026-02-09 05:28:09 - infrastructure.repositories.library_repository - INFO - Event document.added queued successfully
2026-02-09 05:28:09 - app.services.library_service - INFO - Added document fa5883a9-bf9c-43ef-b0f6-7d848a409cb1 with 1000 chunks to corpus 806c13c2-01af-4ef3-9094-6bab514d631e
INFO:     127.0.0.1:41536 - "POST /v1/libraries/806c13c2-01af-4ef3-9094-6bab514d631e/documents/with-embeddings HTTP/1.1" 201 Created
2026-02-09 05:28:12 - app.services.library_service - INFO - Adding document 'batch_922' with 1000 pre-computed chunks to corpus 806c13c2-01af-4ef3-9094-6bab514d631e
2026-02-09 05:35:20 - infrastructure.repositories.library_repository - INFO - Publishing event document.added to event bus
2026-02-09 05:35:20 - infrastructure.repositories.library_repository - INFO - Event document.added queued successfully
2026-02-09 05:35:20 - app.services.library_service - INFO - Added document 0aaef70a-3513-49e0-ac57-420cd79fef82 with 1000 chunks to corpus 806c13c2-01af-4ef3-9094-6bab514d631e
INFO:     127.0.0.1:41536 - "POST /v1/libraries/806c13c2-01af-4ef3-9094-6bab514d631e/documents/with-embeddings HTTP/1.1" 201 Created
2026-02-09 05:35:22 - app.services.library_service - INFO - Adding document 'batch_923' with 1000 pre-computed chunks to corpus 806c13c2-01af-4ef3-9094-6bab514d631e
2026-02-09 05:42:30 - infrastructure.repositories.library_repository - INFO - Publishing event document.added to event bus
2026-02-09 05:42:30 - infrastructure.repositories.library_repository - INFO - Event document.added queued successfully
2026-02-09 05:42:30 - app.services.library_service - INFO - Added document 35ac06aa-fd21-4813-95d6-52f6a8314f24 with 1000 chunks to corpus 806c13c2-01af-4ef3-9094-6bab514d631e
INFO:     127.0.0.1:41536 - "POST /v1/libraries/806c13c2-01af-4ef3-9094-6bab514d631e/documents/with-embeddings HTTP/1.1" 201 Created
2026-02-09 05:42:32 - app.services.library_service - INFO - Adding document 'batch_924' with 1000 pre-computed chunks to corpus 806c13c2-01af-4ef3-9094-6bab514d631e
2026-02-09 05:49:41 - infrastructure.repositories.library_repository - INFO - Publishing event document.added to event bus
2026-02-09 05:49:41 - infrastructure.repositories.library_repository - INFO - Event document.added queued successfully
2026-02-09 05:49:41 - app.services.library_service - INFO - Added document 303eb197-cb0c-4ca2-9307-9e6d879c43f0 with 1000 chunks to corpus 806c13c2-01af-4ef3-9094-6bab514d631e
INFO:     127.0.0.1:41536 - "POST /v1/libraries/806c13c2-01af-4ef3-9094-6bab514d631e/documents/with-embeddings HTTP/1.1" 201 Created
2026-02-09 05:49:43 - app.services.library_service - INFO - Adding document 'batch_925' with 1000 pre-computed chunks to corpus 806c13c2-01af-4ef3-9094-6bab514d631e
2026-02-09 05:56:51 - infrastructure.repositories.library_repository - INFO - Publishing event document.added to event bus
2026-02-09 05:56:51 - infrastructure.repositories.library_repository - INFO - Event document.added queued successfully
2026-02-09 05:56:51 - app.services.library_service - INFO - Added document 2b6d6943-9846-4023-ad25-b005a7643c3f with 1000 chunks to corpus 806c13c2-01af-4ef3-9094-6bab514d631e
INFO:     127.0.0.1:41536 - "POST /v1/libraries/806c13c2-01af-4ef3-9094-6bab514d631e/documents/with-embeddings HTTP/1.1" 201 Created
2026-02-09 05:56:53 - app.services.library_service - INFO - Adding document 'batch_926' with 1000 pre-computed chunks to corpus 806c13c2-01af-4ef3-9094-6bab514d631e
2026-02-09 06:04:02 - infrastructure.repositories.library_repository - INFO - Publishing event document.added to event bus
2026-02-09 06:04:02 - infrastructure.repositories.library_repository - INFO - Event document.added queued successfully
2026-02-09 06:04:02 - app.services.library_service - INFO - Added document 00b49af3-0210-491b-b050-3ee3a0c21b11 with 1000 chunks to corpus 806c13c2-01af-4ef3-9094-6bab514d631e
INFO:     127.0.0.1:41536 - "POST /v1/libraries/806c13c2-01af-4ef3-9094-6bab514d631e/documents/with-embeddings HTTP/1.1" 201 Created
2026-02-09 06:04:04 - app.services.library_service - INFO - Adding document 'batch_927' with 1000 pre-computed chunks to corpus 806c13c2-01af-4ef3-9094-6bab514d631e
2026-02-09 06:11:13 - infrastructure.repositories.library_repository - INFO - Publishing event document.added to event bus
2026-02-09 06:11:13 - infrastructure.repositories.library_repository - INFO - Event document.added queued successfully
2026-02-09 06:11:13 - app.services.library_service - INFO - Added document e2fccff9-c9cb-4572-9bbc-88b204e8bdf1 with 1000 chunks to corpus 806c13c2-01af-4ef3-9094-6bab514d631e
INFO:     127.0.0.1:41536 - "POST /v1/libraries/806c13c2-01af-4ef3-9094-6bab514d631e/documents/with-embeddings HTTP/1.1" 201 Created
2026-02-09 06:11:15 - app.services.library_service - INFO - Adding document 'batch_928' with 1000 pre-computed chunks to corpus 806c13c2-01af-4ef3-9094-6bab514d631e
2026-02-09 06:18:24 - infrastructure.repositories.library_repository - INFO - Publishing event document.added to event bus
2026-02-09 06:18:24 - infrastructure.repositories.library_repository - INFO - Event document.added queued successfully
2026-02-09 06:18:24 - app.services.library_service - INFO - Added document 6a41f320-ee63-4f34-8cf9-8362d5d9f130 with 1000 chunks to corpus 806c13c2-01af-4ef3-9094-6bab514d631e
INFO:     127.0.0.1:41536 - "POST /v1/libraries/806c13c2-01af-4ef3-9094-6bab514d631e/documents/with-embeddings HTTP/1.1" 201 Created
2026-02-09 06:18:36 - app.services.library_service - INFO - Adding document 'batch_929' with 1000 pre-computed chunks to corpus 806c13c2-01af-4ef3-9094-6bab514d631e
2026-02-09 06:25:43 - infrastructure.repositories.library_repository - INFO - Publishing event document.added to event bus
2026-02-09 06:25:43 - infrastructure.repositories.library_repository - INFO - Event document.added queued successfully
2026-02-09 06:25:43 - app.services.library_service - INFO - Added document 5eabf540-bf65-4cd6-b352-8f74253b3d61 with 1000 chunks to corpus 806c13c2-01af-4ef3-9094-6bab514d631e
INFO:     127.0.0.1:41536 - "POST /v1/libraries/806c13c2-01af-4ef3-9094-6bab514d631e/documents/with-embeddings HTTP/1.1" 201 Created
2026-02-09 06:25:46 - app.services.library_service - INFO - Adding document 'batch_930' with 1000 pre-computed chunks to corpus 806c13c2-01af-4ef3-9094-6bab514d631e
2026-02-09 06:32:54 - infrastructure.repositories.library_repository - INFO - Publishing event document.added to event bus
2026-02-09 06:32:54 - infrastructure.repositories.library_repository - INFO - Event document.added queued successfully
2026-02-09 06:32:54 - app.services.library_service - INFO - Added document 48f7a0fd-2d59-40bd-8c01-2603a62feb06 with 1000 chunks to corpus 806c13c2-01af-4ef3-9094-6bab514d631e
INFO:     127.0.0.1:41536 - "POST /v1/libraries/806c13c2-01af-4ef3-9094-6bab514d631e/documents/with-embeddings HTTP/1.1" 201 Created
2026-02-09 06:32:56 - app.services.library_service - INFO - Adding document 'batch_931' with 1000 pre-computed chunks to corpus 806c13c2-01af-4ef3-9094-6bab514d631e
2026-02-09 06:40:06 - infrastructure.repositories.library_repository - INFO - Publishing event document.added to event bus
2026-02-09 06:40:06 - infrastructure.repositories.library_repository - INFO - Event document.added queued successfully
2026-02-09 06:40:06 - app.services.library_service - INFO - Added document b0f96118-20ee-4ea8-a74d-8b455adde6a4 with 1000 chunks to corpus 806c13c2-01af-4ef3-9094-6bab514d631e
INFO:     127.0.0.1:41536 - "POST /v1/libraries/806c13c2-01af-4ef3-9094-6bab514d631e/documents/with-embeddings HTTP/1.1" 201 Created
2026-02-09 06:40:09 - app.services.library_service - INFO - Adding document 'batch_932' with 1000 pre-computed chunks to corpus 806c13c2-01af-4ef3-9094-6bab514d631e
2026-02-09 06:47:21 - infrastructure.repositories.library_repository - INFO - Publishing event document.added to event bus
2026-02-09 06:47:21 - infrastructure.repositories.library_repository - INFO - Event document.added queued successfully
2026-02-09 06:47:21 - app.services.library_service - INFO - Added document df1dc994-4ff9-45b4-af78-b8c0be0ea54f with 1000 chunks to corpus 806c13c2-01af-4ef3-9094-6bab514d631e
INFO:     127.0.0.1:41536 - "POST /v1/libraries/806c13c2-01af-4ef3-9094-6bab514d631e/documents/with-embeddings HTTP/1.1" 201 Created
2026-02-09 06:47:23 - app.services.library_service - INFO - Adding document 'batch_933' with 1000 pre-computed chunks to corpus 806c13c2-01af-4ef3-9094-6bab514d631e
2026-02-09 06:54:32 - infrastructure.repositories.library_repository - INFO - Publishing event document.added to event bus
2026-02-09 06:54:32 - infrastructure.repositories.library_repository - INFO - Event document.added queued successfully
2026-02-09 06:54:32 - app.services.library_service - INFO - Added document e5c647ea-8ea7-43ef-a060-3108b3329afb with 1000 chunks to corpus 806c13c2-01af-4ef3-9094-6bab514d631e
INFO:     127.0.0.1:41536 - "POST /v1/libraries/806c13c2-01af-4ef3-9094-6bab514d631e/documents/with-embeddings HTTP/1.1" 201 Created
2026-02-09 06:54:34 - app.services.library_service - INFO - Adding document 'batch_934' with 1000 pre-computed chunks to corpus 806c13c2-01af-4ef3-9094-6bab514d631e
2026-02-09 07:01:41 - infrastructure.repositories.library_repository - INFO - Publishing event document.added to event bus
2026-02-09 07:01:41 - infrastructure.repositories.library_repository - INFO - Event document.added queued successfully
2026-02-09 07:01:41 - app.services.library_service - INFO - Added document 36b527f8-a58f-4021-9b81-fb73047c2ba3 with 1000 chunks to corpus 806c13c2-01af-4ef3-9094-6bab514d631e
INFO:     127.0.0.1:41536 - "POST /v1/libraries/806c13c2-01af-4ef3-9094-6bab514d631e/documents/with-embeddings HTTP/1.1" 201 Created
2026-02-09 07:01:43 - app.services.library_service - INFO - Adding document 'batch_935' with 1000 pre-computed chunks to corpus 806c13c2-01af-4ef3-9094-6bab514d631e
2026-02-09 07:08:52 - infrastructure.repositories.library_repository - INFO - Publishing event document.added to event bus
2026-02-09 07:08:52 - infrastructure.repositories.library_repository - INFO - Event document.added queued successfully
2026-02-09 07:08:52 - app.services.library_service - INFO - Added document 885e39e7-894e-4e5a-a3fb-41f34164fd3e with 1000 chunks to corpus 806c13c2-01af-4ef3-9094-6bab514d631e
INFO:     127.0.0.1:41536 - "POST /v1/libraries/806c13c2-01af-4ef3-9094-6bab514d631e/documents/with-embeddings HTTP/1.1" 201 Created
2026-02-09 07:08:54 - app.services.library_service - INFO - Adding document 'batch_936' with 1000 pre-computed chunks to corpus 806c13c2-01af-4ef3-9094-6bab514d631e
2026-02-09 07:16:01 - infrastructure.repositories.library_repository - INFO - Publishing event document.added to event bus
2026-02-09 07:16:01 - infrastructure.repositories.library_repository - INFO - Event document.added queued successfully
2026-02-09 07:16:01 - app.services.library_service - INFO - Added document 8bcd9946-115f-4a4e-890f-1b95d66656cf with 1000 chunks to corpus 806c13c2-01af-4ef3-9094-6bab514d631e
INFO:     127.0.0.1:41536 - "POST /v1/libraries/806c13c2-01af-4ef3-9094-6bab514d631e/documents/with-embeddings HTTP/1.1" 201 Created
2026-02-09 07:16:03 - app.services.library_service - INFO - Adding document 'batch_937' with 1000 pre-computed chunks to corpus 806c13c2-01af-4ef3-9094-6bab514d631e
2026-02-09 07:23:12 - infrastructure.repositories.library_repository - INFO - Publishing event document.added to event bus
2026-02-09 07:23:12 - infrastructure.repositories.library_repository - INFO - Event document.added queued successfully
2026-02-09 07:23:12 - app.services.library_service - INFO - Added document f565f477-585d-4c50-94e0-a69a015594f4 with 1000 chunks to corpus 806c13c2-01af-4ef3-9094-6bab514d631e
INFO:     127.0.0.1:41536 - "POST /v1/libraries/806c13c2-01af-4ef3-9094-6bab514d631e/documents/with-embeddings HTTP/1.1" 201 Created
2026-02-09 07:23:14 - app.services.library_service - INFO - Adding document 'batch_938' with 1000 pre-computed chunks to corpus 806c13c2-01af-4ef3-9094-6bab514d631e
2026-02-09 07:30:24 - infrastructure.repositories.library_repository - INFO - Publishing event document.added to event bus
2026-02-09 07:30:24 - infrastructure.repositories.library_repository - INFO - Event document.added queued successfully
2026-02-09 07:30:24 - app.services.library_service - INFO - Added document 8f7fedf2-5e47-45b8-ac14-4e1752bb2e10 with 1000 chunks to corpus 806c13c2-01af-4ef3-9094-6bab514d631e
INFO:     127.0.0.1:41536 - "POST /v1/libraries/806c13c2-01af-4ef3-9094-6bab514d631e/documents/with-embeddings HTTP/1.1" 201 Created
2026-02-09 07:30:26 - app.services.library_service - INFO - Adding document 'batch_939' with 1000 pre-computed chunks to corpus 806c13c2-01af-4ef3-9094-6bab514d631e
2026-02-09 07:37:34 - infrastructure.repositories.library_repository - INFO - Publishing event document.added to event bus
2026-02-09 07:37:34 - infrastructure.repositories.library_repository - INFO - Event document.added queued successfully
2026-02-09 07:37:34 - app.services.library_service - INFO - Added document c46df61d-a19b-46a7-8bc4-397a704532f1 with 1000 chunks to corpus 806c13c2-01af-4ef3-9094-6bab514d631e
INFO:     127.0.0.1:41536 - "POST /v1/libraries/806c13c2-01af-4ef3-9094-6bab514d631e/documents/with-embeddings HTTP/1.1" 201 Created
2026-02-09 07:37:36 - app.services.library_service - INFO - Adding document 'batch_940' with 1000 pre-computed chunks to corpus 806c13c2-01af-4ef3-9094-6bab514d631e
2026-02-09 07:44:43 - infrastructure.repositories.library_repository - INFO - Publishing event document.added to event bus
2026-02-09 07:44:43 - infrastructure.repositories.library_repository - INFO - Event document.added queued successfully
2026-02-09 07:44:43 - app.services.library_service - INFO - Added document d38635ea-ac9f-41cc-9b9b-e0c93943e8d1 with 1000 chunks to corpus 806c13c2-01af-4ef3-9094-6bab514d631e
INFO:     127.0.0.1:41536 - "POST /v1/libraries/806c13c2-01af-4ef3-9094-6bab514d631e/documents/with-embeddings HTTP/1.1" 201 Created
2026-02-09 07:44:46 - app.services.library_service - INFO - Adding document 'batch_941' with 1000 pre-computed chunks to corpus 806c13c2-01af-4ef3-9094-6bab514d631e
2026-02-09 07:51:54 - infrastructure.repositories.library_repository - INFO - Publishing event document.added to event bus
2026-02-09 07:51:54 - infrastructure.repositories.library_repository - INFO - Event document.added queued successfully
2026-02-09 07:51:54 - app.services.library_service - INFO - Added document 47bfe0b7-f1f7-46e2-8610-58168a929fd1 with 1000 chunks to corpus 806c13c2-01af-4ef3-9094-6bab514d631e
INFO:     127.0.0.1:41536 - "POST /v1/libraries/806c13c2-01af-4ef3-9094-6bab514d631e/documents/with-embeddings HTTP/1.1" 201 Created
2026-02-09 07:51:56 - app.services.library_service - INFO - Adding document 'batch_942' with 1000 pre-computed chunks to corpus 806c13c2-01af-4ef3-9094-6bab514d631e
2026-02-09 07:59:02 - infrastructure.repositories.library_repository - INFO - Publishing event document.added to event bus
2026-02-09 07:59:02 - infrastructure.repositories.library_repository - INFO - Event document.added queued successfully
2026-02-09 07:59:02 - app.services.library_service - INFO - Added document cdda9471-51a6-4720-aaaf-2f3842bc9418 with 1000 chunks to corpus 806c13c2-01af-4ef3-9094-6bab514d631e
INFO:     127.0.0.1:41536 - "POST /v1/libraries/806c13c2-01af-4ef3-9094-6bab514d631e/documents/with-embeddings HTTP/1.1" 201 Created
2026-02-09 07:59:05 - app.services.library_service - INFO - Adding document 'batch_943' with 1000 pre-computed chunks to corpus 806c13c2-01af-4ef3-9094-6bab514d631e
2026-02-09 08:06:14 - infrastructure.repositories.library_repository - INFO - Publishing event document.added to event bus
2026-02-09 08:06:14 - infrastructure.repositories.library_repository - INFO - Event document.added queued successfully
2026-02-09 08:06:14 - app.services.library_service - INFO - Added document 9adfb69c-139f-4621-8107-646ff2390387 with 1000 chunks to corpus 806c13c2-01af-4ef3-9094-6bab514d631e
INFO:     127.0.0.1:41536 - "POST /v1/libraries/806c13c2-01af-4ef3-9094-6bab514d631e/documents/with-embeddings HTTP/1.1" 201 Created
2026-02-09 08:06:16 - app.services.library_service - INFO - Adding document 'batch_944' with 1000 pre-computed chunks to corpus 806c13c2-01af-4ef3-9094-6bab514d631e
2026-02-09 08:13:26 - infrastructure.repositories.library_repository - INFO - Publishing event document.added to event bus
2026-02-09 08:13:26 - infrastructure.repositories.library_repository - INFO - Event document.added queued successfully
2026-02-09 08:13:26 - app.services.library_service - INFO - Added document ce17153f-456a-4556-9d25-66fd54f4aac7 with 1000 chunks to corpus 806c13c2-01af-4ef3-9094-6bab514d631e
INFO:     127.0.0.1:41536 - "POST /v1/libraries/806c13c2-01af-4ef3-9094-6bab514d631e/documents/with-embeddings HTTP/1.1" 201 Created
2026-02-09 08:13:28 - app.services.library_service - INFO - Adding document 'batch_945' with 1000 pre-computed chunks to corpus 806c13c2-01af-4ef3-9094-6bab514d631e
2026-02-09 08:20:38 - infrastructure.repositories.library_repository - INFO - Publishing event document.added to event bus
2026-02-09 08:20:38 - infrastructure.repositories.library_repository - INFO - Event document.added queued successfully
2026-02-09 08:20:38 - app.services.library_service - INFO - Added document 6d3094ac-be8f-4db8-bd28-b0c479c1dd10 with 1000 chunks to corpus 806c13c2-01af-4ef3-9094-6bab514d631e
INFO:     127.0.0.1:41536 - "POST /v1/libraries/806c13c2-01af-4ef3-9094-6bab514d631e/documents/with-embeddings HTTP/1.1" 201 Created
2026-02-09 08:20:40 - app.services.library_service - INFO - Adding document 'batch_946' with 1000 pre-computed chunks to corpus 806c13c2-01af-4ef3-9094-6bab514d631e
2026-02-09 08:27:51 - infrastructure.repositories.library_repository - INFO - Publishing event document.added to event bus
2026-02-09 08:27:51 - infrastructure.repositories.library_repository - INFO - Event document.added queued successfully
2026-02-09 08:27:51 - app.services.library_service - INFO - Added document a197a85d-d450-4202-87f4-a56c2745f4d1 with 1000 chunks to corpus 806c13c2-01af-4ef3-9094-6bab514d631e
INFO:     127.0.0.1:41536 - "POST /v1/libraries/806c13c2-01af-4ef3-9094-6bab514d631e/documents/with-embeddings HTTP/1.1" 201 Created
2026-02-09 08:27:53 - app.services.library_service - INFO - Adding document 'batch_947' with 1000 pre-computed chunks to corpus 806c13c2-01af-4ef3-9094-6bab514d631e
2026-02-09 08:35:05 - infrastructure.repositories.library_repository - INFO - Publishing event document.added to event bus
2026-02-09 08:35:05 - infrastructure.repositories.library_repository - INFO - Event document.added queued successfully
2026-02-09 08:35:05 - app.services.library_service - INFO - Added document 2ad7b37f-0199-47b4-bc47-7cb945c9ba7d with 1000 chunks to corpus 806c13c2-01af-4ef3-9094-6bab514d631e
INFO:     127.0.0.1:41536 - "POST /v1/libraries/806c13c2-01af-4ef3-9094-6bab514d631e/documents/with-embeddings HTTP/1.1" 201 Created
2026-02-09 08:35:07 - app.services.library_service - INFO - Adding document 'batch_948' with 1000 pre-computed chunks to corpus 806c13c2-01af-4ef3-9094-6bab514d631e
2026-02-09 08:42:19 - infrastructure.repositories.library_repository - INFO - Publishing event document.added to event bus
2026-02-09 08:42:19 - infrastructure.repositories.library_repository - INFO - Event document.added queued successfully
2026-02-09 08:42:19 - app.services.library_service - INFO - Added document 156f2756-be32-44ce-9079-f531b8f25443 with 1000 chunks to corpus 806c13c2-01af-4ef3-9094-6bab514d631e
INFO:     127.0.0.1:41536 - "POST /v1/libraries/806c13c2-01af-4ef3-9094-6bab514d631e/documents/with-embeddings HTTP/1.1" 201 Created
2026-02-09 08:42:21 - app.services.library_service - INFO - Adding document 'batch_949' with 1000 pre-computed chunks to corpus 806c13c2-01af-4ef3-9094-6bab514d631e
2026-02-09 08:49:31 - infrastructure.repositories.library_repository - INFO - Publishing event document.added to event bus
2026-02-09 08:49:31 - infrastructure.repositories.library_repository - INFO - Event document.added queued successfully
2026-02-09 08:49:31 - app.services.library_service - INFO - Added document 11d12e34-44d8-40d0-aed5-454c07f37150 with 1000 chunks to corpus 806c13c2-01af-4ef3-9094-6bab514d631e
INFO:     127.0.0.1:41536 - "POST /v1/libraries/806c13c2-01af-4ef3-9094-6bab514d631e/documents/with-embeddings HTTP/1.1" 201 Created
2026-02-09 08:49:33 - app.services.library_service - INFO - Adding document 'batch_950' with 1000 pre-computed chunks to corpus 806c13c2-01af-4ef3-9094-6bab514d631e
2026-02-09 08:56:42 - infrastructure.repositories.library_repository - INFO - Publishing event document.added to event bus
2026-02-09 08:56:42 - infrastructure.repositories.library_repository - INFO - Event document.added queued successfully
2026-02-09 08:56:42 - app.services.library_service - INFO - Added document a1ceca08-971f-4691-95cb-fc937f86d15a with 1000 chunks to corpus 806c13c2-01af-4ef3-9094-6bab514d631e
INFO:     127.0.0.1:41536 - "POST /v1/libraries/806c13c2-01af-4ef3-9094-6bab514d631e/documents/with-embeddings HTTP/1.1" 201 Created
2026-02-09 08:56:44 - app.services.library_service - INFO - Adding document 'batch_951' with 1000 pre-computed chunks to corpus 806c13c2-01af-4ef3-9094-6bab514d631e
2026-02-09 09:03:53 - infrastructure.repositories.library_repository - INFO - Publishing event document.added to event bus
2026-02-09 09:03:53 - infrastructure.repositories.library_repository - INFO - Event document.added queued successfully
2026-02-09 09:03:53 - app.services.library_service - INFO - Added document e1a18bbd-0bae-4d0e-94e8-3bf5b1492722 with 1000 chunks to corpus 806c13c2-01af-4ef3-9094-6bab514d631e
INFO:     127.0.0.1:41536 - "POST /v1/libraries/806c13c2-01af-4ef3-9094-6bab514d631e/documents/with-embeddings HTTP/1.1" 201 Created
2026-02-09 09:03:55 - app.services.library_service - INFO - Adding document 'batch_952' with 1000 pre-computed chunks to corpus 806c13c2-01af-4ef3-9094-6bab514d631e
2026-02-09 09:11:04 - infrastructure.repositories.library_repository - INFO - Publishing event document.added to event bus
2026-02-09 09:11:04 - infrastructure.repositories.library_repository - INFO - Event document.added queued successfully
2026-02-09 09:11:04 - app.services.library_service - INFO - Added document a1d2c828-ac20-4a16-bc6b-56625649d172 with 1000 chunks to corpus 806c13c2-01af-4ef3-9094-6bab514d631e
INFO:     127.0.0.1:41536 - "POST /v1/libraries/806c13c2-01af-4ef3-9094-6bab514d631e/documents/with-embeddings HTTP/1.1" 201 Created
2026-02-09 09:11:07 - app.services.library_service - INFO - Adding document 'batch_953' with 1000 pre-computed chunks to corpus 806c13c2-01af-4ef3-9094-6bab514d631e
2026-02-09 09:18:16 - infrastructure.repositories.library_repository - INFO - Publishing event document.added to event bus
2026-02-09 09:18:16 - infrastructure.repositories.library_repository - INFO - Event document.added queued successfully
2026-02-09 09:18:16 - app.services.library_service - INFO - Added document d203a69b-5f0f-43ba-875f-620532387540 with 1000 chunks to corpus 806c13c2-01af-4ef3-9094-6bab514d631e
INFO:     127.0.0.1:41536 - "POST /v1/libraries/806c13c2-01af-4ef3-9094-6bab514d631e/documents/with-embeddings HTTP/1.1" 201 Created
2026-02-09 09:18:18 - app.services.library_service - INFO - Adding document 'batch_954' with 1000 pre-computed chunks to corpus 806c13c2-01af-4ef3-9094-6bab514d631e
2026-02-09 09:25:26 - infrastructure.repositories.library_repository - INFO - Publishing event document.added to event bus
2026-02-09 09:25:26 - infrastructure.repositories.library_repository - INFO - Event document.added queued successfully
2026-02-09 09:25:26 - app.services.library_service - INFO - Added document bdfb795a-fce8-4983-b33d-693aa1ea5953 with 1000 chunks to corpus 806c13c2-01af-4ef3-9094-6bab514d631e
INFO:     127.0.0.1:41536 - "POST /v1/libraries/806c13c2-01af-4ef3-9094-6bab514d631e/documents/with-embeddings HTTP/1.1" 201 Created
2026-02-09 09:25:28 - app.services.library_service - INFO - Adding document 'batch_955' with 1000 pre-computed chunks to corpus 806c13c2-01af-4ef3-9094-6bab514d631e
2026-02-09 09:32:38 - infrastructure.repositories.library_repository - INFO - Publishing event document.added to event bus
2026-02-09 09:32:38 - infrastructure.repositories.library_repository - INFO - Event document.added queued successfully
2026-02-09 09:32:38 - app.services.library_service - INFO - Added document 54855934-bd90-4ab0-9937-9fa1ac6d4e9c with 1000 chunks to corpus 806c13c2-01af-4ef3-9094-6bab514d631e
INFO:     127.0.0.1:41536 - "POST /v1/libraries/806c13c2-01af-4ef3-9094-6bab514d631e/documents/with-embeddings HTTP/1.1" 201 Created
2026-02-09 09:32:40 - app.services.library_service - INFO - Adding document 'batch_956' with 1000 pre-computed chunks to corpus 806c13c2-01af-4ef3-9094-6bab514d631e
2026-02-09 09:39:50 - infrastructure.repositories.library_repository - INFO - Publishing event document.added to event bus
2026-02-09 09:39:50 - infrastructure.repositories.library_repository - INFO - Event document.added queued successfully
2026-02-09 09:39:50 - app.services.library_service - INFO - Added document 49fdab1f-7d2e-4338-8d77-80d6aeb922f0 with 1000 chunks to corpus 806c13c2-01af-4ef3-9094-6bab514d631e
INFO:     127.0.0.1:41536 - "POST /v1/libraries/806c13c2-01af-4ef3-9094-6bab514d631e/documents/with-embeddings HTTP/1.1" 201 Created
2026-02-09 09:39:53 - app.services.library_service - INFO - Adding document 'batch_957' with 1000 pre-computed chunks to corpus 806c13c2-01af-4ef3-9094-6bab514d631e
2026-02-09 09:47:02 - infrastructure.repositories.library_repository - INFO - Publishing event document.added to event bus
2026-02-09 09:47:02 - infrastructure.repositories.library_repository - INFO - Event document.added queued successfully
2026-02-09 09:47:02 - app.services.library_service - INFO - Added document 67cb6401-fc75-4b12-9f03-b449e918d498 with 1000 chunks to corpus 806c13c2-01af-4ef3-9094-6bab514d631e
INFO:     127.0.0.1:41536 - "POST /v1/libraries/806c13c2-01af-4ef3-9094-6bab514d631e/documents/with-embeddings HTTP/1.1" 201 Created
2026-02-09 09:47:04 - app.services.library_service - INFO - Adding document 'batch_958' with 1000 pre-computed chunks to corpus 806c13c2-01af-4ef3-9094-6bab514d631e
2026-02-09 09:54:13 - infrastructure.repositories.library_repository - INFO - Publishing event document.added to event bus
2026-02-09 09:54:13 - infrastructure.repositories.library_repository - INFO - Event document.added queued successfully
2026-02-09 09:54:13 - app.services.library_service - INFO - Added document d025809e-bbc9-4fb1-820f-262c94a28f43 with 1000 chunks to corpus 806c13c2-01af-4ef3-9094-6bab514d631e
INFO:     127.0.0.1:41536 - "POST /v1/libraries/806c13c2-01af-4ef3-9094-6bab514d631e/documents/with-embeddings HTTP/1.1" 201 Created
2026-02-09 09:54:16 - app.services.library_service - INFO - Adding document 'batch_959' with 1000 pre-computed chunks to corpus 806c13c2-01af-4ef3-9094-6bab514d631e
2026-02-09 10:01:24 - infrastructure.repositories.library_repository - INFO - Publishing event document.added to event bus
2026-02-09 10:01:24 - infrastructure.repositories.library_repository - INFO - Event document.added queued successfully
2026-02-09 10:01:24 - app.services.library_service - INFO - Added document 4c87b92a-608b-45d7-9c06-8efafeb571cc with 1000 chunks to corpus 806c13c2-01af-4ef3-9094-6bab514d631e
INFO:     127.0.0.1:41536 - "POST /v1/libraries/806c13c2-01af-4ef3-9094-6bab514d631e/documents/with-embeddings HTTP/1.1" 201 Created
2026-02-09 10:01:27 - app.services.library_service - INFO - Adding document 'batch_960' with 1000 pre-computed chunks to corpus 806c13c2-01af-4ef3-9094-6bab514d631e
2026-02-09 10:08:37 - infrastructure.repositories.library_repository - INFO - Publishing event document.added to event bus
2026-02-09 10:08:37 - infrastructure.repositories.library_repository - INFO - Event document.added queued successfully
2026-02-09 10:08:37 - app.services.library_service - INFO - Added document bd2852b6-c59c-47b6-90e6-c0577f63e564 with 1000 chunks to corpus 806c13c2-01af-4ef3-9094-6bab514d631e
INFO:     127.0.0.1:41536 - "POST /v1/libraries/806c13c2-01af-4ef3-9094-6bab514d631e/documents/with-embeddings HTTP/1.1" 201 Created
2026-02-09 10:08:39 - app.services.library_service - INFO - Adding document 'batch_961' with 1000 pre-computed chunks to corpus 806c13c2-01af-4ef3-9094-6bab514d631e
2026-02-09 10:15:49 - infrastructure.repositories.library_repository - INFO - Publishing event document.added to event bus
2026-02-09 10:15:49 - infrastructure.repositories.library_repository - INFO - Event document.added queued successfully
2026-02-09 10:15:49 - app.services.library_service - INFO - Added document f10e2597-edc7-465b-bb61-e13acb6f9dee with 1000 chunks to corpus 806c13c2-01af-4ef3-9094-6bab514d631e
INFO:     127.0.0.1:41536 - "POST /v1/libraries/806c13c2-01af-4ef3-9094-6bab514d631e/documents/with-embeddings HTTP/1.1" 201 Created
2026-02-09 10:15:52 - app.services.library_service - INFO - Adding document 'batch_962' with 1000 pre-computed chunks to corpus 806c13c2-01af-4ef3-9094-6bab514d631e
2026-02-09 10:23:01 - infrastructure.repositories.library_repository - INFO - Publishing event document.added to event bus
2026-02-09 10:23:01 - infrastructure.repositories.library_repository - INFO - Event document.added queued successfully
2026-02-09 10:23:01 - app.services.library_service - INFO - Added document 1f85a0bf-eb94-4385-8e26-002619d2ef6b with 1000 chunks to corpus 806c13c2-01af-4ef3-9094-6bab514d631e
INFO:     127.0.0.1:41536 - "POST /v1/libraries/806c13c2-01af-4ef3-9094-6bab514d631e/documents/with-embeddings HTTP/1.1" 201 Created
2026-02-09 10:23:03 - app.services.library_service - INFO - Adding document 'batch_963' with 1000 pre-computed chunks to corpus 806c13c2-01af-4ef3-9094-6bab514d631e
2026-02-09 10:30:14 - infrastructure.repositories.library_repository - INFO - Publishing event document.added to event bus
2026-02-09 10:30:14 - infrastructure.repositories.library_repository - INFO - Event document.added queued successfully
2026-02-09 10:30:14 - app.services.library_service - INFO - Added document 31d7a4ab-41b0-4c1f-b481-24477b42968d with 1000 chunks to corpus 806c13c2-01af-4ef3-9094-6bab514d631e
INFO:     127.0.0.1:41536 - "POST /v1/libraries/806c13c2-01af-4ef3-9094-6bab514d631e/documents/with-embeddings HTTP/1.1" 201 Created
2026-02-09 10:30:16 - app.services.library_service - INFO - Adding document 'batch_964' with 1000 pre-computed chunks to corpus 806c13c2-01af-4ef3-9094-6bab514d631e
2026-02-09 10:37:28 - infrastructure.repositories.library_repository - INFO - Publishing event document.added to event bus
2026-02-09 10:37:28 - infrastructure.repositories.library_repository - INFO - Event document.added queued successfully
2026-02-09 10:37:28 - app.services.library_service - INFO - Added document 6004e5ef-fe39-43d0-8263-fc76d8bcd0df with 1000 chunks to corpus 806c13c2-01af-4ef3-9094-6bab514d631e
INFO:     127.0.0.1:41536 - "POST /v1/libraries/806c13c2-01af-4ef3-9094-6bab514d631e/documents/with-embeddings HTTP/1.1" 201 Created
2026-02-09 10:37:30 - app.services.library_service - INFO - Adding document 'batch_965' with 1000 pre-computed chunks to corpus 806c13c2-01af-4ef3-9094-6bab514d631e
2026-02-09 10:44:38 - infrastructure.repositories.library_repository - INFO - Publishing event document.added to event bus
2026-02-09 10:44:38 - infrastructure.repositories.library_repository - INFO - Event document.added queued successfully
2026-02-09 10:44:38 - app.services.library_service - INFO - Added document 2fc013e9-e83c-49f4-8283-eec1c516402b with 1000 chunks to corpus 806c13c2-01af-4ef3-9094-6bab514d631e
INFO:     127.0.0.1:41536 - "POST /v1/libraries/806c13c2-01af-4ef3-9094-6bab514d631e/documents/with-embeddings HTTP/1.1" 201 Created
2026-02-09 10:44:40 - app.services.library_service - INFO - Adding document 'batch_966' with 1000 pre-computed chunks to corpus 806c13c2-01af-4ef3-9094-6bab514d631e
2026-02-09 10:51:50 - infrastructure.repositories.library_repository - INFO - Publishing event document.added to event bus
2026-02-09 10:51:50 - infrastructure.repositories.library_repository - INFO - Event document.added queued successfully
2026-02-09 10:51:50 - app.services.library_service - INFO - Added document 75cf8216-497e-4f9e-8694-2a7ecaf24a3d with 1000 chunks to corpus 806c13c2-01af-4ef3-9094-6bab514d631e
INFO:     127.0.0.1:41536 - "POST /v1/libraries/806c13c2-01af-4ef3-9094-6bab514d631e/documents/with-embeddings HTTP/1.1" 201 Created
2026-02-09 10:51:52 - app.services.library_service - INFO - Adding document 'batch_967' with 1000 pre-computed chunks to corpus 806c13c2-01af-4ef3-9094-6bab514d631e
2026-02-09 10:59:02 - infrastructure.repositories.library_repository - INFO - Publishing event document.added to event bus
2026-02-09 10:59:02 - infrastructure.repositories.library_repository - INFO - Event document.added queued successfully
2026-02-09 10:59:02 - app.services.library_service - INFO - Added document e9025d07-f50c-4468-ae96-065507fa769f with 1000 chunks to corpus 806c13c2-01af-4ef3-9094-6bab514d631e
INFO:     127.0.0.1:41536 - "POST /v1/libraries/806c13c2-01af-4ef3-9094-6bab514d631e/documents/with-embeddings HTTP/1.1" 201 Created
2026-02-09 10:59:04 - app.services.library_service - INFO - Adding document 'batch_968' with 1000 pre-computed chunks to corpus 806c13c2-01af-4ef3-9094-6bab514d631e
2026-02-09 11:06:14 - infrastructure.repositories.library_repository - INFO - Publishing event document.added to event bus
2026-02-09 11:06:14 - infrastructure.repositories.library_repository - INFO - Event document.added queued successfully
2026-02-09 11:06:14 - app.services.library_service - INFO - Added document e6ee73ab-53d7-48ec-9f91-92a52872d23f with 1000 chunks to corpus 806c13c2-01af-4ef3-9094-6bab514d631e
INFO:     127.0.0.1:41536 - "POST /v1/libraries/806c13c2-01af-4ef3-9094-6bab514d631e/documents/with-embeddings HTTP/1.1" 201 Created
2026-02-09 11:06:16 - app.services.library_service - INFO - Adding document 'batch_969' with 1000 pre-computed chunks to corpus 806c13c2-01af-4ef3-9094-6bab514d631e
2026-02-09 11:13:25 - infrastructure.repositories.library_repository - INFO - Publishing event document.added to event bus
2026-02-09 11:13:25 - infrastructure.repositories.library_repository - INFO - Event document.added queued successfully
2026-02-09 11:13:25 - app.services.library_service - INFO - Added document 29d24e05-2e97-40dd-8433-74de0d354bff with 1000 chunks to corpus 806c13c2-01af-4ef3-9094-6bab514d631e
INFO:     127.0.0.1:41536 - "POST /v1/libraries/806c13c2-01af-4ef3-9094-6bab514d631e/documents/with-embeddings HTTP/1.1" 201 Created
2026-02-09 11:13:27 - app.services.library_service - INFO - Adding document 'batch_970' with 1000 pre-computed chunks to corpus 806c13c2-01af-4ef3-9094-6bab514d631e
2026-02-09 11:20:35 - infrastructure.repositories.library_repository - INFO - Publishing event document.added to event bus
2026-02-09 11:20:35 - infrastructure.repositories.library_repository - INFO - Event document.added queued successfully
2026-02-09 11:20:35 - app.services.library_service - INFO - Added document aa73a020-f60e-49b5-a19d-d339a059f792 with 1000 chunks to corpus 806c13c2-01af-4ef3-9094-6bab514d631e
INFO:     127.0.0.1:41536 - "POST /v1/libraries/806c13c2-01af-4ef3-9094-6bab514d631e/documents/with-embeddings HTTP/1.1" 201 Created
2026-02-09 11:20:38 - app.services.library_service - INFO - Adding document 'batch_971' with 1000 pre-computed chunks to corpus 806c13c2-01af-4ef3-9094-6bab514d631e
2026-02-09 11:27:46 - infrastructure.repositories.library_repository - INFO - Publishing event document.added to event bus
2026-02-09 11:27:46 - infrastructure.repositories.library_repository - INFO - Event document.added queued successfully
2026-02-09 11:27:46 - app.services.library_service - INFO - Added document 9c8b4a04-0898-45f4-829e-8e9aed402384 with 1000 chunks to corpus 806c13c2-01af-4ef3-9094-6bab514d631e
INFO:     127.0.0.1:41536 - "POST /v1/libraries/806c13c2-01af-4ef3-9094-6bab514d631e/documents/with-embeddings HTTP/1.1" 201 Created
2026-02-09 11:27:49 - app.services.library_service - INFO - Adding document 'batch_972' with 1000 pre-computed chunks to corpus 806c13c2-01af-4ef3-9094-6bab514d631e
2026-02-09 11:34:57 - infrastructure.repositories.library_repository - INFO - Publishing event document.added to event bus
2026-02-09 11:34:57 - infrastructure.repositories.library_repository - INFO - Event document.added queued successfully
2026-02-09 11:34:57 - app.services.library_service - INFO - Added document c947e3e7-a940-4f31-9229-0b093a8ea17d with 1000 chunks to corpus 806c13c2-01af-4ef3-9094-6bab514d631e
INFO:     127.0.0.1:41536 - "POST /v1/libraries/806c13c2-01af-4ef3-9094-6bab514d631e/documents/with-embeddings HTTP/1.1" 201 Created
2026-02-09 11:35:00 - app.services.library_service - INFO - Adding document 'batch_973' with 1000 pre-computed chunks to corpus 806c13c2-01af-4ef3-9094-6bab514d631e
2026-02-09 11:42:08 - infrastructure.repositories.library_repository - INFO - Publishing event document.added to event bus
2026-02-09 11:42:08 - infrastructure.repositories.library_repository - INFO - Event document.added queued successfully
2026-02-09 11:42:08 - app.services.library_service - INFO - Added document 02bfd391-5025-4cc8-8cc8-998b152fa20b with 1000 chunks to corpus 806c13c2-01af-4ef3-9094-6bab514d631e
INFO:     127.0.0.1:41536 - "POST /v1/libraries/806c13c2-01af-4ef3-9094-6bab514d631e/documents/with-embeddings HTTP/1.1" 201 Created
2026-02-09 11:42:10 - app.services.library_service - INFO - Adding document 'batch_974' with 1000 pre-computed chunks to corpus 806c13c2-01af-4ef3-9094-6bab514d631e
2026-02-09 11:49:17 - infrastructure.repositories.library_repository - INFO - Publishing event document.added to event bus
2026-02-09 11:49:17 - infrastructure.repositories.library_repository - INFO - Event document.added queued successfully
2026-02-09 11:49:17 - app.services.library_service - INFO - Added document a2c83848-2484-47ee-95e9-80bf92abb63d with 1000 chunks to corpus 806c13c2-01af-4ef3-9094-6bab514d631e
INFO:     127.0.0.1:41536 - "POST /v1/libraries/806c13c2-01af-4ef3-9094-6bab514d631e/documents/with-embeddings HTTP/1.1" 201 Created
2026-02-09 11:49:19 - app.services.library_service - INFO - Adding document 'batch_975' with 1000 pre-computed chunks to corpus 806c13c2-01af-4ef3-9094-6bab514d631e
2026-02-09 11:56:27 - infrastructure.repositories.library_repository - INFO - Publishing event document.added to event bus
2026-02-09 11:56:27 - infrastructure.repositories.library_repository - INFO - Event document.added queued successfully
2026-02-09 11:56:27 - app.services.library_service - INFO - Added document 90d0676f-d865-47c8-bfd7-c6ffc1e9ae68 with 1000 chunks to corpus 806c13c2-01af-4ef3-9094-6bab514d631e
INFO:     127.0.0.1:41536 - "POST /v1/libraries/806c13c2-01af-4ef3-9094-6bab514d631e/documents/with-embeddings HTTP/1.1" 201 Created
2026-02-09 11:56:29 - app.services.library_service - INFO - Adding document 'batch_976' with 1000 pre-computed chunks to corpus 806c13c2-01af-4ef3-9094-6bab514d631e
2026-02-09 12:03:38 - infrastructure.repositories.library_repository - INFO - Publishing event document.added to event bus
2026-02-09 12:03:38 - infrastructure.repositories.library_repository - INFO - Event document.added queued successfully
2026-02-09 12:03:38 - app.services.library_service - INFO - Added document 59505933-56aa-403f-b4e4-bb48ae417ec8 with 1000 chunks to corpus 806c13c2-01af-4ef3-9094-6bab514d631e
INFO:     127.0.0.1:41536 - "POST /v1/libraries/806c13c2-01af-4ef3-9094-6bab514d631e/documents/with-embeddings HTTP/1.1" 201 Created
2026-02-09 12:03:41 - app.services.library_service - INFO - Adding document 'batch_977' with 1000 pre-computed chunks to corpus 806c13c2-01af-4ef3-9094-6bab514d631e
2026-02-09 12:10:49 - infrastructure.repositories.library_repository - INFO - Publishing event document.added to event bus
2026-02-09 12:10:49 - infrastructure.repositories.library_repository - INFO - Event document.added queued successfully
2026-02-09 12:10:49 - app.services.library_service - INFO - Added document e58b9406-0de8-4337-a008-3ae13d28c404 with 1000 chunks to corpus 806c13c2-01af-4ef3-9094-6bab514d631e
INFO:     127.0.0.1:41536 - "POST /v1/libraries/806c13c2-01af-4ef3-9094-6bab514d631e/documents/with-embeddings HTTP/1.1" 201 Created
2026-02-09 12:10:51 - app.services.library_service - INFO - Adding document 'batch_978' with 1000 pre-computed chunks to corpus 806c13c2-01af-4ef3-9094-6bab514d631e
2026-02-09 12:17:59 - infrastructure.repositories.library_repository - INFO - Publishing event document.added to event bus
2026-02-09 12:17:59 - infrastructure.repositories.library_repository - INFO - Event document.added queued successfully
2026-02-09 12:17:59 - app.services.library_service - INFO - Added document 8322a237-375f-48ea-a24b-be1dbc364695 with 1000 chunks to corpus 806c13c2-01af-4ef3-9094-6bab514d631e
INFO:     127.0.0.1:41536 - "POST /v1/libraries/806c13c2-01af-4ef3-9094-6bab514d631e/documents/with-embeddings HTTP/1.1" 201 Created
2026-02-09 12:18:02 - app.services.library_service - INFO - Adding document 'batch_979' with 1000 pre-computed chunks to corpus 806c13c2-01af-4ef3-9094-6bab514d631e
2026-02-09 12:25:11 - infrastructure.repositories.library_repository - INFO - Publishing event document.added to event bus
2026-02-09 12:25:11 - infrastructure.repositories.library_repository - INFO - Event document.added queued successfully
2026-02-09 12:25:11 - app.services.library_service - INFO - Added document 848ffcbe-9f6f-4c75-b3d9-229c59b150e3 with 1000 chunks to corpus 806c13c2-01af-4ef3-9094-6bab514d631e
INFO:     127.0.0.1:41536 - "POST /v1/libraries/806c13c2-01af-4ef3-9094-6bab514d631e/documents/with-embeddings HTTP/1.1" 201 Created
2026-02-09 12:25:13 - app.services.library_service - INFO - Adding document 'batch_980' with 1000 pre-computed chunks to corpus 806c13c2-01af-4ef3-9094-6bab514d631e
2026-02-09 12:32:22 - infrastructure.repositories.library_repository - INFO - Publishing event document.added to event bus
2026-02-09 12:32:22 - infrastructure.repositories.library_repository - INFO - Event document.added queued successfully
2026-02-09 12:32:22 - app.services.library_service - INFO - Added document 107b58b0-5161-45ee-ba79-971c9fd89bca with 1000 chunks to corpus 806c13c2-01af-4ef3-9094-6bab514d631e
INFO:     127.0.0.1:41536 - "POST /v1/libraries/806c13c2-01af-4ef3-9094-6bab514d631e/documents/with-embeddings HTTP/1.1" 201 Created
2026-02-09 12:32:24 - app.services.library_service - INFO - Adding document 'batch_981' with 1000 pre-computed chunks to corpus 806c13c2-01af-4ef3-9094-6bab514d631e
2026-02-09 12:39:32 - infrastructure.repositories.library_repository - INFO - Publishing event document.added to event bus
2026-02-09 12:39:32 - infrastructure.repositories.library_repository - INFO - Event document.added queued successfully
2026-02-09 12:39:32 - app.services.library_service - INFO - Added document 3f396ff3-6777-498f-b780-58e93756191e with 1000 chunks to corpus 806c13c2-01af-4ef3-9094-6bab514d631e
INFO:     127.0.0.1:41536 - "POST /v1/libraries/806c13c2-01af-4ef3-9094-6bab514d631e/documents/with-embeddings HTTP/1.1" 201 Created
2026-02-09 12:39:34 - app.services.library_service - INFO - Adding document 'batch_982' with 1000 pre-computed chunks to corpus 806c13c2-01af-4ef3-9094-6bab514d631e
2026-02-09 12:46:44 - infrastructure.repositories.library_repository - INFO - Publishing event document.added to event bus
2026-02-09 12:46:44 - infrastructure.repositories.library_repository - INFO - Event document.added queued successfully
2026-02-09 12:46:44 - app.services.library_service - INFO - Added document 3dcf224b-5049-4d84-bdc8-2218edb92426 with 1000 chunks to corpus 806c13c2-01af-4ef3-9094-6bab514d631e
INFO:     127.0.0.1:41536 - "POST /v1/libraries/806c13c2-01af-4ef3-9094-6bab514d631e/documents/with-embeddings HTTP/1.1" 201 Created
2026-02-09 12:46:46 - app.services.library_service - INFO - Adding document 'batch_983' with 1000 pre-computed chunks to corpus 806c13c2-01af-4ef3-9094-6bab514d631e
2026-02-09 12:53:57 - infrastructure.repositories.library_repository - INFO - Publishing event document.added to event bus
2026-02-09 12:53:57 - infrastructure.repositories.library_repository - INFO - Event document.added queued successfully
2026-02-09 12:53:57 - app.services.library_service - INFO - Added document 750b43f4-2cd2-4e2e-ba3e-aa503efa0081 with 1000 chunks to corpus 806c13c2-01af-4ef3-9094-6bab514d631e
INFO:     127.0.0.1:41536 - "POST /v1/libraries/806c13c2-01af-4ef3-9094-6bab514d631e/documents/with-embeddings HTTP/1.1" 201 Created
2026-02-09 12:53:59 - app.services.library_service - INFO - Adding document 'batch_984' with 1000 pre-computed chunks to corpus 806c13c2-01af-4ef3-9094-6bab514d631e
2026-02-09 13:01:10 - infrastructure.repositories.library_repository - INFO - Publishing event document.added to event bus
2026-02-09 13:01:10 - infrastructure.repositories.library_repository - INFO - Event document.added queued successfully
2026-02-09 13:01:10 - app.services.library_service - INFO - Added document 0859b408-8080-47cd-b9a9-9ac1d4d5a762 with 1000 chunks to corpus 806c13c2-01af-4ef3-9094-6bab514d631e
INFO:     127.0.0.1:41536 - "POST /v1/libraries/806c13c2-01af-4ef3-9094-6bab514d631e/documents/with-embeddings HTTP/1.1" 201 Created
2026-02-09 13:01:12 - app.services.library_service - INFO - Adding document 'batch_985' with 1000 pre-computed chunks to corpus 806c13c2-01af-4ef3-9094-6bab514d631e
2026-02-09 13:08:25 - infrastructure.repositories.library_repository - INFO - Publishing event document.added to event bus
2026-02-09 13:08:25 - infrastructure.repositories.library_repository - INFO - Event document.added queued successfully
2026-02-09 13:08:25 - app.services.library_service - INFO - Added document bbb2270a-454c-461f-9d2d-87a269c83c75 with 1000 chunks to corpus 806c13c2-01af-4ef3-9094-6bab514d631e
INFO:     127.0.0.1:41536 - "POST /v1/libraries/806c13c2-01af-4ef3-9094-6bab514d631e/documents/with-embeddings HTTP/1.1" 201 Created
2026-02-09 13:08:27 - app.services.library_service - INFO - Adding document 'batch_986' with 1000 pre-computed chunks to corpus 806c13c2-01af-4ef3-9094-6bab514d631e
2026-02-09 13:15:38 - infrastructure.repositories.library_repository - INFO - Publishing event document.added to event bus
2026-02-09 13:15:38 - infrastructure.repositories.library_repository - INFO - Event document.added queued successfully
2026-02-09 13:15:38 - app.services.library_service - INFO - Added document 6983cf62-1933-4525-bb1f-64d752d78de4 with 1000 chunks to corpus 806c13c2-01af-4ef3-9094-6bab514d631e
INFO:     127.0.0.1:41536 - "POST /v1/libraries/806c13c2-01af-4ef3-9094-6bab514d631e/documents/with-embeddings HTTP/1.1" 201 Created
2026-02-09 13:15:40 - app.services.library_service - INFO - Adding document 'batch_987' with 1000 pre-computed chunks to corpus 806c13c2-01af-4ef3-9094-6bab514d631e
2026-02-09 13:22:49 - infrastructure.repositories.library_repository - INFO - Publishing event document.added to event bus
2026-02-09 13:22:49 - infrastructure.repositories.library_repository - INFO - Event document.added queued successfully
2026-02-09 13:22:49 - app.services.library_service - INFO - Added document 29d662b1-522e-4881-a21e-1c3368aa2ace with 1000 chunks to corpus 806c13c2-01af-4ef3-9094-6bab514d631e
INFO:     127.0.0.1:41536 - "POST /v1/libraries/806c13c2-01af-4ef3-9094-6bab514d631e/documents/with-embeddings HTTP/1.1" 201 Created
2026-02-09 13:22:52 - app.services.library_service - INFO - Adding document 'batch_988' with 1000 pre-computed chunks to corpus 806c13c2-01af-4ef3-9094-6bab514d631e
2026-02-09 13:30:01 - infrastructure.repositories.library_repository - INFO - Publishing event document.added to event bus
2026-02-09 13:30:01 - infrastructure.repositories.library_repository - INFO - Event document.added queued successfully
2026-02-09 13:30:01 - app.services.library_service - INFO - Added document 9fcbcda3-18da-42dd-b889-abcf5066e788 with 1000 chunks to corpus 806c13c2-01af-4ef3-9094-6bab514d631e
INFO:     127.0.0.1:41536 - "POST /v1/libraries/806c13c2-01af-4ef3-9094-6bab514d631e/documents/with-embeddings HTTP/1.1" 201 Created
2026-02-09 13:30:03 - app.services.library_service - INFO - Adding document 'batch_989' with 1000 pre-computed chunks to corpus 806c13c2-01af-4ef3-9094-6bab514d631e
2026-02-09 13:37:13 - infrastructure.repositories.library_repository - INFO - Publishing event document.added to event bus
2026-02-09 13:37:13 - infrastructure.repositories.library_repository - INFO - Event document.added queued successfully
2026-02-09 13:37:13 - app.services.library_service - INFO - Added document 1b3d576b-2ac0-4054-98be-bf1a96f116e0 with 1000 chunks to corpus 806c13c2-01af-4ef3-9094-6bab514d631e
INFO:     127.0.0.1:41536 - "POST /v1/libraries/806c13c2-01af-4ef3-9094-6bab514d631e/documents/with-embeddings HTTP/1.1" 201 Created
2026-02-09 13:37:15 - app.services.library_service - INFO - Adding document 'batch_990' with 1000 pre-computed chunks to corpus 806c13c2-01af-4ef3-9094-6bab514d631e
2026-02-09 13:44:23 - infrastructure.repositories.library_repository - INFO - Publishing event document.added to event bus
2026-02-09 13:44:23 - infrastructure.repositories.library_repository - INFO - Event document.added queued successfully
2026-02-09 13:44:23 - app.services.library_service - INFO - Added document b9da5ed9-881b-4fba-88f8-44d49e7ccb18 with 1000 chunks to corpus 806c13c2-01af-4ef3-9094-6bab514d631e
INFO:     127.0.0.1:41536 - "POST /v1/libraries/806c13c2-01af-4ef3-9094-6bab514d631e/documents/with-embeddings HTTP/1.1" 201 Created
2026-02-09 13:44:25 - app.services.library_service - INFO - Adding document 'batch_991' with 1000 pre-computed chunks to corpus 806c13c2-01af-4ef3-9094-6bab514d631e
2026-02-09 13:51:35 - infrastructure.repositories.library_repository - INFO - Publishing event document.added to event bus
2026-02-09 13:51:35 - infrastructure.repositories.library_repository - INFO - Event document.added queued successfully
2026-02-09 13:51:35 - app.services.library_service - INFO - Added document a0127081-952c-495c-a856-a5b07f814f03 with 1000 chunks to corpus 806c13c2-01af-4ef3-9094-6bab514d631e
INFO:     127.0.0.1:41536 - "POST /v1/libraries/806c13c2-01af-4ef3-9094-6bab514d631e/documents/with-embeddings HTTP/1.1" 201 Created
2026-02-09 13:51:37 - app.services.library_service - INFO - Adding document 'batch_992' with 1000 pre-computed chunks to corpus 806c13c2-01af-4ef3-9094-6bab514d631e
2026-02-09 13:58:47 - infrastructure.repositories.library_repository - INFO - Publishing event document.added to event bus
2026-02-09 13:58:47 - infrastructure.repositories.library_repository - INFO - Event document.added queued successfully
2026-02-09 13:58:47 - app.services.library_service - INFO - Added document c27b272d-7c35-476f-9484-b7731fac02c7 with 1000 chunks to corpus 806c13c2-01af-4ef3-9094-6bab514d631e
INFO:     127.0.0.1:41536 - "POST /v1/libraries/806c13c2-01af-4ef3-9094-6bab514d631e/documents/with-embeddings HTTP/1.1" 201 Created
2026-02-09 13:58:49 - app.services.library_service - INFO - Adding document 'batch_993' with 1000 pre-computed chunks to corpus 806c13c2-01af-4ef3-9094-6bab514d631e
2026-02-09 14:05:58 - infrastructure.repositories.library_repository - INFO - Publishing event document.added to event bus
2026-02-09 14:05:58 - infrastructure.repositories.library_repository - INFO - Event document.added queued successfully
2026-02-09 14:05:58 - app.services.library_service - INFO - Added document 1b5d1141-ae19-4e5d-b633-0b7d92088dd3 with 1000 chunks to corpus 806c13c2-01af-4ef3-9094-6bab514d631e
INFO:     127.0.0.1:41536 - "POST /v1/libraries/806c13c2-01af-4ef3-9094-6bab514d631e/documents/with-embeddings HTTP/1.1" 201 Created
2026-02-09 14:06:00 - app.services.library_service - INFO - Adding document 'batch_994' with 1000 pre-computed chunks to corpus 806c13c2-01af-4ef3-9094-6bab514d631e
2026-02-09 14:13:08 - infrastructure.repositories.library_repository - INFO - Publishing event document.added to event bus
2026-02-09 14:13:08 - infrastructure.repositories.library_repository - INFO - Event document.added queued successfully
2026-02-09 14:13:08 - app.services.library_service - INFO - Added document eac7b6c3-f743-42ea-aa37-c4352ff29587 with 1000 chunks to corpus 806c13c2-01af-4ef3-9094-6bab514d631e
INFO:     127.0.0.1:41536 - "POST /v1/libraries/806c13c2-01af-4ef3-9094-6bab514d631e/documents/with-embeddings HTTP/1.1" 201 Created
2026-02-09 14:13:10 - app.services.library_service - INFO - Adding document 'batch_995' with 1000 pre-computed chunks to corpus 806c13c2-01af-4ef3-9094-6bab514d631e
2026-02-09 14:20:19 - infrastructure.repositories.library_repository - INFO - Publishing event document.added to event bus
2026-02-09 14:20:19 - infrastructure.repositories.library_repository - INFO - Event document.added queued successfully
2026-02-09 14:20:19 - app.services.library_service - INFO - Added document cbc7f784-b4fe-4420-8ccf-7b8210c184ef with 1000 chunks to corpus 806c13c2-01af-4ef3-9094-6bab514d631e
INFO:     127.0.0.1:41536 - "POST /v1/libraries/806c13c2-01af-4ef3-9094-6bab514d631e/documents/with-embeddings HTTP/1.1" 201 Created
2026-02-09 14:20:21 - app.services.library_service - INFO - Adding document 'batch_996' with 1000 pre-computed chunks to corpus 806c13c2-01af-4ef3-9094-6bab514d631e
2026-02-09 14:27:31 - infrastructure.repositories.library_repository - INFO - Publishing event document.added to event bus
2026-02-09 14:27:31 - infrastructure.repositories.library_repository - INFO - Event document.added queued successfully
2026-02-09 14:27:31 - app.services.library_service - INFO - Added document 0a9ea7b9-2928-4087-8a61-f50b2f1a0ecb with 1000 chunks to corpus 806c13c2-01af-4ef3-9094-6bab514d631e
INFO:     127.0.0.1:41536 - "POST /v1/libraries/806c13c2-01af-4ef3-9094-6bab514d631e/documents/with-embeddings HTTP/1.1" 201 Created
2026-02-09 14:27:33 - app.services.library_service - INFO - Adding document 'batch_997' with 1000 pre-computed chunks to corpus 806c13c2-01af-4ef3-9094-6bab514d631e
2026-02-09 14:34:42 - infrastructure.repositories.library_repository - INFO - Publishing event document.added to event bus
2026-02-09 14:34:42 - infrastructure.repositories.library_repository - INFO - Event document.added queued successfully
2026-02-09 14:34:42 - app.services.library_service - INFO - Added document a17f979a-bc1b-4c2e-b2a7-d4eb60b859d2 with 1000 chunks to corpus 806c13c2-01af-4ef3-9094-6bab514d631e
INFO:     127.0.0.1:41536 - "POST /v1/libraries/806c13c2-01af-4ef3-9094-6bab514d631e/documents/with-embeddings HTTP/1.1" 201 Created
2026-02-09 14:34:44 - app.services.library_service - INFO - Adding document 'batch_998' with 1000 pre-computed chunks to corpus 806c13c2-01af-4ef3-9094-6bab514d631e
2026-02-09 14:41:54 - infrastructure.repositories.library_repository - INFO - Publishing event document.added to event bus
2026-02-09 14:41:54 - infrastructure.repositories.library_repository - INFO - Event document.added queued successfully
2026-02-09 14:41:54 - app.services.library_service - INFO - Added document 6a9d0367-acad-4f0f-9304-3f1fd0c3b426 with 1000 chunks to corpus 806c13c2-01af-4ef3-9094-6bab514d631e
INFO:     127.0.0.1:41536 - "POST /v1/libraries/806c13c2-01af-4ef3-9094-6bab514d631e/documents/with-embeddings HTTP/1.1" 201 Created
2026-02-09 14:41:56 - app.services.library_service - INFO - Adding document 'batch_999' with 1000 pre-computed chunks to corpus 806c13c2-01af-4ef3-9094-6bab514d631e
2026-02-09 14:49:04 - infrastructure.repositories.library_repository - INFO - Publishing event document.added to event bus
2026-02-09 14:49:04 - infrastructure.repositories.library_repository - INFO - Event document.added queued successfully
2026-02-09 14:49:04 - app.services.library_service - INFO - Added document 9a6e0fae-0bc8-40ad-be3f-f782e89ae85e with 1000 chunks to corpus 806c13c2-01af-4ef3-9094-6bab514d631e
INFO:     127.0.0.1:41536 - "POST /v1/libraries/806c13c2-01af-4ef3-9094-6bab514d631e/documents/with-embeddings HTTP/1.1" 201 Created
2026-02-09 14:49:05 - app.services.library_service - INFO - Searching corpus 806c13c2-01af-4ef3-9094-6bab514d631e with embedding (k=100)
2026-02-09 14:49:06 - app.services.library_service - INFO - Found 100 results for query
INFO:     127.0.0.1:41536 - "POST /v1/libraries/806c13c2-01af-4ef3-9094-6bab514d631e/search/embedding HTTP/1.1" 200 OK
2026-02-09 14:49:06 - app.services.library_service - INFO - Searching corpus 806c13c2-01af-4ef3-9094-6bab514d631e with embedding (k=100)
2026-02-09 14:49:06 - app.services.library_service - INFO - Found 100 results for query
INFO:     127.0.0.1:41536 - "POST /v1/libraries/806c13c2-01af-4ef3-9094-6bab514d631e/search/embedding HTTP/1.1" 200 OK
2026-02-09 14:49:06 - app.services.library_service - INFO - Searching corpus 806c13c2-01af-4ef3-9094-6bab514d631e with embedding (k=100)
2026-02-09 14:49:07 - app.services.library_service - INFO - Found 100 results for query
INFO:     127.0.0.1:41536 - "POST /v1/libraries/806c13c2-01af-4ef3-9094-6bab514d631e/search/embedding HTTP/1.1" 200 OK
2026-02-09 14:49:07 - app.services.library_service - INFO - Searching corpus 806c13c2-01af-4ef3-9094-6bab514d631e with embedding (k=100)
2026-02-09 14:49:07 - app.services.library_service - INFO - Found 100 results for query
INFO:     127.0.0.1:41536 - "POST /v1/libraries/806c13c2-01af-4ef3-9094-6bab514d631e/search/embedding HTTP/1.1" 200 OK
2026-02-09 14:49:07 - app.services.library_service - INFO - Searching corpus 806c13c2-01af-4ef3-9094-6bab514d631e with embedding (k=100)
2026-02-09 14:49:08 - app.services.library_service - INFO - Found 100 results for query
INFO:     127.0.0.1:41536 - "POST /v1/libraries/806c13c2-01af-4ef3-9094-6bab514d631e/search/embedding HTTP/1.1" 200 OK
2026-02-09 14:49:08 - app.services.library_service - INFO - Searching corpus 806c13c2-01af-4ef3-9094-6bab514d631e with embedding (k=100)
2026-02-09 14:49:08 - app.services.library_service - INFO - Found 100 results for query
INFO:     127.0.0.1:41536 - "POST /v1/libraries/806c13c2-01af-4ef3-9094-6bab514d631e/search/embedding HTTP/1.1" 200 OK
2026-02-09 14:49:08 - app.services.library_service - INFO - Searching corpus 806c13c2-01af-4ef3-9094-6bab514d631e with embedding (k=100)
2026-02-09 14:49:09 - app.services.library_service - INFO - Found 100 results for query
INFO:     127.0.0.1:41536 - "POST /v1/libraries/806c13c2-01af-4ef3-9094-6bab514d631e/search/embedding HTTP/1.1" 200 OK
2026-02-09 14:49:09 - app.services.library_service - INFO - Searching corpus 806c13c2-01af-4ef3-9094-6bab514d631e with embedding (k=100)
2026-02-09 14:49:09 - app.services.library_service - INFO - Found 100 results for query
INFO:     127.0.0.1:41536 - "POST /v1/libraries/806c13c2-01af-4ef3-9094-6bab514d631e/search/embedding HTTP/1.1" 200 OK
2026-02-09 14:49:09 - app.services.library_service - INFO - Searching corpus 806c13c2-01af-4ef3-9094-6bab514d631e with embedding (k=100)
2026-02-09 14:49:10 - app.services.library_service - INFO - Found 100 results for query
INFO:     127.0.0.1:41536 - "POST /v1/libraries/806c13c2-01af-4ef3-9094-6bab514d631e/search/embedding HTTP/1.1" 200 OK
2026-02-09 14:49:10 - app.services.library_service - INFO - Searching corpus 806c13c2-01af-4ef3-9094-6bab514d631e with embedding (k=100)
2026-02-09 14:49:10 - app.services.library_service - INFO - Found 100 results for query
INFO:     127.0.0.1:41536 - "POST /v1/libraries/806c13c2-01af-4ef3-9094-6bab514d631e/search/embedding HTTP/1.1" 200 OK
2026-02-09 14:49:10 - app.services.library_service - INFO - Searching corpus 806c13c2-01af-4ef3-9094-6bab514d631e with embedding (k=100)
2026-02-09 14:49:11 - app.services.library_service - INFO - Found 100 results for query
INFO:     127.0.0.1:41536 - "POST /v1/libraries/806c13c2-01af-4ef3-9094-6bab514d631e/search/embedding HTTP/1.1" 200 OK
2026-02-09 14:49:11 - app.services.library_service - INFO - Searching corpus 806c13c2-01af-4ef3-9094-6bab514d631e with embedding (k=100)
2026-02-09 14:49:11 - app.services.library_service - INFO - Found 100 results for query
INFO:     127.0.0.1:41536 - "POST /v1/libraries/806c13c2-01af-4ef3-9094-6bab514d631e/search/embedding HTTP/1.1" 200 OK
2026-02-09 14:49:11 - app.services.library_service - INFO - Searching corpus 806c13c2-01af-4ef3-9094-6bab514d631e with embedding (k=100)
2026-02-09 14:49:12 - app.services.library_service - INFO - Found 100 results for query
INFO:     127.0.0.1:41536 - "POST /v1/libraries/806c13c2-01af-4ef3-9094-6bab514d631e/search/embedding HTTP/1.1" 200 OK
2026-02-09 14:49:12 - app.services.library_service - INFO - Searching corpus 806c13c2-01af-4ef3-9094-6bab514d631e with embedding (k=100)
2026-02-09 14:49:12 - app.services.library_service - INFO - Found 100 results for query
INFO:     127.0.0.1:41536 - "POST /v1/libraries/806c13c2-01af-4ef3-9094-6bab514d631e/search/embedding HTTP/1.1" 200 OK
2026-02-09 14:49:12 - app.services.library_service - INFO - Searching corpus 806c13c2-01af-4ef3-9094-6bab514d631e with embedding (k=100)
2026-02-09 14:49:13 - app.services.library_service - INFO - Found 100 results for query
INFO:     127.0.0.1:41536 - "POST /v1/libraries/806c13c2-01af-4ef3-9094-6bab514d631e/search/embedding HTTP/1.1" 200 OK
2026-02-09 14:49:13 - app.services.library_service - INFO - Searching corpus 806c13c2-01af-4ef3-9094-6bab514d631e with embedding (k=100)
2026-02-09 14:49:13 - app.services.library_service - INFO - Found 100 results for query
INFO:     127.0.0.1:41536 - "POST /v1/libraries/806c13c2-01af-4ef3-9094-6bab514d631e/search/embedding HTTP/1.1" 200 OK
2026-02-09 14:49:13 - app.services.library_service - INFO - Searching corpus 806c13c2-01af-4ef3-9094-6bab514d631e with embedding (k=100)
2026-02-09 14:49:14 - app.services.library_service - INFO - Found 100 results for query
INFO:     127.0.0.1:41536 - "POST /v1/libraries/806c13c2-01af-4ef3-9094-6bab514d631e/search/embedding HTTP/1.1" 200 OK
2026-02-09 14:49:14 - app.services.library_service - INFO - Searching corpus 806c13c2-01af-4ef3-9094-6bab514d631e with embedding (k=100)
2026-02-09 14:49:14 - app.services.library_service - INFO - Found 100 results for query
INFO:     127.0.0.1:41536 - "POST /v1/libraries/806c13c2-01af-4ef3-9094-6bab514d631e/search/embedding HTTP/1.1" 200 OK
2026-02-09 14:49:14 - app.services.library_service - INFO - Searching corpus 806c13c2-01af-4ef3-9094-6bab514d631e with embedding (k=100)
2026-02-09 14:49:15 - app.services.library_service - INFO - Found 100 results for query
INFO:     127.0.0.1:41536 - "POST /v1/libraries/806c13c2-01af-4ef3-9094-6bab514d631e/search/embedding HTTP/1.1" 200 OK
2026-02-09 14:49:15 - app.services.library_service - INFO - Searching corpus 806c13c2-01af-4ef3-9094-6bab514d631e with embedding (k=100)
2026-02-09 14:49:15 - app.services.library_service - INFO - Found 100 results for query
INFO:     127.0.0.1:41536 - "POST /v1/libraries/806c13c2-01af-4ef3-9094-6bab514d631e/search/embedding HTTP/1.1" 200 OK
2026-02-09 14:49:15 - app.services.library_service - INFO - Searching corpus 806c13c2-01af-4ef3-9094-6bab514d631e with embedding (k=100)
2026-02-09 14:49:16 - app.services.library_service - INFO - Found 100 results for query
INFO:     127.0.0.1:41536 - "POST /v1/libraries/806c13c2-01af-4ef3-9094-6bab514d631e/search/embedding HTTP/1.1" 200 OK
2026-02-09 14:49:16 - app.services.library_service - INFO - Searching corpus 806c13c2-01af-4ef3-9094-6bab514d631e with embedding (k=100)
2026-02-09 14:49:16 - app.services.library_service - INFO - Found 100 results for query
INFO:     127.0.0.1:41536 - "POST /v1/libraries/806c13c2-01af-4ef3-9094-6bab514d631e/search/embedding HTTP/1.1" 200 OK
2026-02-09 14:49:16 - app.services.library_service - INFO - Searching corpus 806c13c2-01af-4ef3-9094-6bab514d631e with embedding (k=100)
2026-02-09 14:49:17 - app.services.library_service - INFO - Found 100 results for query
INFO:     127.0.0.1:41536 - "POST /v1/libraries/806c13c2-01af-4ef3-9094-6bab514d631e/search/embedding HTTP/1.1" 200 OK
2026-02-09 14:49:17 - app.services.library_service - INFO - Searching corpus 806c13c2-01af-4ef3-9094-6bab514d631e with embedding (k=100)
2026-02-09 14:49:17 - app.services.library_service - INFO - Found 100 results for query
INFO:     127.0.0.1:41536 - "POST /v1/libraries/806c13c2-01af-4ef3-9094-6bab514d631e/search/embedding HTTP/1.1" 200 OK
2026-02-09 14:49:17 - app.services.library_service - INFO - Searching corpus 806c13c2-01af-4ef3-9094-6bab514d631e with embedding (k=100)
2026-02-09 14:49:17 - app.services.library_service - INFO - Found 100 results for query
INFO:     127.0.0.1:41536 - "POST /v1/libraries/806c13c2-01af-4ef3-9094-6bab514d631e/search/embedding HTTP/1.1" 200 OK
2026-02-09 14:49:17 - app.services.library_service - INFO - Searching corpus 806c13c2-01af-4ef3-9094-6bab514d631e with embedding (k=100)
2026-02-09 14:49:18 - app.services.library_service - INFO - Found 100 results for query
INFO:     127.0.0.1:41536 - "POST /v1/libraries/806c13c2-01af-4ef3-9094-6bab514d631e/search/embedding HTTP/1.1" 200 OK
2026-02-09 14:49:18 - app.services.library_service - INFO - Searching corpus 806c13c2-01af-4ef3-9094-6bab514d631e with embedding (k=100)
2026-02-09 14:49:18 - app.services.library_service - INFO - Found 100 results for query
INFO:     127.0.0.1:41536 - "POST /v1/libraries/806c13c2-01af-4ef3-9094-6bab514d631e/search/embedding HTTP/1.1" 200 OK
2026-02-09 14:49:18 - app.services.library_service - INFO - Searching corpus 806c13c2-01af-4ef3-9094-6bab514d631e with embedding (k=100)
2026-02-09 14:49:19 - app.services.library_service - INFO - Found 100 results for query
INFO:     127.0.0.1:41536 - "POST /v1/libraries/806c13c2-01af-4ef3-9094-6bab514d631e/search/embedding HTTP/1.1" 200 OK
2026-02-09 14:49:19 - app.services.library_service - INFO - Searching corpus 806c13c2-01af-4ef3-9094-6bab514d631e with embedding (k=100)
2026-02-09 14:49:19 - app.services.library_service - INFO - Found 100 results for query
INFO:     127.0.0.1:41536 - "POST /v1/libraries/806c13c2-01af-4ef3-9094-6bab514d631e/search/embedding HTTP/1.1" 200 OK
2026-02-09 14:49:19 - app.services.library_service - INFO - Searching corpus 806c13c2-01af-4ef3-9094-6bab514d631e with embedding (k=100)
2026-02-09 14:49:20 - app.services.library_service - INFO - Found 100 results for query
INFO:     127.0.0.1:41536 - "POST /v1/libraries/806c13c2-01af-4ef3-9094-6bab514d631e/search/embedding HTTP/1.1" 200 OK
2026-02-09 14:49:20 - app.services.library_service - INFO - Searching corpus 806c13c2-01af-4ef3-9094-6bab514d631e with embedding (k=100)
2026-02-09 14:49:20 - app.services.library_service - INFO - Found 100 results for query
INFO:     127.0.0.1:41536 - "POST /v1/libraries/806c13c2-01af-4ef3-9094-6bab514d631e/search/embedding HTTP/1.1" 200 OK
2026-02-09 14:49:20 - app.services.library_service - INFO - Searching corpus 806c13c2-01af-4ef3-9094-6bab514d631e with embedding (k=100)
2026-02-09 14:49:21 - app.services.library_service - INFO - Found 100 results for query
INFO:     127.0.0.1:41536 - "POST /v1/libraries/806c13c2-01af-4ef3-9094-6bab514d631e/search/embedding HTTP/1.1" 200 OK
2026-02-09 14:49:21 - app.services.library_service - INFO - Searching corpus 806c13c2-01af-4ef3-9094-6bab514d631e with embedding (k=100)
2026-02-09 14:49:21 - app.services.library_service - INFO - Found 100 results for query
INFO:     127.0.0.1:41536 - "POST /v1/libraries/806c13c2-01af-4ef3-9094-6bab514d631e/search/embedding HTTP/1.1" 200 OK
2026-02-09 14:49:21 - app.services.library_service - INFO - Searching corpus 806c13c2-01af-4ef3-9094-6bab514d631e with embedding (k=100)
2026-02-09 14:49:22 - app.services.library_service - INFO - Found 100 results for query
INFO:     127.0.0.1:41536 - "POST /v1/libraries/806c13c2-01af-4ef3-9094-6bab514d631e/search/embedding HTTP/1.1" 200 OK
2026-02-09 14:49:22 - app.services.library_service - INFO - Searching corpus 806c13c2-01af-4ef3-9094-6bab514d631e with embedding (k=100)
2026-02-09 14:49:22 - app.services.library_service - INFO - Found 100 results for query
INFO:     127.0.0.1:41536 - "POST /v1/libraries/806c13c2-01af-4ef3-9094-6bab514d631e/search/embedding HTTP/1.1" 200 OK
2026-02-09 14:49:22 - app.services.library_service - INFO - Searching corpus 806c13c2-01af-4ef3-9094-6bab514d631e with embedding (k=100)
2026-02-09 14:49:23 - app.services.library_service - INFO - Found 100 results for query
INFO:     127.0.0.1:41536 - "POST /v1/libraries/806c13c2-01af-4ef3-9094-6bab514d631e/search/embedding HTTP/1.1" 200 OK
2026-02-09 14:49:23 - app.services.library_service - INFO - Searching corpus 806c13c2-01af-4ef3-9094-6bab514d631e with embedding (k=100)
2026-02-09 14:49:23 - app.services.library_service - INFO - Found 100 results for query
INFO:     127.0.0.1:41536 - "POST /v1/libraries/806c13c2-01af-4ef3-9094-6bab514d631e/search/embedding HTTP/1.1" 200 OK
2026-02-09 14:49:23 - app.services.library_service - INFO - Searching corpus 806c13c2-01af-4ef3-9094-6bab514d631e with embedding (k=100)
2026-02-09 14:49:24 - app.services.library_service - INFO - Found 100 results for query
INFO:     127.0.0.1:41536 - "POST /v1/libraries/806c13c2-01af-4ef3-9094-6bab514d631e/search/embedding HTTP/1.1" 200 OK
2026-02-09 14:49:24 - app.services.library_service - INFO - Searching corpus 806c13c2-01af-4ef3-9094-6bab514d631e with embedding (k=100)
2026-02-09 14:49:24 - app.services.library_service - INFO - Found 100 results for query
INFO:     127.0.0.1:41536 - "POST /v1/libraries/806c13c2-01af-4ef3-9094-6bab514d631e/search/embedding HTTP/1.1" 200 OK
2026-02-09 14:49:24 - app.services.library_service - INFO - Searching corpus 806c13c2-01af-4ef3-9094-6bab514d631e with embedding (k=100)
2026-02-09 14:49:25 - app.services.library_service - INFO - Found 100 results for query
INFO:     127.0.0.1:41536 - "POST /v1/libraries/806c13c2-01af-4ef3-9094-6bab514d631e/search/embedding HTTP/1.1" 200 OK
2026-02-09 14:49:25 - app.services.library_service - INFO - Searching corpus 806c13c2-01af-4ef3-9094-6bab514d631e with embedding (k=100)
2026-02-09 14:49:25 - app.services.library_service - INFO - Found 100 results for query
INFO:     127.0.0.1:41536 - "POST /v1/libraries/806c13c2-01af-4ef3-9094-6bab514d631e/search/embedding HTTP/1.1" 200 OK
2026-02-09 14:49:25 - app.services.library_service - INFO - Searching corpus 806c13c2-01af-4ef3-9094-6bab514d631e with embedding (k=100)
2026-02-09 14:49:26 - app.services.library_service - INFO - Found 100 results for query
INFO:     127.0.0.1:41536 - "POST /v1/libraries/806c13c2-01af-4ef3-9094-6bab514d631e/search/embedding HTTP/1.1" 200 OK
2026-02-09 14:49:26 - app.services.library_service - INFO - Searching corpus 806c13c2-01af-4ef3-9094-6bab514d631e with embedding (k=100)
2026-02-09 14:49:26 - app.services.library_service - INFO - Found 100 results for query
INFO:     127.0.0.1:41536 - "POST /v1/libraries/806c13c2-01af-4ef3-9094-6bab514d631e/search/embedding HTTP/1.1" 200 OK
2026-02-09 14:49:26 - app.services.library_service - INFO - Searching corpus 806c13c2-01af-4ef3-9094-6bab514d631e with embedding (k=100)
2026-02-09 14:49:27 - app.services.library_service - INFO - Found 100 results for query
INFO:     127.0.0.1:41536 - "POST /v1/libraries/806c13c2-01af-4ef3-9094-6bab514d631e/search/embedding HTTP/1.1" 200 OK
2026-02-09 14:49:27 - app.services.library_service - INFO - Searching corpus 806c13c2-01af-4ef3-9094-6bab514d631e with embedding (k=100)
2026-02-09 14:49:27 - app.services.library_service - INFO - Found 100 results for query
INFO:     127.0.0.1:41536 - "POST /v1/libraries/806c13c2-01af-4ef3-9094-6bab514d631e/search/embedding HTTP/1.1" 200 OK
2026-02-09 14:49:27 - app.services.library_service - INFO - Searching corpus 806c13c2-01af-4ef3-9094-6bab514d631e with embedding (k=100)
2026-02-09 14:49:28 - app.services.library_service - INFO - Found 100 results for query
INFO:     127.0.0.1:41536 - "POST /v1/libraries/806c13c2-01af-4ef3-9094-6bab514d631e/search/embedding HTTP/1.1" 200 OK
2026-02-09 14:49:28 - app.services.library_service - INFO - Searching corpus 806c13c2-01af-4ef3-9094-6bab514d631e with embedding (k=100)
2026-02-09 14:49:28 - app.services.library_service - INFO - Found 100 results for query
INFO:     127.0.0.1:41536 - "POST /v1/libraries/806c13c2-01af-4ef3-9094-6bab514d631e/search/embedding HTTP/1.1" 200 OK
2026-02-09 14:49:28 - app.services.library_service - INFO - Searching corpus 806c13c2-01af-4ef3-9094-6bab514d631e with embedding (k=100)
2026-02-09 14:49:29 - app.services.library_service - INFO - Found 100 results for query
INFO:     127.0.0.1:41536 - "POST /v1/libraries/806c13c2-01af-4ef3-9094-6bab514d631e/search/embedding HTTP/1.1" 200 OK
2026-02-09 14:49:29 - app.services.library_service - INFO - Searching corpus 806c13c2-01af-4ef3-9094-6bab514d631e with embedding (k=100)
2026-02-09 14:49:29 - app.services.library_service - INFO - Found 100 results for query
INFO:     127.0.0.1:41536 - "POST /v1/libraries/806c13c2-01af-4ef3-9094-6bab514d631e/search/embedding HTTP/1.1" 200 OK
2026-02-09 14:49:29 - app.services.library_service - INFO - Searching corpus 806c13c2-01af-4ef3-9094-6bab514d631e with embedding (k=100)
2026-02-09 14:49:30 - app.services.library_service - INFO - Found 100 results for query
INFO:     127.0.0.1:41536 - "POST /v1/libraries/806c13c2-01af-4ef3-9094-6bab514d631e/search/embedding HTTP/1.1" 200 OK
2026-02-09 14:49:30 - app.services.library_service - INFO - Searching corpus 806c13c2-01af-4ef3-9094-6bab514d631e with embedding (k=100)
2026-02-09 14:49:30 - app.services.library_service - INFO - Found 100 results for query
INFO:     127.0.0.1:41536 - "POST /v1/libraries/806c13c2-01af-4ef3-9094-6bab514d631e/search/embedding HTTP/1.1" 200 OK
2026-02-09 14:49:30 - app.services.library_service - INFO - Searching corpus 806c13c2-01af-4ef3-9094-6bab514d631e with embedding (k=100)
2026-02-09 14:49:30 - app.services.library_service - INFO - Found 100 results for query
INFO:     127.0.0.1:41536 - "POST /v1/libraries/806c13c2-01af-4ef3-9094-6bab514d631e/search/embedding HTTP/1.1" 200 OK
2026-02-09 14:49:31 - app.services.library_service - INFO - Searching corpus 806c13c2-01af-4ef3-9094-6bab514d631e with embedding (k=100)
2026-02-09 14:49:31 - app.services.library_service - INFO - Found 100 results for query
INFO:     127.0.0.1:41536 - "POST /v1/libraries/806c13c2-01af-4ef3-9094-6bab514d631e/search/embedding HTTP/1.1" 200 OK
2026-02-09 14:49:31 - app.services.library_service - INFO - Searching corpus 806c13c2-01af-4ef3-9094-6bab514d631e with embedding (k=100)
2026-02-09 14:49:31 - app.services.library_service - INFO - Found 100 results for query
INFO:     127.0.0.1:41536 - "POST /v1/libraries/806c13c2-01af-4ef3-9094-6bab514d631e/search/embedding HTTP/1.1" 200 OK
2026-02-09 14:49:31 - app.services.library_service - INFO - Searching corpus 806c13c2-01af-4ef3-9094-6bab514d631e with embedding (k=100)
2026-02-09 14:49:32 - app.services.library_service - INFO - Found 100 results for query
INFO:     127.0.0.1:41536 - "POST /v1/libraries/806c13c2-01af-4ef3-9094-6bab514d631e/search/embedding HTTP/1.1" 200 OK
2026-02-09 14:49:32 - app.services.library_service - INFO - Searching corpus 806c13c2-01af-4ef3-9094-6bab514d631e with embedding (k=100)
2026-02-09 14:49:32 - app.services.library_service - INFO - Found 100 results for query
INFO:     127.0.0.1:41536 - "POST /v1/libraries/806c13c2-01af-4ef3-9094-6bab514d631e/search/embedding HTTP/1.1" 200 OK
2026-02-09 14:49:32 - app.services.library_service - INFO - Searching corpus 806c13c2-01af-4ef3-9094-6bab514d631e with embedding (k=100)
2026-02-09 14:49:33 - app.services.library_service - INFO - Found 100 results for query
INFO:     127.0.0.1:41536 - "POST /v1/libraries/806c13c2-01af-4ef3-9094-6bab514d631e/search/embedding HTTP/1.1" 200 OK
2026-02-09 14:49:33 - app.services.library_service - INFO - Searching corpus 806c13c2-01af-4ef3-9094-6bab514d631e with embedding (k=100)
2026-02-09 14:49:33 - app.services.library_service - INFO - Found 100 results for query
INFO:     127.0.0.1:41536 - "POST /v1/libraries/806c13c2-01af-4ef3-9094-6bab514d631e/search/embedding HTTP/1.1" 200 OK
2026-02-09 14:49:33 - app.services.library_service - INFO - Searching corpus 806c13c2-01af-4ef3-9094-6bab514d631e with embedding (k=100)
2026-02-09 14:49:34 - app.services.library_service - INFO - Found 100 results for query
INFO:     127.0.0.1:41536 - "POST /v1/libraries/806c13c2-01af-4ef3-9094-6bab514d631e/search/embedding HTTP/1.1" 200 OK
2026-02-09 14:49:34 - app.services.library_service - INFO - Searching corpus 806c13c2-01af-4ef3-9094-6bab514d631e with embedding (k=100)
2026-02-09 14:49:34 - app.services.library_service - INFO - Found 100 results for query
INFO:     127.0.0.1:41536 - "POST /v1/libraries/806c13c2-01af-4ef3-9094-6bab514d631e/search/embedding HTTP/1.1" 200 OK
2026-02-09 14:49:34 - app.services.library_service - INFO - Searching corpus 806c13c2-01af-4ef3-9094-6bab514d631e with embedding (k=100)
2026-02-09 14:49:35 - app.services.library_service - INFO - Found 100 results for query
INFO:     127.0.0.1:41536 - "POST /v1/libraries/806c13c2-01af-4ef3-9094-6bab514d631e/search/embedding HTTP/1.1" 200 OK
2026-02-09 14:49:35 - app.services.library_service - INFO - Searching corpus 806c13c2-01af-4ef3-9094-6bab514d631e with embedding (k=100)
2026-02-09 14:49:35 - app.services.library_service - INFO - Found 100 results for query
INFO:     127.0.0.1:41536 - "POST /v1/libraries/806c13c2-01af-4ef3-9094-6bab514d631e/search/embedding HTTP/1.1" 200 OK
2026-02-09 14:49:35 - app.services.library_service - INFO - Searching corpus 806c13c2-01af-4ef3-9094-6bab514d631e with embedding (k=100)
2026-02-09 14:49:36 - app.services.library_service - INFO - Found 100 results for query
INFO:     127.0.0.1:41536 - "POST /v1/libraries/806c13c2-01af-4ef3-9094-6bab514d631e/search/embedding HTTP/1.1" 200 OK
2026-02-09 14:49:36 - app.services.library_service - INFO - Searching corpus 806c13c2-01af-4ef3-9094-6bab514d631e with embedding (k=100)
2026-02-09 14:49:36 - app.services.library_service - INFO - Found 100 results for query
INFO:     127.0.0.1:41536 - "POST /v1/libraries/806c13c2-01af-4ef3-9094-6bab514d631e/search/embedding HTTP/1.1" 200 OK
2026-02-09 14:49:36 - app.services.library_service - INFO - Searching corpus 806c13c2-01af-4ef3-9094-6bab514d631e with embedding (k=100)
2026-02-09 14:49:37 - app.services.library_service - INFO - Found 100 results for query
INFO:     127.0.0.1:41536 - "POST /v1/libraries/806c13c2-01af-4ef3-9094-6bab514d631e/search/embedding HTTP/1.1" 200 OK
2026-02-09 14:49:37 - app.services.library_service - INFO - Searching corpus 806c13c2-01af-4ef3-9094-6bab514d631e with embedding (k=100)
2026-02-09 14:49:37 - app.services.library_service - INFO - Found 100 results for query
INFO:     127.0.0.1:41536 - "POST /v1/libraries/806c13c2-01af-4ef3-9094-6bab514d631e/search/embedding HTTP/1.1" 200 OK
2026-02-09 14:49:37 - app.services.library_service - INFO - Searching corpus 806c13c2-01af-4ef3-9094-6bab514d631e with embedding (k=100)
2026-02-09 14:49:38 - app.services.library_service - INFO - Found 100 results for query
INFO:     127.0.0.1:41536 - "POST /v1/libraries/806c13c2-01af-4ef3-9094-6bab514d631e/search/embedding HTTP/1.1" 200 OK
2026-02-09 14:49:38 - app.services.library_service - INFO - Searching corpus 806c13c2-01af-4ef3-9094-6bab514d631e with embedding (k=100)
2026-02-09 14:49:38 - app.services.library_service - INFO - Found 100 results for query
INFO:     127.0.0.1:41536 - "POST /v1/libraries/806c13c2-01af-4ef3-9094-6bab514d631e/search/embedding HTTP/1.1" 200 OK
2026-02-09 14:49:38 - app.services.library_service - INFO - Searching corpus 806c13c2-01af-4ef3-9094-6bab514d631e with embedding (k=100)
2026-02-09 14:49:39 - app.services.library_service - INFO - Found 100 results for query
INFO:     127.0.0.1:41536 - "POST /v1/libraries/806c13c2-01af-4ef3-9094-6bab514d631e/search/embedding HTTP/1.1" 200 OK
2026-02-09 14:49:39 - app.services.library_service - INFO - Searching corpus 806c13c2-01af-4ef3-9094-6bab514d631e with embedding (k=100)
2026-02-09 14:49:39 - app.services.library_service - INFO - Found 100 results for query
INFO:     127.0.0.1:41536 - "POST /v1/libraries/806c13c2-01af-4ef3-9094-6bab514d631e/search/embedding HTTP/1.1" 200 OK
2026-02-09 14:49:39 - app.services.library_service - INFO - Searching corpus 806c13c2-01af-4ef3-9094-6bab514d631e with embedding (k=100)
2026-02-09 14:49:40 - app.services.library_service - INFO - Found 100 results for query
INFO:     127.0.0.1:41536 - "POST /v1/libraries/806c13c2-01af-4ef3-9094-6bab514d631e/search/embedding HTTP/1.1" 200 OK
2026-02-09 14:49:40 - app.services.library_service - INFO - Searching corpus 806c13c2-01af-4ef3-9094-6bab514d631e with embedding (k=100)
2026-02-09 14:49:40 - app.services.library_service - INFO - Found 100 results for query
INFO:     127.0.0.1:41536 - "POST /v1/libraries/806c13c2-01af-4ef3-9094-6bab514d631e/search/embedding HTTP/1.1" 200 OK
2026-02-09 14:49:40 - app.services.library_service - INFO - Searching corpus 806c13c2-01af-4ef3-9094-6bab514d631e with embedding (k=100)
2026-02-09 14:49:41 - app.services.library_service - INFO - Found 100 results for query
INFO:     127.0.0.1:41536 - "POST /v1/libraries/806c13c2-01af-4ef3-9094-6bab514d631e/search/embedding HTTP/1.1" 200 OK
2026-02-09 14:49:41 - app.services.library_service - INFO - Searching corpus 806c13c2-01af-4ef3-9094-6bab514d631e with embedding (k=100)
2026-02-09 14:49:41 - app.services.library_service - INFO - Found 100 results for query
INFO:     127.0.0.1:41536 - "POST /v1/libraries/806c13c2-01af-4ef3-9094-6bab514d631e/search/embedding HTTP/1.1" 200 OK
2026-02-09 14:49:41 - app.services.library_service - INFO - Searching corpus 806c13c2-01af-4ef3-9094-6bab514d631e with embedding (k=100)
2026-02-09 14:49:42 - app.services.library_service - INFO - Found 100 results for query
INFO:     127.0.0.1:41536 - "POST /v1/libraries/806c13c2-01af-4ef3-9094-6bab514d631e/search/embedding HTTP/1.1" 200 OK
2026-02-09 14:49:42 - app.services.library_service - INFO - Searching corpus 806c13c2-01af-4ef3-9094-6bab514d631e with embedding (k=100)
2026-02-09 14:49:42 - app.services.library_service - INFO - Found 100 results for query
INFO:     127.0.0.1:41536 - "POST /v1/libraries/806c13c2-01af-4ef3-9094-6bab514d631e/search/embedding HTTP/1.1" 200 OK
2026-02-09 14:49:42 - app.services.library_service - INFO - Searching corpus 806c13c2-01af-4ef3-9094-6bab514d631e with embedding (k=100)
2026-02-09 14:49:43 - app.services.library_service - INFO - Found 100 results for query
INFO:     127.0.0.1:41536 - "POST /v1/libraries/806c13c2-01af-4ef3-9094-6bab514d631e/search/embedding HTTP/1.1" 200 OK
2026-02-09 14:49:43 - app.services.library_service - INFO - Searching corpus 806c13c2-01af-4ef3-9094-6bab514d631e with embedding (k=100)
2026-02-09 14:49:43 - app.services.library_service - INFO - Found 100 results for query
INFO:     127.0.0.1:41536 - "POST /v1/libraries/806c13c2-01af-4ef3-9094-6bab514d631e/search/embedding HTTP/1.1" 200 OK
2026-02-09 14:49:43 - app.services.library_service - INFO - Searching corpus 806c13c2-01af-4ef3-9094-6bab514d631e with embedding (k=100)
2026-02-09 14:49:44 - app.services.library_service - INFO - Found 100 results for query
INFO:     127.0.0.1:41536 - "POST /v1/libraries/806c13c2-01af-4ef3-9094-6bab514d631e/search/embedding HTTP/1.1" 200 OK
2026-02-09 14:49:44 - app.services.library_service - INFO - Searching corpus 806c13c2-01af-4ef3-9094-6bab514d631e with embedding (k=100)
2026-02-09 14:49:44 - app.services.library_service - INFO - Found 100 results for query
INFO:     127.0.0.1:41536 - "POST /v1/libraries/806c13c2-01af-4ef3-9094-6bab514d631e/search/embedding HTTP/1.1" 200 OK
2026-02-09 14:49:44 - app.services.library_service - INFO - Searching corpus 806c13c2-01af-4ef3-9094-6bab514d631e with embedding (k=100)
2026-02-09 14:49:44 - app.services.library_service - INFO - Found 100 results for query
INFO:     127.0.0.1:41536 - "POST /v1/libraries/806c13c2-01af-4ef3-9094-6bab514d631e/search/embedding HTTP/1.1" 200 OK
2026-02-09 14:49:44 - app.services.library_service - INFO - Searching corpus 806c13c2-01af-4ef3-9094-6bab514d631e with embedding (k=100)
2026-02-09 14:49:45 - app.services.library_service - INFO - Found 100 results for query
INFO:     127.0.0.1:41536 - "POST /v1/libraries/806c13c2-01af-4ef3-9094-6bab514d631e/search/embedding HTTP/1.1" 200 OK
2026-02-09 14:49:45 - app.services.library_service - INFO - Searching corpus 806c13c2-01af-4ef3-9094-6bab514d631e with embedding (k=100)
2026-02-09 14:49:45 - app.services.library_service - INFO - Found 100 results for query
INFO:     127.0.0.1:41536 - "POST /v1/libraries/806c13c2-01af-4ef3-9094-6bab514d631e/search/embedding HTTP/1.1" 200 OK
2026-02-09 14:49:45 - app.services.library_service - INFO - Searching corpus 806c13c2-01af-4ef3-9094-6bab514d631e with embedding (k=100)
2026-02-09 14:49:46 - app.services.library_service - INFO - Found 100 results for query
INFO:     127.0.0.1:41536 - "POST /v1/libraries/806c13c2-01af-4ef3-9094-6bab514d631e/search/embedding HTTP/1.1" 200 OK
2026-02-09 14:49:46 - app.services.library_service - INFO - Searching corpus 806c13c2-01af-4ef3-9094-6bab514d631e with embedding (k=100)
2026-02-09 14:49:46 - app.services.library_service - INFO - Found 100 results for query
INFO:     127.0.0.1:41536 - "POST /v1/libraries/806c13c2-01af-4ef3-9094-6bab514d631e/search/embedding HTTP/1.1" 200 OK
2026-02-09 14:49:46 - app.services.library_service - INFO - Searching corpus 806c13c2-01af-4ef3-9094-6bab514d631e with embedding (k=100)
2026-02-09 14:49:47 - app.services.library_service - INFO - Found 100 results for query
INFO:     127.0.0.1:41536 - "POST /v1/libraries/806c13c2-01af-4ef3-9094-6bab514d631e/search/embedding HTTP/1.1" 200 OK
2026-02-09 14:49:47 - app.services.library_service - INFO - Searching corpus 806c13c2-01af-4ef3-9094-6bab514d631e with embedding (k=100)
2026-02-09 14:49:47 - app.services.library_service - INFO - Found 100 results for query
INFO:     127.0.0.1:41536 - "POST /v1/libraries/806c13c2-01af-4ef3-9094-6bab514d631e/search/embedding HTTP/1.1" 200 OK
2026-02-09 14:49:47 - app.services.library_service - INFO - Searching corpus 806c13c2-01af-4ef3-9094-6bab514d631e with embedding (k=100)
2026-02-09 14:49:48 - app.services.library_service - INFO - Found 100 results for query
INFO:     127.0.0.1:41536 - "POST /v1/libraries/806c13c2-01af-4ef3-9094-6bab514d631e/search/embedding HTTP/1.1" 200 OK
2026-02-09 14:49:48 - app.services.library_service - INFO - Searching corpus 806c13c2-01af-4ef3-9094-6bab514d631e with embedding (k=100)
2026-02-09 14:49:48 - app.services.library_service - INFO - Found 100 results for query
INFO:     127.0.0.1:41536 - "POST /v1/libraries/806c13c2-01af-4ef3-9094-6bab514d631e/search/embedding HTTP/1.1" 200 OK
2026-02-09 14:49:48 - app.services.library_service - INFO - Searching corpus 806c13c2-01af-4ef3-9094-6bab514d631e with embedding (k=100)
2026-02-09 14:49:49 - app.services.library_service - INFO - Found 100 results for query
INFO:     127.0.0.1:41536 - "POST /v1/libraries/806c13c2-01af-4ef3-9094-6bab514d631e/search/embedding HTTP/1.1" 200 OK
2026-02-09 14:49:49 - app.services.library_service - INFO - Searching corpus 806c13c2-01af-4ef3-9094-6bab514d631e with embedding (k=100)
2026-02-09 14:49:49 - app.services.library_service - INFO - Found 100 results for query
INFO:     127.0.0.1:41536 - "POST /v1/libraries/806c13c2-01af-4ef3-9094-6bab514d631e/search/embedding HTTP/1.1" 200 OK
2026-02-09 14:49:49 - app.services.library_service - INFO - Searching corpus 806c13c2-01af-4ef3-9094-6bab514d631e with embedding (k=100)
2026-02-09 14:49:50 - app.services.library_service - INFO - Found 100 results for query
INFO:     127.0.0.1:41536 - "POST /v1/libraries/806c13c2-01af-4ef3-9094-6bab514d631e/search/embedding HTTP/1.1" 200 OK
2026-02-09 14:49:50 - app.services.library_service - INFO - Searching corpus 806c13c2-01af-4ef3-9094-6bab514d631e with embedding (k=100)
2026-02-09 14:49:50 - app.services.library_service - INFO - Found 100 results for query
INFO:     127.0.0.1:41536 - "POST /v1/libraries/806c13c2-01af-4ef3-9094-6bab514d631e/search/embedding HTTP/1.1" 200 OK
2026-02-09 14:49:50 - app.services.library_service - INFO - Searching corpus 806c13c2-01af-4ef3-9094-6bab514d631e with embedding (k=100)
2026-02-09 14:49:51 - app.services.library_service - INFO - Found 100 results for query
INFO:     127.0.0.1:41536 - "POST /v1/libraries/806c13c2-01af-4ef3-9094-6bab514d631e/search/embedding HTTP/1.1" 200 OK
2026-02-09 14:49:51 - app.services.library_service - INFO - Searching corpus 806c13c2-01af-4ef3-9094-6bab514d631e with embedding (k=100)
2026-02-09 14:49:51 - app.services.library_service - INFO - Found 100 results for query
INFO:     127.0.0.1:41536 - "POST /v1/libraries/806c13c2-01af-4ef3-9094-6bab514d631e/search/embedding HTTP/1.1" 200 OK
2026-02-09 14:49:51 - app.services.library_service - INFO - Searching corpus 806c13c2-01af-4ef3-9094-6bab514d631e with embedding (k=100)
2026-02-09 14:49:52 - app.services.library_service - INFO - Found 100 results for query
INFO:     127.0.0.1:41536 - "POST /v1/libraries/806c13c2-01af-4ef3-9094-6bab514d631e/search/embedding HTTP/1.1" 200 OK
2026-02-09 14:49:52 - app.services.library_service - INFO - Searching corpus 806c13c2-01af-4ef3-9094-6bab514d631e with embedding (k=100)
2026-02-09 14:49:52 - app.services.library_service - INFO - Found 100 results for query
INFO:     127.0.0.1:41536 - "POST /v1/libraries/806c13c2-01af-4ef3-9094-6bab514d631e/search/embedding HTTP/1.1" 200 OK
2026-02-09 14:49:52 - app.services.library_service - INFO - Searching corpus 806c13c2-01af-4ef3-9094-6bab514d631e with embedding (k=100)
2026-02-09 14:49:53 - app.services.library_service - INFO - Found 100 results for query
INFO:     127.0.0.1:41536 - "POST /v1/libraries/806c13c2-01af-4ef3-9094-6bab514d631e/search/embedding HTTP/1.1" 200 OK
2026-02-09 14:49:53 - app.services.library_service - INFO - Searching corpus 806c13c2-01af-4ef3-9094-6bab514d631e with embedding (k=100)
2026-02-09 14:49:53 - app.services.library_service - INFO - Found 100 results for query
INFO:     127.0.0.1:41536 - "POST /v1/libraries/806c13c2-01af-4ef3-9094-6bab514d631e/search/embedding HTTP/1.1" 200 OK
2026-02-09 14:49:53 - app.services.library_service - INFO - Searching corpus 806c13c2-01af-4ef3-9094-6bab514d631e with embedding (k=100)
2026-02-09 14:49:54 - app.services.library_service - INFO - Found 100 results for query
INFO:     127.0.0.1:41536 - "POST /v1/libraries/806c13c2-01af-4ef3-9094-6bab514d631e/search/embedding HTTP/1.1" 200 OK
2026-02-09 14:49:54 - app.services.library_service - INFO - Searching corpus 806c13c2-01af-4ef3-9094-6bab514d631e with text query (k=100)
2026-02-09 14:49:54 - app.services.embedding_service - INFO - Changed input_type to search_query
2026-02-09 14:49:54 - httpx - INFO - HTTP Request: POST https://api.cohere.com/v1/embed "HTTP/1.1 401 Unauthorized"
2026-02-09 14:49:54 - app.services.embedding_service - ERROR - Cohere API error: headers: {'cache-control': 'no-cache, no-store, no-transform, must-revalidate, private, max-age=0', 'content-encoding': 'gzip', 'content-type': 'application/json', 'expires': 'Thu, 01 Jan 1970 00:00:00 GMT', 'pragma': 'no-cache', 'vary': 'Origin,Accept-Encoding', 'x-accel-expires': '0', 'date': 'Mon, 09 Feb 2026 14:49:54 GMT', 'x-envoy-upstream-service-time': '6', 'server': 'envoy', 'via': '1.1 google', 'alt-svc': 'h3=":443"; ma=2592000,h3-29=":443"; ma=2592000', 'transfer-encoding': 'chunked'}, status_code: 401, body: {'id': '5ad89c79-79bd-490f-bbae-d47ed9dd367e', 'message': 'invalid api token'}
2026-02-09 14:49:54 - app.services.library_service - ERROR - Failed to generate query embedding: Failed to generate embedding: headers: {'cache-control': 'no-cache, no-store, no-transform, must-revalidate, private, max-age=0', 'content-encoding': 'gzip', 'content-type': 'application/json', 'expires': 'Thu, 01 Jan 1970 00:00:00 GMT', 'pragma': 'no-cache', 'vary': 'Origin,Accept-Encoding', 'x-accel-expires': '0', 'date': 'Mon, 09 Feb 2026 14:49:54 GMT', 'x-envoy-upstream-service-time': '6', 'server': 'envoy', 'via': '1.1 google', 'alt-svc': 'h3=":443"; ma=2592000,h3-29=":443"; ma=2592000', 'transfer-encoding': 'chunked'}, status_code: 401, body: {'id': '5ad89c79-79bd-490f-bbae-d47ed9dd367e', 'message': 'invalid api token'}
2026-02-09 14:49:54 - app.services.embedding_service - INFO - Changed input_type to search_document
INFO:     127.0.0.1:41536 - "POST /v1/temperature-search/corpora/806c13c2-01af-4ef3-9094-6bab514d631e/search HTTP/1.1" 500 Internal Server Error
INFO:     127.0.0.1:41536 - "GET /v1/index-oracle/corpora/806c13c2-01af-4ef3-9094-6bab514d631e/analyze HTTP/1.1" 200 OK
INFO:     127.0.0.1:41536 - "GET /v1/embedding-health/corpora/806c13c2-01af-4ef3-9094-6bab514d631e/analyze HTTP/1.1" 500 Internal Server Error
2026-02-09 15:14:22 - app.services.library_service - INFO - Deleting corpus 806c13c2-01af-4ef3-9094-6bab514d631e
2026-02-09 15:14:22 - urllib3.connectionpool - WARNING - Retrying (Retry(total=2, connect=None, read=None, redirect=None, status=None)) after connection broken by 'SSLEOFError(8, 'EOF occurred in violation of protocol (_ssl.c:2393)')': /api/4510829230030848/envelope/
2026-02-09 15:15:24 - infrastructure.repositories.library_repository - INFO - Saving snapshot with 0 libraries...
2026-02-09 15:15:24 - infrastructure.persistence.snapshot - INFO - Creating snapshot: /home/bledden/arrwDB/data/snapshots/snapshot_20260209_151524_504683.pkl
2026-02-09 15:15:24 - infrastructure.persistence.snapshot - INFO - Created snapshot snapshot_20260209_151524_504683.pkl (0.00 MB)
2026-02-09 15:15:24 - infrastructure.repositories.library_repository - INFO - Snapshot saved successfully (with embeddings)
2026-02-09 15:15:24 - app.services.library_service - INFO - Deleted corpus 806c13c2-01af-4ef3-9094-6bab514d631e
INFO:     127.0.0.1:41536 - "DELETE /v1/libraries/806c13c2-01af-4ef3-9094-6bab514d631e HTTP/1.1" 204 No Content
